ticker,rows,start,end,last_price,min_price,max_price,mean_return,std_return,ann_vol,avg_volume,price_col
A,6409,2000-01-06,2025-07-01,120.4499969482422,6.523694038391113,174.78445434570312,0.0005052310027244542,0.025564615113090078,0.40582568371391836,3281931.835075675,Close
AA,15948,1962-02-16,2025-07-01,30.200000762939453,1.049960017204285,94.61180114746094,0.0004721030489471479,0.023466232771396093,0.37251489672400845,2940154.872397793,Close
AACG,4351,2008-03-17,2025-07-01,0.800000011920929,0.2157927304506302,14.300000190734863,0.003166902544200386,0.1567352022230951,2.4880942006303655,177795.33233739372,Close
AAL,4938,2005-11-11,2025-07-01,11.520000457763672,1.6592252254486084,59.34557342529297,0.0006280248494499534,0.04108687526147654,0.6522339245435931,17119914.35257189,Close
AAME,11383,1980-05-02,2025-07-01,2.369999885559082,0.3860886991024017,13.943317413330078,0.0012544895743472598,0.051565932199549754,0.8185837963393593,23342.394974962663,Close
AAMI,2664,2014-11-25,2025-07-01,35.70000076293945,3.691868305206299,35.70000076293945,0.0006376244441996477,0.02419410382095063,0.3840694914258777,445544.612987988,Close
AAOI,2925,2013-11-12,2025-07-01,25.350000381469727,1.5,99.61000061035156,0.001703146342044645,0.05502664978083659,0.8735209848068428,1233551.5487179486,Close
AAON,8158,1993-02-03,2025-07-01,74.91000366210938,0.0713365003466606,140.34913635253906,0.0012727252565712503,0.030266628734670613,0.48046783593755993,340225.65052708995,Close
AAP,5901,2002-01-17,2025-07-01,49.470001220703125,10.665654182434082,221.37522888183597,0.0004920079661739255,0.02333913931966226,0.37049735072469336,1286349.9696661583,Close
AAPL,11195,1981-01-30,2025-07-01,207.82000732421875,0.0377238728106021,258.39666748046875,0.0010712639046977924,0.027725769724551447,0.4401329495940416,313417307.9702546,Close
AAT,3604,2011-03-03,2025-07-01,19.82999992370605,10.479007720947266,37.68635177612305,0.00028782067484090255,0.01801470262627718,0.2859745385514694,262882.46198668145,Close
AB,9341,1988-06-01,2025-07-01,40.45000076293945,0.1501686871051788,42.00390625,0.0008271948040270799,0.02178408469764146,0.3458116238947619,267238.753666631,Close
ABAT,2319,2016-04-12,2025-07-01,1.6399999856948853,0.375,61.125,0.0036310844586697213,0.10566741881669817,1.6774182712265422,380201.52738249244,Close
ABBV,3110,2013-02-20,2025-07-01,189.9900054931641,22.46853446960449,214.6760711669922,0.000814053557177545,0.016656907352873448,0.2644202068028781,7327376.3884244375,Close
ABCB,7799,1994-07-07,2025-07-01,66.30999755859375,2.716519355773926,71.66533660888672,0.0007817978281245195,0.02782192635418083,0.44165938876749855,134290.70573150404,Close
ABCL,1109,2021-02-01,2025-07-01,3.490000009536743,1.9299999475479128,53.20000076293945,-0.0015514195547632033,0.042629397881195435,0.6767207120044014,2243540.402164112,Close
ABEO,11248,1980-11-06,2025-07-01,5.570000171661377,2.25,4870351.0,0.0010855854264394903,0.06907832896881128,1.0965844766123012,36878.23008534851,Close
ABEV,7093,1997-04-22,2025-07-01,2.4200000762939453,0.0947915539145469,5.8232293128967285,0.0006179918285779309,0.02241124190632187,0.3557674359374207,9108471.172846468,Close
ABG,5825,2002-05-08,2025-07-01,248.9199981689453,2.0,305.8599853515625,0.0009582582617680177,0.03211600458450347,0.5098257674136387,253909.72549356223,Close
ABL,1172,2020-10-29,2025-07-01,5.300000190734863,4.639999866485596,12.470000267028809,-0.0001257232392591727,0.028071820382812387,0.44562633349077346,113240.90358361775,Close
ABM,11383,1980-05-02,2025-07-01,47.52000045776367,0.3191968202590942,57.99248123168945,0.0006196805943785199,0.01901771488206656,0.30189686449608105,192414.00579812,Close
ABNB,1110,2021-01-29,2025-07-01,135.41000366210938,82.48999786376953,216.83999633789065,0.00014835512085494508,0.029729366947657904,0.47193906947331726,5836126.091891892,Close
ABOS,971,2021-08-18,2025-07-01,1.1100000143051147,0.9010000228881836,18.850000381469727,-0.0009802269205861568,0.06315817538746463,1.0026049520149913,393305.859938208,Close
ABR,5309,2004-05-25,2025-07-01,10.890000343322754,0.1701080650091171,14.275425910949709,0.000756213739758609,0.03272383061479025,0.5194747065128213,934179.3330194011,Close
ABSI,957,2021-09-08,2025-07-01,2.5899999141693115,1.149999976158142,18.030000686645508,-0.00018432170842273246,0.060254512173475126,0.9565107274831749,1314430.5747126436,Close
ABT,11383,1980-05-02,2025-07-01,136.25999450683594,0.2041646987199783,139.57347106933594,0.0006987778895113074,0.01599977670669469,0.25398858119086903,7983541.52472986,Close
ABTS,2790,2014-05-29,2025-07-01,3.946700096130371,0.2520000040531158,65.0,0.006406106801519798,0.2775074970163029,4.405294944366818,269091.705734767,Close
ABUS,4479,2007-09-12,2025-07-01,3.180000066757202,0.8700000047683716,30.940000534057617,0.0012613867506907014,0.05511218266491853,0.8748787772480365,847734.5677606609,Close
ABVC,5159,2004-12-29,2025-07-01,2.4200000762939453,0.3439489901065826,7165605.0,0.8218317505991223,57.9976683533406,920.6844425072413,99266.89494088001,Close
AC,2390,2015-12-29,2025-07-01,37.45000076293945,22.76669692993164,58.54136657714844,0.0004262375044255818,0.024644176969190874,0.3912141811580673,12738.072384937239,Close
ACA,1638,2018-12-24,2025-07-01,87.8499984741211,24.09667205810547,111.4404525756836,0.0011070822782722795,0.025051950790911548,0.397687389898679,271247.44078144076,Close
ACAD,5274,2004-07-16,2025-07-01,21.36000061035156,0.6600000262260437,57.0,0.0015675363439527185,0.0551484374427713,0.8754543040042544,1344584.3841486538,Close
ACB,2725,2014-08-29,2025-07-01,4.300000190734863,2.890000104904175,1432.6800537109375,0.0008700302204993895,0.06327534536637802,1.0044649677669566,770384.6304587156,Close
ACCO,4966,2005-10-04,2025-07-01,3.839999914169312,0.4876595735549927,20.168724060058597,0.00035208739380542816,0.038027814575105914,0.6036728416140458,592984.5209424084,Close
ACCS,4355,2008-03-11,2025-07-01,12.170000076293944,0.0886692628264427,32.27000045776367,0.005060226228320948,0.11275675994329268,1.7899580727081716,8119.6321469575205,Close
ACEL,1940,2017-10-11,2025-07-01,12.020000457763672,5.599999904632568,14.550000190734863,0.0003978223780300945,0.024242466983246336,0.38483723282618426,244589.60670103092,Close
ACET,1834,2018-03-15,2025-07-01,0.6111000180244446,0.4469999969005584,110.5999984741211,-0.0005271181059878508,0.060759397063801235,0.964525526646277,431439.5016357688,Close
ACGL,7465,1995-10-31,2025-07-01,91.5,1.2018301486968994,109.22020721435548,0.0006601916688982464,0.01836281978295583,0.29150072709358915,1652812.3711989282,Close
ACGLN,991,2021-07-21,2025-07-01,16.84000015258789,14.59347438812256,21.39564514160156,-0.00014334173245076972,0.010468183511773187,0.16617726150443185,50753.78910191725,Close
ACGLO,1943,2017-10-06,2025-07-01,20.56999969482422,12.370575904846191,22.762550354003903,0.00017877967698977737,0.01024270563368492,0.16259791115502328,29185.105506948017,Close
ACHC,7851,1994-04-21,2025-07-01,23.489999771118164,0.5,89.05999755859375,0.0010962959448502368,0.047996036100660895,0.7619134526353619,351910.7072984333,Close
ACHR,1104,2021-02-08,2025-07-01,9.880000114440918,1.6299999952316284,17.139999389648438,0.0012939553649489656,0.054085077469096236,0.8585739877373479,8668194.689311594,Close
ACHV,7445,1995-11-29,2025-07-01,2.220000028610229,1.9800000190734863,1821600.0,0.00016329418257162307,0.05837540363129812,0.92668080414859,33004.86648757556,Close
ACI,1226,2020-08-13,2025-07-01,21.63999938964844,8.82166576385498,25.537260055541992,0.0008256432096855168,0.019820888844738455,0.31464685588459373,3275603.5089722676,Close
ACIC,4406,2007-12-26,2025-07-01,11.0,0.2888558804988861,22.82706642150879,0.0010331144419430407,0.04197035827167674,0.666258782538836,135880.24443940082,Close
ACIU,2171,2016-11-09,2025-07-01,1.9800000190734863,1.4800000190734863,16.454999923706055,0.0005452769349736814,0.05020803538801715,0.7970278527229425,313964.7549516352,Close
ACIW,7605,1995-04-12,2025-07-01,45.93999862670898,1.6666669845581057,59.20000076293945,0.0008391868863800614,0.03149722489210722,0.5000029443191336,781747.4097304405,Close
ACLS,6248,2000-08-25,2025-07-01,71.98999786376953,0.6800000071525574,200.47999572753903,0.0009727821585716444,0.04451743912104758,0.7066924375184984,305052.79673495516,Close
ACLX,820,2022-03-24,2025-07-01,64.69000244140625,7.210000038146973,106.52999877929688,0.0026114346158004867,0.04171424940774365,0.6621931803636786,526475.8182926829,Close
ACM,4532,2007-06-27,2025-07-01,113.95999908447266,14.445164680480955,116.36296081542967,0.000604913545346365,0.02245878243597149,0.35652211844931586,991012.0392762577,Close
ACMR,1891,2017-12-20,2025-07-01,26.549999237060547,1.5833330154418943,46.65999984741211,0.0028515831368581416,0.053152685809284415,0.843772728999111,929469.1533580116,Close
ACN,5990,2001-09-05,2025-07-01,302.6199951171875,8.324214935302734,396.284912109375,0.0007307924285000635,0.018678731486413292,0.2965156699152085,2884174.534223706,Close
ACNB,7831,1994-05-20,2025-07-01,43.720001220703125,4.138758182525635,49.57888412475586,0.00047245156476571416,0.021982795045613963,0.348966052876784,6334.087345166646,Close
ACNT,11383,1980-05-02,2025-07-01,12.729999542236328,0.8633476495742798,36.66794204711914,0.0007302644904924677,0.033148610025544235,0.526217870610315,22323.068786787313,Close
ACP,3595,2011-03-16,2025-07-01,5.929999828338623,2.458559989929199,6.452319622039795,0.0002549963869283723,0.01251327796328947,0.1986421294625326,157882.04478442282,Close
ACR,4847,2006-03-27,2025-07-01,18.040000915527344,3.180000066757202,42.39263916015625,0.0006098823954726007,0.0374853323082242,0.5950612026010562,69649.1728904477,Close
ACRE,3280,2012-06-14,2025-07-01,4.800000190734863,2.1371891498565674,10.445354461669922,0.00031449753447990766,0.024933855188881297,0.39581268033526407,330742.05853658536,Close
ACRS,2415,2015-11-20,2025-07-01,1.409999966621399,0.6449999809265137,32.9900016784668,0.001049202399820149,0.06939922843649651,1.10167859773639,777859.4997929607,Close
ACT,918,2021-11-02,2025-07-01,37.66999816894531,16.701642990112305,37.66999816894531,0.000876172604659536,0.0158434140181433,0.2515064004614505,263118.8823529412,Close
ACTG,5638,2003-02-04,2025-07-01,3.670000076293945,0.9124299883842468,41.9808235168457,0.0008322718704250001,0.03634690952629783,0.5769893011940912,329518.00603050727,Close
ACU,11383,1980-05-02,2025-07-01,43.5099983215332,0.6344783306121826,49.103851318359375,0.0005544677473356756,0.027007451976704937,0.42873000885528634,6159.466924360889,Close
ACV,2510,2015-07-09,2025-07-01,22.920000076293945,5.135738849639893,25.504642486572266,0.0005869171474205405,0.016482787318471127,0.26165613694706275,43385.85219123506,Close
ACVA,1040,2021-05-11,2025-07-01,16.479999542236328,6.349999904632568,33.5099983215332,-5.0350793592866176e-05,0.03605673631659415,0.5723829442940354,1336098.5615384616,Close
ACXP,975,2021-08-12,2025-07-01,0.4909999966621399,0.3050000071525574,5.800000190734863,8.201292716987844e-05,0.08002557858857468,1.2703666768165434,512999.958974359,Close
ADAG,1070,2021-03-29,2025-07-01,1.850000023841858,0.8999999761581421,20.68000030517578,-0.0006630692253308496,0.054029981226014656,0.857699361993141,47135.634579439255,Close
ADAP,2521,2015-06-23,2025-07-01,0.231900006532669,0.1969999969005584,20.239999771118164,7.088031144792133e-05,0.06960184648156018,1.1048950594866251,825490.3712812376,Close
ADBE,9763,1986-09-30,2025-07-01,392.1000061035156,0.2530721127986908,688.3699951171875,0.001212976851639316,0.030310233943653526,0.48116004717057465,6308439.397213971,Close
ADC,7822,1994-06-03,2025-07-01,72.81999969482422,1.7631146907806396,78.30867004394531,0.0006523723360760201,0.019749904949214594,0.3135200214767134,199721.50818205063,Close
ADCT,1254,2020-07-06,2025-07-01,2.6700000762939453,0.4679999947547912,51.02999877929688,-0.0005916290866451057,0.060917344314237655,0.9670328615158043,447879.33572567784,Close
ADD,4118,2009-02-18,2025-07-01,0.873199999332428,0.6700000166893005,383520.0,0.00044399937420090473,0.08649459255986595,1.3730590899915776,47298.032297231664,Close
ADEA,5408,2004-01-02,2025-07-01,14.18000030517578,1.9071286916732788,17.104459762573242,0.0007276746061330301,0.031227577555831727,0.4957224255582779,1229171.4974112427,Close
ADI,11383,1980-05-02,2025-07-01,240.63999938964844,0.385962575674057,241.6634979248047,0.0009358826755710411,0.02741050750800279,0.43512831705746513,2326196.600808223,Close
ADIL,1708,2018-09-13,2025-07-01,0.3163000047206878,0.2300000041723251,208.25,0.00029880361971441015,0.09299042327624985,1.4761772057975355,696667.2318501171,Close
ADM,11383,1980-05-02,2025-07-01,54.45000076293945,0.6735613942146301,90.1898193359375,0.0005399176502352158,0.01944242158937109,0.3086388744620944,2949057.2328911535,Close
ADMA,2910,2013-12-04,2025-07-01,17.8799991607666,1.090000033378601,24.51000022888184,0.001139600719065561,0.04166395981897392,0.661394857891156,1634240.7907216495,Close
ADN,1586,2019-03-12,2025-07-01,2.059999942779541,1.7200000286102295,562.2000122070312,-0.0005851372555926257,0.08729054752531329,1.3856944833518616,79098.56872635562,Close
ADNT,2155,2016-12-02,2025-07-01,21.040000915527344,6.53000020980835,84.80367279052734,0.000303012779503291,0.03841952428522068,0.609891040488603,1189543.03387471,Close
ADP,11383,1980-05-02,2025-07-01,310.1300048828125,0.443790078163147,325.1851806640625,0.0007080739162441921,0.016397332395441448,0.26029958209920656,2046992.018272863,Close
ADPT,1478,2019-08-14,2025-07-01,11.1899995803833,2.3350000381469727,67.73999786376953,0.00026533376675797816,0.04889200915843841,0.7761365839891223,1191273.354533153,Close
ADSE,1050,2021-04-27,2025-07-01,12.510000228881836,1.9600000381469729,16.18000030517578,0.0009177819903420438,0.037029715207087414,0.5878285053449996,61321.153333333335,Close
ADSK,10046,1985-08-15,2025-07-01,311.6700134277344,0.4813551306724548,342.2699890136719,0.0010337518761857527,0.028599404818127946,0.4540014767593739,2713751.336054151,Close
ADT,1839,2018-03-08,2025-07-01,8.520000457763672,3.321849822998047,12.087307929992676,0.000500686150628775,0.031666835668416264,0.5026954319218756,4072373.7444263184,Close
ADTN,7742,1994-09-27,2025-07-01,9.140000343322754,4.380000114440918,36.377140045166016,0.0005489656588886525,0.031231638137023544,0.4957868852863495,782770.9987083441,Close
ADTX,1224,2020-08-17,2025-07-01,1.2100000381469729,1.2100000381469729,105200000.0,-0.007883758709403962,0.1637775916407273,2.5998886668387327,181847.77124183008,Close
ADUS,3909,2009-12-15,2025-07-01,112.9499969482422,2.880000114440918,135.9199981689453,0.0010772846762648596,0.02852658520477342,0.4528455012343502,89584.55768738808,Close
ADV,1348,2020-02-20,2025-07-01,1.409999966621399,1.090000033378601,13.539999961853027,-0.000862969606591813,0.036148342335573534,0.573837144762932,535464.1201780415,Close
ADVM,2713,2014-09-17,2025-07-01,2.2799999713897705,2.049999952316284,600.7999877929688,-0.0003557159464007892,0.05206353226433491,0.8264829524821062,109321.05676373019,Close
ADX,11383,1980-05-02,2025-07-01,21.549999237060547,0.3692421913146972,21.709999084472656,0.00043092013623709886,0.012175161201887793,0.1932746922739042,94068.87665817447,Close
ADXN,1320,2020-03-31,2025-07-01,9.199999809265137,5.150000095367432,483.7999877929688,0.0008576624600350029,0.08086157355958024,1.2836376855600315,28481.50606060606,Close
AEE,6883,1998-02-20,2025-07-01,96.38999938964844,8.951228141784668,102.16658020019533,0.0004120184877932738,0.013532947118055165,0.21482887548097335,1255480.613685893,Close
AEF,8974,1989-11-10,2025-07-01,5.949999809265137,0.2017920762300491,6.874037265777588,0.0004950403986973478,0.01735929899182443,0.2755703284006903,50850.0178292846,Close
AEFC,1395,2019-12-11,2025-07-01,19.73500061035156,8.422462463378906,21.860334396362305,0.0002125117953685836,0.018528941763181837,0.29413783177546676,61372.75555555556,Close
AEG,10046,1985-08-15,2025-07-01,7.260000228881836,0.3983718454837799,24.355283737182617,0.0005865928675337738,0.02488303674409614,0.39500596253376447,987074.3121640454,Close
AEHL,4379,2008-02-05,2025-07-01,2.7149999141693115,1.9299999475479128,95040.0,-0.0004505511206292428,0.06511963528292622,1.0337421625551002,17371.37748344371,Close
AEHR,6979,1997-10-02,2025-07-01,14.109999656677246,0.5,53.68999862670898,0.001383220134068788,0.05425249193407583,0.8612316099786136,288064.851841238,Close
AEI,1120,2021-01-14,2025-07-01,0.9800000190734864,0.4639999866485595,550.0,-0.0014051048949776188,0.07956898900753057,1.263118541920548,156704.27142857143,Close
AEIS,7419,1996-01-08,2025-07-01,133.58999633789062,3.436686992645264,133.83999633789062,0.0010918192524357723,0.037975185754759076,0.6028373849914511,360897.9068607629,Close
AEM,13169,1973-04-09,2025-07-01,117.95999908447266,1.9508893489837649,124.45999908447266,0.0007653421125298074,0.030909505268144025,0.49067318452529957,969399.4696636039,Close
AEMD,6590,1999-04-21,2025-07-01,1.1799999475479126,1.1799999475479126,540000.0,0.0017168800127745237,0.0980761021738623,1.5569098554636056,15556.174051593323,Close
AENT,1040,2021-05-11,2025-07-01,4.139999866485596,0.7440000176429749,10.5,0.000945864461445396,0.05812972928988707,0.9227808448832907,37002.348076923074,Close
AEO,7823,1994-06-02,2025-07-01,10.1899995803833,0.1516335755586624,33.95453643798828,0.0009946996736524922,0.03406170458810646,0.5407127974264647,4586748.317525246,Close
AEP,15948,1962-02-16,2025-07-01,104.38999938964844,0.5164859890937805,108.30392456054688,0.00038115824306462457,0.013102675730368295,0.20799852895245666,1179856.1460371206,Close
AER,4647,2007-01-11,2025-07-01,115.58000183105467,1.810294270515442,117.23999786376952,0.0008144647415788786,0.031898568749026066,0.5063740805329182,1080643.9466322358,Close
AERT,853,2022-02-04,2025-07-01,1.1699999570846558,0.4850000143051147,10.982000350952148,-0.0008756910155490264,0.053821626627504435,0.8543918352800924,112874.74208675264,Close
AES,8532,1991-08-13,2025-07-01,10.770000457763672,0.6297292709350586,46.81541061401367,0.0006365859765385666,0.030271561351455388,0.4805461388015117,4278151.137365214,Close
AEVA,1310,2020-04-15,2025-07-01,28.65999984741211,2.289999961853028,100.0,0.0011027909906676295,0.05557685001032192,0.882255142677896,368393.3679389313,Close
AEYE,3031,2013-06-13,2025-07-01,11.770000457763672,0.75,43.66999816894531,0.003056729648450518,0.08631021298454346,1.3701321549727195,49483.512042230286,Close
AFB,5861,2002-03-18,2025-07-01,10.369999885559082,3.079134225845337,13.022294998168944,0.00021242333834910565,0.008771934110379142,0.13925013703864692,63852.53728032759,Close
AFBI,2022,2017-06-15,2025-07-01,18.399999618530277,5.77865743637085,20.793920516967773,0.00033043071124022085,0.0193053516708223,0.3064629569618465,7875.722057368942,Close
AFCG,1043,2021-05-06,2025-07-01,4.510000228881836,4.251659393310547,9.973090171813965,-0.00042597232071091095,0.02291318684218968,0.3637355647703477,212438.09012464047,Close
AFG,11383,1980-05-02,2025-07-01,126.62999725341795,1.0164508819580078,144.93519592285156,0.0006197791686232539,0.020100075936991597,0.3190788135767601,304497.8351928314,Close
AFGB,1286,2020-05-19,2025-07-01,21.32999992370605,17.900920867919922,24.02442741394043,0.00011807713795335584,0.009099985597893222,0.1444577929577693,10461.964230171074,Close
AFGC,1336,2020-03-09,2025-07-01,19.15999984741211,10.894108772277832,22.178091049194336,0.00013876694905620878,0.016279476203224827,0.2584286730487613,10749.420658682635,Close
AFGD,1242,2020-07-22,2025-07-01,20.81999969482422,17.128250122070312,24.389694213867188,7.11167790103191e-05,0.009812050576936092,0.15576147406896443,10390.11996779388,Close
AFGE,1168,2020-11-04,2025-07-01,17.1200008392334,14.85876750946045,22.398866653442383,-0.00012834013400475698,0.010940277621068202,0.17367152315611079,11398.803938356165,Close
AFL,11383,1980-05-02,2025-07-01,105.77999877929688,0.0425464361906051,113.47652435302734,0.0009310954804033892,0.022543440021425873,0.35786601595556083,3534093.331634894,Close
AFRI,1072,2021-03-25,2025-07-01,7.789999961853027,5.980000019073486,12.100000381469728,-2.0462750758171747e-06,0.02078811281147378,0.33000106035309223,34145.1427238806,Close
AFRM,1088,2021-03-03,2025-07-01,67.0999984741211,8.90999984741211,168.52000427246094,0.0016804778884156454,0.06369757969028125,1.0111677298632171,11782233.94577206,Close
AFYA,1463,2019-09-05,2025-07-01,18.040000915527344,8.904192924499512,29.81226348876953,0.0002476665417976849,0.02982009827584217,0.47337938465630613,211712.46684894053,Close
AG,4643,2007-01-18,2025-07-01,8.359999656677246,0.7016527652740479,25.30890846252441,0.0009739838570621942,0.04131798252837069,0.6559026386698836,3578556.6009045877,Close
AGAE,1897,2017-12-12,2025-07-01,2.0199999809265137,0.6700000166893005,10.8100004196167,0.0006635484309672913,0.0560374761091538,0.889567355307266,571378.1418028466,Close
AGCO,8327,1992-06-04,2025-07-01,108.01000213623048,1.2876489162445068,133.7438201904297,0.0007972191059045407,0.027994309762646007,0.44439589054121365,891350.9526840398,Close
AGD,4729,2006-09-13,2025-07-01,11.100000381469728,1.8198031187057493,11.100000381469728,0.0002745165671829262,0.01689412089174811,0.26818585499175757,58956.970606893636,Close
AGEN,6354,2000-03-27,2025-07-01,4.840000152587891,1.5099999904632568,3562.31591796875,0.00033158538087909456,0.05286463464881289,0.8392000585862838,93140.77305634246,Close
AGFY,1078,2021-03-17,2025-07-01,22.76000022888184,2.822000026702881,99180.0,-0.0014806775527095996,0.10623716233661094,1.686462669215221,76135.68089053803,Close
AGI,5544,2003-06-19,2025-07-01,26.57999992370605,0.6669870018959045,30.32999992370605,0.0013038471729636299,0.03652910886284998,0.5798816259954389,1275139.6311327561,Close
AGIO,2970,2013-09-10,2025-07-01,34.369998931884766,16.059999465942383,135.00999450683594,0.000846286413061651,0.039249121806472144,0.6230604928656449,611142.4787878788,Close
AGL,1025,2021-06-02,2025-07-01,2.380000114440918,1.5700000524520874,43.25,-0.0015763452158519707,0.04701614913195989,0.7463582292425471,3230995.1824390246,Close
AGM,7866,1994-03-30,2025-07-01,195.52999877929688,0.8322190046310425,211.595458984375,0.0013062050060989633,0.0367506007542195,0.5833977007673254,63700.15636918383,Close
AGMH,1778,2018-06-05,2025-07-01,2.380000114440918,1.399999976158142,2120.0,8.38812731686232e-05,0.08587403014120389,1.3632079669949422,79037.47581552307,Close
AGNC,4276,2008-07-02,2025-07-01,9.34000015258789,1.2029519081115725,10.72456169128418,0.0005842995548362548,0.016807100124542527,0.26680444313821344,6723208.9389616465,Close
AGNCM,1557,2019-04-23,2025-07-01,24.549999237060547,7.594232559204102,25.350000381469727,0.00044744541751239833,0.01804584621847391,0.286468927750784,30593.687861271676,Close
AGNCN,1946,2017-10-03,2025-07-01,25.15999984741211,7.807112693786621,25.836181640625,0.00041237025297571325,0.015364830242754842,0.24390911855432099,40518.11716341213,Close
AGNCO,1414,2019-11-13,2025-07-01,25.07999992370605,7.15265703201294,25.84000015258789,0.00048122150695771126,0.02114325210038867,0.3356387217886349,52524.11386138614,Close
AGNCP,1325,2020-03-24,2025-07-01,24.780000686645508,11.067920684814451,25.399999618530277,0.0007353532472488984,0.011554961497820891,0.18342932719296293,65967.62867924529,Close
AGO,5298,2004-06-10,2025-07-01,86.63999938964844,2.2484242916107178,95.09608459472656,0.0008274857863456838,0.030605586708445154,0.4858486269586187,1139550.4320498302,Close
AGRI,967,2021-08-24,2025-07-01,0.7599999904632568,0.7599999904632568,24550.0,-0.006293976120459392,0.0888004517682632,1.409663470134062,141838.30816959668,Close
AGRO,3594,2011-03-17,2025-07-01,9.199999809265137,3.2195816040039062,12.225339889526367,0.00021620510210629311,0.023247698920319325,0.36904577938601835,501527.30523094046,Close
AGS,1833,2018-03-15,2025-06-30,12.489999771118164,1.0499999523162842,32.040000915527344,0.0008812452326670874,0.047507587370864884,0.7541595694318881,394016.1172940535,Close
AGX,7464,1995-11-01,2025-07-01,203.77999877929688,1.2122608423233032,243.1100006103516,0.0012739161984506766,0.04226676554665043,0.6709641021570603,64053.12593783494,Close
AGYS,11383,1980-05-02,2025-07-01,115.19000244140624,1.1802948713302612,141.74000549316406,0.0009080628796882831,0.03229310907678451,0.5126372140695267,119044.0168672582,Close
AHCO,1748,2018-07-18,2025-07-01,9.399999618530272,6.489999771118164,40.150001525878906,0.0006062570306581364,0.035310839650151436,0.5605422017950782,840857.8621281465,Close
AHG,1890,2017-12-21,2025-07-01,1.2300000190734863,0.2509999871253967,35.73660659790039,0.00265462172312164,0.11304396681447675,1.7945173404440635,249099.84603174604,Close
AHH,3023,2013-06-25,2025-07-01,7.039999961853027,4.375710487365723,13.684765815734863,0.00029362784196639626,0.019911077352574684,0.3160785540616977,322719.01521667215,Close
AHT,5464,2003-10-13,2025-07-01,5.989999771118164,5.5,8337.4619140625,0.00010658629679150054,0.05724533005992266,0.9087414423501936,21929.263543191802,Close
AI,1111,2021-01-28,2025-07-01,24.56999969482422,10.260000228881836,168.9199981689453,-0.00036379164152856077,0.05076367660352531,0.8058483835694158,7388137.766876687,Close
AIFF,7822,1994-06-03,2025-07-01,3.0199999809265137,1.2000000476837158,956.25,0.004704679746990546,0.10972465361540369,1.7418248769543745,83344.01943237023,Close
AIFU,4410,2007-12-19,2025-07-01,6.199999809265137,2.200000047683716,657.7838134765625,3.0547088312025184e-05,0.042331921730568496,0.6719984245112114,18854.879591836736,Close
AIG,13203,1973-02-20,2025-07-01,85.87000274658203,4.448855876922607,1237.690673828125,0.0005112357027329495,0.026787014526525894,0.42523067281837273,2758538.6729531167,Close
AIHS,1799,2018-05-04,2025-07-01,0.2899999916553497,0.209999993443489,80.5999984741211,-0.0002555002749581799,0.08006828117253312,1.2710445593215067,160678.14508060034,Close
AIM,7256,1996-08-28,2025-07-01,8.996899604797363,3.0,943800.0,0.0005599128674266649,0.06501421385256244,1.0320686492295046,2633.861080485116,Close
AIMD,1091,2021-02-26,2025-07-01,2.6700000762939453,2.130000114440918,783.75,0.006486854567066896,0.1597883021173209,2.53656065891812,55103.89275893675,Close
AIN,9477,1987-11-16,2025-07-01,70.55000305175781,3.7941277027130127,110.27713012695312,0.0005012387677732328,0.022401256124237667,0.355608916561173,125000.62656958953,Close
AIO,1392,2019-12-16,2025-07-01,24.63999938964844,6.156039237976074,24.81999969482422,0.0007673567069763472,0.017848721778381905,0.28333967427588624,110459.90229885057,Close
AIOT,6508,1999-08-17,2025-07-01,4.329999923706055,1.7400000095367432,25.3799991607666,0.0006311817109836542,0.03785607131336722,0.6009465018545758,133953.6705593116,Close
AIP,889,2021-12-14,2025-07-01,9.015000343322754,3.359999895095825,24.700000762939453,-5.613924795258046e-05,0.04777608960652216,0.7584219102839722,165727.39145106863,Close
AIR,11383,1980-05-02,2025-07-01,69.47000122070312,0.997148096561432,75.54000091552734,0.0007046282093572756,0.02775943308966845,0.4406673389484005,189876.98515329877,Close
AIRG,2200,2016-09-29,2025-07-01,4.139999866485596,1.6749999523162842,28.0,0.00019133549031804728,0.04030537237014766,0.6398279507475882,79122.79272727272,Close
AIRI,6187,2000-11-21,2025-07-01,3.3499999046325684,2.650000095367432,6630.58203125,0.004727548028567694,0.13011313113419454,2.0654819237100854,19553.35623080653,Close
AIRJ,823,2022-03-21,2025-07-01,4.78000020980835,3.839999914169312,29.270000457763672,0.0009389948701403428,0.07520743418857957,1.19388100563743,87620.95139732685,Close
AIRS,887,2021-12-16,2025-07-01,5.25,1.590000033378601,17.24420738220215,0.0005116064238778428,0.05386605391263959,0.8550970965674528,197267.81059751974,Close
AIRT,10345,1984-06-11,2025-07-01,21.1299991607666,0.125732809305191,40.5,0.0017824208621652416,0.06193791855499656,0.9832339753289638,50501.86940550991,Close
AIRTP,1488,2019-07-31,2025-07-01,17.227500915527344,11.382928848266602,18.810474395751957,0.00031831264489458333,0.01849196917728142,0.2935509101697499,1912.7426075268818,Close
AISP,1008,2021-06-25,2025-07-01,5.539999961853027,1.399999976158142,13.470000267028809,0.002069247203791357,0.0864740732621771,1.3727333562390032,891970.1329365079,Close
AIT,11383,1980-05-02,2025-07-01,242.13999938964844,0.857344925403595,279.437744140625,0.000693610437952471,0.020037422389596424,0.31808421934577835,156519.75577615743,Close
AIV,7755,1994-09-08,2025-07-01,8.760000228881836,0.2799317836761474,9.119999885559082,0.00067487296859393,0.021873679566782465,0.34723389834972873,6676131.063056093,Close
AIZ,5352,2004-03-24,2025-07-01,197.66000366210935,9.202000617980955,226.12437438964844,0.0006648687912683978,0.019966763519669178,0.31696254455928824,751125.7001121077,Close
AIZN,1120,2021-01-14,2025-07-01,20.8799991607666,15.741122245788574,22.29517936706543,9.16106381765278e-05,0.012101865378353378,0.19211115714663377,20381.65625,Close
AJG,10305,1984-08-07,2025-07-01,319.489990234375,0.7381841540336609,348.0790405273437,0.000714732966121588,0.015846491523610506,0.2515552543461985,502952.1146045609,Close
AKA,914,2021-11-08,2025-07-01,10.6899995803833,3.8519999980926514,182.27999877929688,-0.0003888144885142879,0.06996109921017311,1.1105980197530125,15894.288840262581,Close
AKAM,6423,1999-12-16,2025-07-01,79.61000061035156,0.6700000166893005,327.625,0.0005889855852011975,0.039330683734015257,0.6243552483260258,2731020.1578701544,Close
AKBA,2805,2014-05-07,2025-07-01,3.569999933242798,0.25,29.170000076293945,0.000915125123558847,0.05326729576515647,0.8455921056451683,2129972.492691622,Close
AKR,8046,1993-07-15,2025-07-01,18.6200008392334,1.3720065355300903,26.723255157470703,0.00039889430879989636,0.019695742278593352,0.3126602157358719,319018.63049962715,Close
AKRO,1483,2019-08-07,2025-07-01,51.40999984741211,8.0,57.560001373291016,0.0022051171870607683,0.06410561064400823,1.0176450204478857,642318.5812542144,Close
AKTX,2856,2014-02-24,2025-07-01,1.1649999618530271,0.8700000047683716,1420.0,0.00043389202197570556,0.09242657196693352,1.4672263437523205,14206.176820728291,Close
AKYA,1024,2021-06-03,2025-07-01,1.3200000524520874,0.9459999799728394,21.0,-0.0014394212619610004,0.04968541460478483,0.7887315049883834,223011.048828125,Close
AL,3538,2011-06-07,2025-07-01,58.52000045776367,9.697288513183594,58.709999084472656,0.0006059955081899003,0.02580867275712286,0.40969997870396874,765195.4429055963,Close
ALAR,1693,2018-10-04,2025-07-01,13.15999984741211,1.5299999713897705,2070.0,-0.0007936713261908722,0.06674696880330071,1.059575281325521,115592.34613112817,Close
ALB,7859,1994-04-11,2025-07-01,62.900001525878906,3.7229137420654297,313.31884765625,0.0006387416785173375,0.024537054995610458,0.389513672545802,906203.9527929762,Close
ALBT,1793,2018-05-14,2025-07-01,2.819999933242798,2.240000009536743,1882.5,0.0013928406582518135,0.11012602145093968,1.7481963938169054,76182.17010596766,Close
ALC,1533,2019-05-28,2025-07-01,89.0199966430664,39.43200302124024,100.76000213623048,0.00042608368087840585,0.0174250278061831,0.2766137409812753,998685.7801696021,Close
ALCO,13119,1973-06-20,2025-07-01,33.61000061035156,0.8259598612785339,50.1958236694336,0.0005067065393547391,0.024317254114599687,0.38602444173115763,11359.407805472978,Close
ALDX,2775,2014-06-19,2025-07-01,3.930000066757202,1.4199999570846558,14.850000381469728,0.0015763199082067644,0.05697879920142979,0.9045103961404136,560502.9971171172,Close
ALE,13119,1973-06-20,2025-07-01,64.68000030517578,1.207361936569214,69.11402130126953,0.0003798920660797479,0.014430629259780902,0.2290791377013142,113925.42487994512,Close
ALEC,1575,2019-03-27,2025-07-01,1.4199999570846558,0.9039999842643738,39.4900016784668,-0.00037358932824331563,0.05084332442799968,0.8071127535855749,670441.1073015874,Close
ALEX,3247,2012-08-01,2025-07-01,18.020000457763672,7.128387928009033,23.586328506469727,0.00024043616017987624,0.019738818986730435,0.3133440372780521,281249.2242069603,Close
ALG,8094,1993-05-06,2025-07-01,222.47000122070312,5.314941883087158,226.60557556152344,0.0006727497587747248,0.023433236204833195,0.37199109246854195,32233.55868544601,Close
ALGM,1139,2020-12-16,2025-07-01,34.400001525878906,16.530000686645508,52.720001220703125,0.0006864118778555346,0.0313142266639079,0.4970979375060486,1409353.6347673398,Close
ALGN,6108,2001-03-19,2025-07-01,194.27999877929688,1.2999999523162842,729.9199829101562,0.0012000462847014223,0.03718853674493776,0.5903497190969567,822465.3051735429,Close
ALGS,1148,2020-12-03,2025-07-01,7.389999866485596,3.990000009536743,873.5,-0.001404776372013078,0.06512511869998014,1.0338292091022572,53662.69076655052,Close
ALGT,4635,2007-01-30,2025-07-01,58.369998931884766,13.874876022338867,259.8152770996094,0.0006265193577031713,0.030129249225649343,0.4782870038409213,216575.9309600863,Close
ALHC,1038,2021-05-13,2025-07-01,14.210000038146973,4.46999979019165,27.270000457763672,0.0004419425594557483,0.040859481674173886,0.648624163253191,1081803.394026975,Close
ALIT,1212,2020-09-02,2025-07-01,5.789999961853027,4.655641078948975,12.774858474731444,-0.00012579621454428404,0.025582442977453088,0.4061086922869898,3873556.675742574,Close
ALK,11383,1980-05-02,2025-07-01,50.209999084472656,0.6778605580329895,94.47142791748048,0.0007415535184164963,0.02708039251868885,0.42988790406278854,1263991.5419485196,Close
ALKS,8519,1991-08-30,2025-07-01,28.98500061035156,1.0,98.0625,0.0009438118659221281,0.03912093056826121,0.6210255200462634,986972.0692569551,Close
ALKT,1026,2021-06-01,2025-07-01,29.549999237060547,10.0,42.220001220703125,0.00033304374818170614,0.029891888398736036,0.4745190175269138,464460.8343079922,Close
ALL,8042,1993-07-21,2025-07-01,200.13999938964844,5.530667304992676,211.6179962158203,0.0005937237802332349,0.01899593250255382,0.3015510799411575,2642219.3877144987,Close
ALLE,2888,2014-01-07,2025-07-01,147.64999389648438,38.84130859375,152.20114135742188,0.0005980856126580393,0.016365052769144912,0.25978715891763815,736443.5076177286,Close
ALLO,1655,2018-11-28,2025-07-01,1.1799999475479126,0.949999988079071,54.040000915527344,-0.0007691069997801241,0.04790675713363924,0.7604961929710737,1709353.3776435046,Close
ALLR,851,2022-02-08,2025-07-01,1.0399999618530271,0.7020000219345093,6837600.0,-0.01485474295253442,0.08117433877887868,1.2886026794941172,346613.5017626322,Close
ALLT,4650,2007-01-08,2025-07-01,8.380000114440918,1.2899999618530271,28.030000686645508,0.00044481845825648114,0.03180949879541954,0.5049601388537326,194621.43075268817,Close
ALLY,2841,2014-03-17,2025-07-01,40.209999084472656,9.863853454589844,49.04722213745117,0.0005125411771331668,0.024000570382901584,0.38099724334115914,4098047.278775079,Close
ALNT,11232,1980-12-08,2025-07-01,36.709999084472656,0.4993396401405334,44.41767883300781,0.0015601145995590392,0.050157925674506,0.7962323856816272,31078.98068019943,Close
ALNY,5272,2004-07-20,2025-07-01,322.0599975585937,3.950000047683716,326.0899963378906,0.0013781868122978676,0.03639169462042592,0.5777002425231246,620800.470599393,Close
ALOT,10993,1981-11-17,2025-07-01,11.81999969482422,0.3063664138317108,25.945512771606445,0.0008459084578430084,0.03371794882292297,0.5352558438279433,12034.900209224052,Close
ALRM,2485,2015-08-13,2025-07-01,57.04999923706055,11.449999809265137,107.69000244140624,0.0007927396846049501,0.02456102961097372,0.38989425776597975,352773.9665995976,Close
ALRS,5574,2003-05-07,2025-07-01,22.170000076293945,2.4641153812408447,32.26809310913086,0.0006694190515481626,0.02579189073962336,0.4094335724351591,12084.415679942591,Close
ALSN,3310,2012-05-02,2025-07-01,96.6999969482422,13.023566246032717,119.72537231445312,0.0006873673936739541,0.017906132910687433,0.28425104774728854,1040234.7087613293,Close
ALT,2002,2017-07-14,2025-07-01,4.230000019073486,1.5299999713897705,87.30000305175781,0.0018928556018518563,0.09669856490313751,1.535042129223243,1948182.2807192807,Close
ALTG,1522,2019-06-12,2025-07-01,6.71999979019165,3.4856858253479004,18.682064056396484,0.0004119070404729909,0.03496495643500289,0.5550514759753512,182879.11695137975,Close
ALTI,1017,2021-06-14,2025-07-01,4.03000020980835,2.5199999809265137,15.399999618530272,0.00022862714976458584,0.048236777795216575,0.7657351085593536,107466.36578171092,Close
ALTO,5067,2005-05-11,2025-07-01,1.159999966621399,0.2300000041723251,4450.9501953125,0.0007109737674971988,0.06537195435459534,1.0377476036431512,801547.2413656997,Close
ALTS,8438,1991-12-26,2025-07-01,7.565000057220459,0.3000000119209289,385.0,0.0023449015297195143,0.0768933007345765,1.2206433073835377,79582.69435885281,Close
ALUR,1037,2021-05-14,2025-07-01,2.450000047683716,2.180000066757202,267.25,-0.001710196192880083,0.08514014385754319,1.3515578834119366,197872.8457087753,Close
ALV,7056,1997-06-13,2025-07-01,114.61000061035156,5.754574298858643,126.41651916503906,0.0005174745988847919,0.021466107919536986,0.34076389902941384,708620.4002267574,Close
ALX,13169,1973-04-09,2025-07-01,227.75999450683597,0.6914315223693848,255.4658050537109,0.0006611509790912115,0.02428118493790931,0.3854518613020521,8262.274963930442,Close
ALXO,1212,2020-09-02,2025-07-01,0.4332999885082245,0.4059999883174896,112.26000213623048,-0.0019987913810424183,0.05962904208080489,0.9465816975768911,506905.649339934,Close
ALZN,983,2021-08-02,2025-07-01,2.9200000762939453,2.900000095367432,6034.5,-0.005027513358276604,0.08603949981405776,1.3658347166183096,118407.96642929807,Close
AM,2018,2017-06-21,2025-07-01,18.18000030517578,1.1533091068267822,18.989999771118164,0.0006534974880120321,0.026463420773914153,0.4200937812470238,3323079.483151635,Close
AMAL,1699,2018-09-26,2025-07-01,32.130001068115234,7.3282365798950195,37.79875183105469,0.000724663761282038,0.0259948315424732,0.4126551578064099,109857.46615656269,Close
AMAT,11383,1980-05-02,2025-07-01,183.75999450683597,0.0653961896896362,252.5835876464844,0.0011450059148248864,0.030172702839570523,0.4789768085769361,17620925.237020116,Close
AMBA,3165,2012-11-29,2025-07-01,64.44000244140625,8.630000114440918,216.83999633789065,0.0012787053061441513,0.03579415530159699,0.5682145999058988,983052.8761453397,Close
AMBC,3028,2013-06-18,2025-07-01,7.090000152587891,6.53000020980835,34.68000030517578,-1.3651507597162418e-05,0.02814678573188258,0.4468163715142947,456405.607992074,Close
AMBI,1173,2020-10-28,2025-07-01,4.864999771118164,3.130000114440918,27.06999969482422,0.0014804012873191846,0.07737451900922208,1.2282824106698484,53768.07416879795,Close
AMBO,1742,2018-07-26,2025-07-01,2.3350000381469727,1.0299999713897705,68.80000305175781,0.0016019800351023213,0.09880567442276367,1.5684914558678884,68470.5539609644,Close
AMBP,947,2021-09-22,2025-07-01,4.369999885559082,2.162734031677246,7.532326698303223,-0.00015568543924039687,0.02813531756802489,0.44663432005692283,1511559.1224920803,Close
AMBR,1857,2018-02-09,2025-07-01,9.510000228881836,1.1799999475479126,183.0,0.0005817020560058625,0.055745386576355305,0.8849305777211669,48652.17393645665,Close
AMC,2867,2014-02-06,2025-07-01,2.819999933242798,2.470000028610229,625.5,0.0009527047407750361,0.08283479951783534,1.3149616765565124,5051848.706662016,Close
AMCR,3268,2012-07-02,2025-07-01,9.470000267028809,4.523913860321045,11.817753791809082,0.00034741235233390073,0.015609859358881841,0.247798835185773,4590103.818849449,Close
AMCX,3498,2011-08-03,2025-07-01,6.139999866485596,5.550000190734863,86.2699966430664,-7.771799434416163e-05,0.029465738518378262,0.4677540978989142,682430.7898799314,Close
AMD,11383,1980-05-02,2025-07-01,136.11000061035156,1.6200000047683716,211.3800048828125,0.0010451628777645397,0.03720093586129124,0.5905465489670463,19976621.37125538,Close
AME,10285,1984-09-05,2025-07-01,183.05999755859372,0.8188835978507996,196.40280151367188,0.0006678287334808301,0.01793597819467082,0.2847248269426574,870456.9651920273,Close
AMED,7737,1994-10-04,2025-07-01,96.37999725341795,0.7734379768371582,314.1600036621094,0.0012327229761332486,0.04118399363294301,0.6537756308954084,330354.3642238594,Close
AMG,6910,1998-01-12,2025-07-01,198.72000122070312,8.834885597229004,220.7704162597656,0.000681157977681815,0.025768020473626085,0.4090546437098126,432571.8345875543,Close
AMGN,10560,1983-08-04,2025-07-01,290.5199890136719,0.0522226132452487,329.1125183105469,0.0009904111145039754,0.02370811579876136,0.37635467074466405,7762864.865340909,Close
AMH,2964,2013-09-18,2025-07-01,35.7400016784668,11.410186767578123,40.15321731567383,0.00043285957496059407,0.014250296426495996,0.226216442720765,2016528.9338731444,Close
AMKR,6801,1998-06-18,2025-07-01,21.479999542236328,1.124509572982788,60.50095748901367,0.0010156246890550072,0.04188282529406653,0.6648692395971942,1668034.767387149,Close
AMLX,839,2022-02-25,2025-07-01,6.409999847412109,1.6200000047683716,40.93000030517578,0.0006792849276335933,0.06111238866061342,0.9701290945266408,1341865.9046483908,Close
AMN,5912,2002-01-02,2025-07-01,21.989999771118164,3.660000085830689,127.04000091552734,0.0003719998605304124,0.02840304395527956,0.45088434469743655,435570.09303112316,Close
AMP,4946,2005-11-01,2025-07-01,538.5999755859375,8.668802261352539,571.6554565429688,0.0009404936845606075,0.025373932043527548,0.402798683826161,1383856.7157298827,Close
AMPG,1091,2021-02-26,2025-07-01,2.190000057220459,0.6710000038146973,12.43000030517578,0.0007269306985787083,0.06583057763377595,1.0450280224962123,638741.306141155,Close
AMPGW,1063,2021-04-07,2025-06-30,0.5249999761581421,0.0120000001043081,4.0,0.011317934671627559,0.18586154366683946,2.950460536998175,6946.848541862653,Close
AMPH,2738,2014-08-12,2025-07-01,23.34000015258789,9.93000030517578,65.0,0.0006555167984014969,0.026118435092456184,0.4146173033329282,303234.48246895545,Close
AMPL,910,2021-11-12,2025-07-01,12.4399995803833,7.710000038146973,73.86000061035156,-0.0009803317599310548,0.04161803235900641,0.6606657820666185,751749.4725274725,Close
AMPY,3285,2012-06-07,2025-07-01,3.2799999713897705,0.0416547805070877,112.71783447265624,0.04855121977691667,2.806123619145375,44.54583146617914,386958.3159817352,Close
AMR,1071,2021-03-26,2025-07-01,104.98999786376952,11.477123260498049,442.2099914550781,0.0027522832971852485,0.03802394018553431,0.6036113375863138,312753.98039215687,Close
AMRC,3726,2010-09-08,2025-07-01,15.920000076293944,3.930000066757202,97.5,0.0006742547598624753,0.035003344735120456,0.5556608713475447,223548.84057971014,Close
AMRK,2808,2014-05-02,2025-07-01,22.46999931335449,3.0279054641723637,45.95367431640625,0.0009801718830442245,0.027914096292594986,0.44312254117989847,126773.52172364673,Close
AMRN,8085,1993-05-19,2025-07-01,16.809999465942383,8.0,27500.0,0.001231746546280516,0.07016884402785539,1.1138958664955112,95937.5758812616,Close
AMRX,1765,2018-06-22,2025-07-01,8.210000038146973,1.2699999809265137,24.270000457763672,0.00048053361078528216,0.04251400751202916,0.6748889466813661,1342351.701983003,Close
AMS,10296,1984-08-20,2025-07-01,2.470000028610229,0.1489985883235931,9.337244033813477,0.0013182314471602906,0.05290855389382281,0.8398972549866796,23640.477758352758,Close
AMSC,8414,1992-01-30,2025-07-01,35.97999954223633,2.970000028610229,692.5,0.0009567903896774693,0.047914596514209415,0.7606206392796026,152502.3787734728,Close
AMSF,4900,2006-01-09,2025-07-01,43.720001220703125,3.729704141616821,55.33131408691406,0.000692143707783943,0.02106952023468648,0.33446826470654206,98554.02306122449,Close
AMST,1163,2020-11-11,2025-07-01,2.680000066757202,1.7699999809265137,102.0,0.00036510936149653785,0.07860327132362468,1.2477882489506746,229218.51762682718,Close
AMT,6845,1998-04-16,2025-07-01,224.47000122070312,0.5288087129592896,269.725341796875,0.0007871316347930702,0.028441986609374133,0.4515025401661989,2314190.0208911616,Close
AMTB,1650,2018-12-06,2025-07-01,18.899999618530277,8.79850959777832,33.95745086669922,0.0006385571955760672,0.030664545190913887,0.48678456385235885,92393.3,Close
AMTD,1452,2019-09-20,2025-07-01,0.9800999760627748,0.9700000286102296,54.119998931884766,-0.0006739667518428687,0.08267996900891432,1.3125038184246887,152229.67630853996,Close
AMTX,4750,2006-08-14,2025-07-01,2.5,0.125,50.0,0.003513945413049038,0.09822360028927671,1.5592513154570289,383275.1431578947,Close
AMWD,9781,1986-09-04,2025-07-01,55.52000045776367,0.8930483460426331,140.0500030517578,0.0009199462777657885,0.037013570687468196,0.5875722190413053,81881.58889684081,Close
AMWL,1169,2020-11-03,2025-07-01,8.399999618530273,5.0,856.0,-0.002244967114048466,0.05043590497584996,0.8006451702875049,108710.91958939264,Close
AMX,6099,2001-03-30,2025-07-01,17.979999542236328,1.2698211669921875,23.43349266052246,0.0006197268534180486,0.020841092128765167,0.3308420809421902,6020053.955402525,Close
AMZE,856,2022-02-01,2025-07-01,7.730000019073486,5.197999954223633,117.3000030517578,0.0006682308213908101,0.09634832380787547,1.5294822242013735,19094.43341121495,Close
AMZN,7043,1997-07-02,2025-07-01,220.4600067138672,0.079426996409893,242.05999755859372,0.001734512212343149,0.03501775911893429,0.5558896925967866,134970806.23427516,Close
AN,8816,1990-06-28,2025-07-01,204.0,1.0397465229034424,204.0,0.0008480711086886648,0.030826732115942897,0.4893592014695571,1116836.3430127043,Close
ANAB,2086,2017-03-15,2025-07-01,22.649999618530277,10.18000030517578,128.5500030517578,0.0011332320206350966,0.04795192611409697,0.7612132283066666,362846.7281879195,Close
ANDE,7356,1996-04-08,2025-07-01,37.75,1.4859634637832642,59.39104080200195,0.0007192339056119428,0.02592332749419978,0.41152006622961496,207583.83360522022,Close
ANEB,1009,2021-06-24,2025-07-01,1.75,0.9449999928474426,7.769999980926514,0.0006555467524321621,0.06461260708286408,1.0256933394047334,10569.603567888998,Close
ANET,2751,2014-07-24,2025-07-01,98.91000366210938,3.3125,129.82000732421875,0.0015515213242229336,0.027830161000863878,0.4417901097310455,11403519.893493276,Close
ANF,7203,1996-11-12,2025-07-01,88.2699966430664,4.195814609527588,192.33999633789065,0.000954068347593314,0.03513679700131342,0.5577793603970121,2286719.603498542,Close
ANGH,1187,2020-10-08,2025-07-01,0.4986000061035156,0.4749999940395355,28.8799991607666,0.0005041802110175786,0.0866015840907053,1.3747575278895237,176610.01095197978,Close
ANGI,3390,2012-01-06,2025-07-01,16.100000381469727,11.199999809265137,280.0,0.0001765216146822104,0.04100475777872484,0.6509303499176833,142591.68967551622,Close
ANGO,5272,2004-07-20,2025-07-01,9.520000457763672,5.269999980926514,31.06999969482422,0.0003716942221532493,0.02909622150261419,0.46188819712540335,241017.5707511381,Close
ANIK,8064,1993-06-18,2025-07-01,10.529999732971191,0.75,73.36000061035156,0.001074830493108688,0.04263018527637982,0.67673321151545,90746.49813988095,Close
ANIP,6293,2000-06-22,2025-07-01,63.560001373291016,5.400000095367432,378.0,0.0008442240221169046,0.04669065033349683,0.7411910960058457,90171.0058795487,Close
ANIX,10482,1983-11-23,2025-07-01,3.2300000190734863,0.6000000238418579,242.1875,0.0016682148380922934,0.06362181222418854,1.0099649586267123,57208.942377408894,Close
ANNA,809,2022-04-08,2025-07-01,6.300000190734863,5.099999904632568,16.829999923706055,0.0001651915249846531,0.03781390990618187,0.600277210264554,30928.473423980224,Close
ANNX,1207,2020-09-10,2025-07-01,2.470000028610229,1.3799999952316284,35.0099983215332,-0.0003178704923207728,0.05613082958282295,0.8910492957593816,787865.2626346314,Close
ANSS,7271,1996-08-07,2025-07-01,353.1400146484375,1.40625,411.2200012207031,0.0009819575479612039,0.02581850944790674,0.4098561313291967,475591.5816256361,Close
ANTE,4406,2007-12-26,2025-07-01,0.6650000214576721,0.2599999904632568,510.0,0.000366068196242145,0.05986632151186923,0.9503483917718539,78015.58556513845,Close
ANVS,1330,2020-03-17,2025-07-01,2.3299999237060547,1.2200000286102295,120.97000122070312,0.0031019370484298907,0.08570237122097946,1.3604829661155038,371266.9120300752,Close
ANY,2957,2013-09-27,2025-07-01,0.5879999995231628,0.3970000147819519,15680.0,0.0002670058049989814,0.08438989553879214,1.339648060574179,314691.3858640514,Close
AOD,4545,2007-06-08,2025-07-01,8.90999984741211,1.6109404563903809,8.90999984741211,0.00022813429845796,0.016185163795201993,0.2569315099857049,413909.54653465346,Close
AOMR,981,2021-08-04,2025-07-01,9.460000038146973,3.365453004837036,11.636905670166016,0.00014925246475244527,0.026203493680095002,0.4159675665515044,87617.98267074414,Close
AON,11330,1980-07-18,2025-07-01,356.92999267578125,1.0041593313217163,409.3200073242188,0.0006556443627697253,0.017339296695946197,0.27525280179742545,1028617.2809355693,Close
AORT,8118,1993-04-01,2025-07-01,30.75,1.5892146825790403,42.14595413208008,0.0011009042332466297,0.04026779503545422,0.6392314290523993,164418.458117763,Close
AOS,10487,1983-11-16,2025-07-01,67.76000213623047,0.2220959514379501,90.30384826660156,0.0006988518873831379,0.020374371631688166,0.323433122739937,847321.9979021646,Close
AOSL,3784,2010-06-16,2025-07-01,26.549999237060547,5.880000114440918,65.72000122070312,0.0007321411851359058,0.03411781747753266,0.5416035619310666,175956.29915433403,Close
AOUT,1187,2020-10-08,2025-07-01,10.460000038146973,7.150000095367432,36.02999877929688,0.00025744805093122296,0.031752824315816094,0.5040604593814443,102085.9149115417,Close
AP,13169,1973-04-09,2025-07-01,2.8499999046325684,0.75,38.630802154541016,0.00043247005413310166,0.028831615946472263,0.4576877141429385,28082.258333966132,Close
APA,11595,1979-07-02,2025-07-01,18.940000534057617,1.6303515434265137,109.68077087402344,0.0005692587490324598,0.027571054544226925,0.4376769222469304,2828328.5128072444,Close
APAM,3066,2013-04-24,2025-07-01,45.4900016784668,10.304336547851562,46.88458633422852,0.0006192660914969637,0.020863096118865304,0.3311913834561267,443663.6369863014,Close
APD,11383,1980-05-02,2025-07-01,285.4700012207031,1.0682109594345093,336.01812744140625,0.000607224374511722,0.017667246193064586,0.2804588386692092,1005622.990424317,Close
APDN,5494,2003-08-29,2025-07-01,4.559999942779541,4.510000228881836,126000000.0,0.0012463782437807803,0.10643505296024067,1.6896040854767154,2130.608117946851,Close
APEI,4404,2007-12-28,2025-07-01,29.540000915527344,3.890000104904175,49.650001525878906,0.0005147485253844774,0.034115127000905514,0.5415608519386846,148284.6099000908,Close
APG,1907,2017-11-28,2025-07-01,33.09000015258789,3.1333329677581787,34.1533317565918,0.0010984953006719625,0.022397877452577333,0.35555528181132307,1359048.736234924,Close
APH,8437,1991-12-27,2025-07-01,97.38999938964844,0.0715060159564018,98.75,0.0010406082175181415,0.022368572760470558,0.355090084245952,7186277.870570108,Close
API,1226,2020-08-13,2025-07-01,3.680000066757202,1.830000042915344,106.13999938964844,-0.00017117666262253685,0.0617023927517399,0.9794951191124288,900659.5277324633,Close
APLE,2513,2015-07-06,2025-07-01,11.90999984741211,3.892747163772583,15.57968807220459,0.0002704894763270391,0.021807894431099935,0.346189591695845,1729183.6951850378,Close
APLM,868,2022-01-13,2025-07-01,6.400000095367432,4.625,2940.0,-0.0023631667362549397,0.09588378689642056,1.5221079293462552,31774.367511520737,Close
APLS,1886,2017-12-28,2025-07-01,17.8700008392334,11.470000267028809,93.30999755859376,0.0009554688716834668,0.0443506677175492,0.7040450235617749,1307364.1240721103,Close
APLT,1509,2019-07-01,2025-07-01,0.3199999928474426,0.3000000119209289,55.470001220703125,0.00044848644032401797,0.06939628531513177,1.1016318771331337,914443.874751491,Close
APM,1609,2019-02-06,2025-07-01,0.9350000023841858,0.5460000038146973,325.5,0.0027870459865111247,0.17375131518128048,2.7582166196404185,236781.9782473586,Close
APO,3552,2011-05-17,2025-07-01,141.6300048828125,3.893238306045532,177.47125244140625,0.0011086163143159426,0.022937873547697205,0.364127454071122,1674220.8071509008,Close
APOG,13119,1973-06-20,2025-07-01,41.43000030517578,0.0529451221227645,86.25962829589844,0.0008869324131638193,0.028964921522915407,0.4598038745648185,131632.23652717433,Close
APP,1025,2021-06-02,2025-07-01,336.69000244140625,9.300000190734863,510.1300048828125,0.0027372366854722242,0.04979507152477303,0.7904722546273398,3621787.2302439027,Close
APPF,2485,2015-08-13,2025-07-01,229.80999755859372,11.579999923706056,270.0199890136719,0.0014586132264229291,0.027739307940567438,0.4403478621106843,142651.29416498993,Close
APPN,2003,2017-07-13,2025-07-01,30.459999084472656,19.51000022888184,235.2400054931641,0.0010816856828475578,0.04195182383897504,0.6659645575411138,595865.7478781827,Close
APPS,4744,2006-08-22,2025-07-01,5.829999923706055,0.5899999737739563,94.73999786376952,0.002367701088658558,0.07216302601168388,1.1455525240848048,1168213.9725969646,Close
APRE,1410,2019-11-19,2025-07-01,1.649999976158142,0.4740000069141388,990.5999755859376,0.00870717922364031,0.4385437736736082,6.961666584936972,33077.980141843975,Close
APT,6602,1999-04-05,2025-07-01,4.769999980926514,0.5625,25.25,0.0012559203333021443,0.04508376511501509,0.7156825839646754,294958.7020599818,Close
APTV,3390,2012-01-06,2025-07-01,71.66999816894531,17.273517608642578,178.1199951171875,0.0007006607142046663,0.023258241754305763,0.3692131416870701,2333732.1005899706,Close
APVO,2217,2016-09-06,2025-07-01,2.950000047683716,2.819999933242798,2707689.5,-0.0027765086437940754,0.08248497958917815,1.3094084573472247,68408.82363554352,Close
APWC,5494,2003-08-29,2025-07-01,1.690000057220459,0.4692213833332062,7.510000228881836,0.0016782429033077118,0.06106043246081996,0.9693043154243118,34486.737349836185,Close
APYX,1600,2019-02-20,2025-07-01,2.240000009536743,0.871999979019165,17.399999618530273,0.0010167022772430113,0.059707355454572265,0.9478248838448047,165761.423125,Close
AQB,2096,2017-03-01,2025-07-01,0.7409999966621399,0.5239999890327454,293.0,-0.0007096807038333521,0.07184621779879824,1.1405233496172154,82079.77958015267,Close
AQMS,2461,2015-09-17,2025-07-01,0.4936000108718872,0.4850000143051147,437.7999877929688,-0.0003945760684124399,0.060856652855459416,0.9660694144760065,44634.513612352705,Close
AQN,3867,2010-02-17,2025-07-01,5.760000228881836,1.88970410823822,13.84324073791504,0.0003897936126525523,0.017372786897046206,0.27578444225823445,1483621.4486682182,Close
AQNB,1500,2019-07-15,2025-07-01,25.600000381469727,11.68996238708496,25.600000381469727,0.00034123758071377024,0.012545077782648201,0.19914693594509247,28681.108666666667,Close
AQST,1710,2018-09-11,2025-07-01,3.400000095367432,0.6299999952316284,18.46999931335449,0.000578523462005952,0.055762869269840074,0.8852081068764165,793903.9233918128,Close
AR,2915,2013-11-26,2025-07-01,37.65999984741211,0.6700000166893005,67.41000366210938,0.0005482028674889102,0.03715107938356418,0.5897551019191777,5364490.591766723,Close
ARAY,4595,2007-03-28,2025-07-01,1.3600000143051147,1.2200000286102295,27.3799991607666,9.239651169671449e-05,0.037708891581515566,0.5986100960435239,711219.5416757345,Close
ARBE,1138,2020-12-17,2025-07-01,1.6699999570846558,0.9399999976158142,14.789999961853027,-0.00035062614137850465,0.05065490697186008,0.8041217191959221,786266.6476274165,Close
ARBK,913,2021-11-09,2025-07-01,0.3680000007152557,0.1870000064373016,20.559999465942383,-0.0004919712958424097,0.08892988628973693,1.4117181794633786,1046277.713033954,Close
ARBKL,873,2022-01-06,2025-07-01,3.123800039291382,0.347792237997055,10.727932929992676,0.0011876178364248365,0.07314036589831908,1.1610673138033296,11707.785796105383,Close
ARCB,8309,1992-06-30,2025-07-01,81.91000366210938,3.0401999950408936,150.7730255126953,0.000804122511618018,0.032435215757861985,0.5148930876961573,305022.07317366713,Close
ARCC,5185,2004-11-19,2025-07-01,22.049999237060547,0.5900856852531433,22.77546119689941,0.0006465682457557279,0.02047636870831405,0.32505227613518317,1923275.0401157185,Close
ARCO,3541,2011-06-02,2025-07-01,7.96999979019165,1.9590075016021729,23.466880798339844,0.0001407964430868855,0.027296340150691743,0.4333159664457462,927002.1767862185,Close
ARCT,3013,2013-07-10,2025-07-01,12.989999771118164,4.110000133514404,178.57000732421875,0.0012542886308882797,0.05795178197764546,0.9199560188753088,300799.4616661135,Close
ARDC,3133,2013-01-16,2025-07-01,14.350000381469728,5.122735977172852,15.009502410888672,0.00030895747517827596,0.00990411701791248,0.1572229835104744,84890.35110118098,Close
ARDX,2742,2014-08-06,2025-07-01,3.900000095367432,0.5099999904632568,32.88999938964844,0.0011179658414579212,0.05439936532332638,0.8635631527516344,2630050.7826404083,Close
ARE,7035,1997-07-15,2025-07-01,74.48999786376953,8.496665954589844,191.65988159179688,0.0004893228576421744,0.018883725160754622,0.29976984361109965,498087.4879886283,Close
AREB,819,2022-03-25,2025-07-01,1.2200000286102295,1.2200000286102295,11925.0,0.00014723356780022595,0.2140481244657394,3.39790863561688,682805.2857142857,Close
AREC,1978,2017-08-17,2025-07-01,0.7806000113487244,0.050000000745058,14.0,0.013581391046090586,0.4799306541104677,7.618662943997139,963159.7745197169,Close
AREN,4351,2008-03-17,2025-07-01,5.949999809265137,0.5699999928474426,54.77999877929688,0.0030065403944976375,0.08956309344790714,1.4217700314768047,40439.58124569064,Close
ARES,2775,2014-06-19,2025-07-01,174.72999572753906,7.264999389648437,195.35958862304688,0.0012211842454528004,0.02190415735137785,0.34771771818103825,644549.9225225225,Close
ARGD,3176,2012-11-13,2025-07-01,20.170000076293945,8.77222728729248,21.507673263549805,0.00025562822327117747,0.013198242062886579,0.20951559744977996,11035.98362720403,Close
ARGX,2008,2017-07-06,2025-07-01,542.469970703125,19.809999465942383,671.7449951171875,0.0021270144498169454,0.033159523114244596,0.5263911105227355,225428.41035856574,Close
ARHS,883,2021-12-22,2025-07-01,9.229999542236328,4.319494724273682,19.68000030517578,0.0006374587283099172,0.03994963433974806,0.6341807845856365,1022564.9841449604,Close
ARI,3933,2009-11-10,2025-07-01,9.789999961853027,2.14566969871521,10.332201957702637,0.0005233369848902917,0.023187709734907462,0.36809348059029956,811280.6414950419,Close
ARIS,892,2021-12-09,2025-07-01,23.8700008392334,6.363848686218262,33.32999038696289,0.0014781850050694604,0.03948309072558079,0.6267746343125253,400091.84977578477,Close
ARKO,1461,2019-09-09,2025-07-01,4.610000133514404,3.628942251205444,15.935850143432615,3.1563063813561046e-05,0.03261490125216752,0.5177455064889862,387149.99041752226,Close
ARKR,9930,1986-01-31,2025-07-01,9.039999961853027,0.4096227884292602,22.37395668029785,0.0006471065086856263,0.03381972896024378,0.5368715534184846,5731.291137965761,Close
ARL,10854,1982-06-08,2025-07-01,14.43000030517578,1.2074931859970093,30.5,0.0006673842949893543,0.03420806534104008,0.5430362023502399,6795.383545236779,Close
ARLO,1703,2018-09-20,2025-07-01,17.139999389648438,1.5,17.360000610351562,0.0011906298009975236,0.0479246651052068,0.760780473206594,1036019.5384615385,Close
ARLP,6475,1999-10-04,2025-07-01,25.82999992370605,0.3903515338897705,27.769641876220703,0.0009712412027969378,0.02648881510487326,0.4204969037535957,314387.743011583,Close
ARMK,2871,2014-01-31,2025-07-01,42.40999984741211,8.751750946044922,42.40999984741211,0.0005884496347863411,0.02200622016278117,0.34933791508352585,2771367.9428770463,Close
ARMN,3671,2010-11-24,2025-07-01,6.800000190734863,0.61835777759552,822.4859008789062,5.988598571993495e-05,0.05021610390928431,0.7971559365272681,78445.84881503678,Close
ARMP,7798,1994-07-08,2025-07-01,1.8899999856948853,0.8999999761581421,1785000.0,0.0012775848964657309,0.07911277577765673,1.2558763814141656,11254.59566555527,Close
AROC,4461,2007-10-08,2025-07-01,24.56999969482422,1.5342425107955933,49.56858444213867,0.00048779977607991075,0.0351761965291696,0.558404808511897,974788.1311365165,Close
AROW,11254,1980-11-05,2025-07-01,27.149999618530277,0.2675406634807586,33.48923110961914,0.0007130082042844293,0.025140623570537524,0.399095026636386,21235.662075706416,Close
ARQ,5361,2004-03-11,2025-07-01,5.460000038146973,0.7836035490036011,21.952260971069336,0.0011010697629640967,0.04479624196098769,0.7111182953942989,114002.09009513151,Close
ARQQ,1034,2021-05-19,2025-07-01,34.68000030517578,3.7899999618530273,951.5,0.0016753804717213195,0.0862700302399808,1.3694942736780664,165928.69922630562,Close
ARQT,1328,2020-03-19,2025-07-01,13.75,1.840000033378601,36.97999954223633,0.00099229531201875,0.04985322473387397,0.7913954082026684,1318135.9457831325,Close
ARR,4389,2008-01-22,2025-07-01,16.75,10.317338943481444,51.90215301513672,2.3631175044666375e-06,0.018858252183829378,0.29936547263851954,365709.0827067669,Close
ARRY,1149,2020-12-02,2025-07-01,6.639999866485596,3.9800000190734863,51.04999923706055,-0.0002137441696446255,0.051560833634129874,0.8185028591224942,4754902.553524804,Close
ARTL,1482,2019-08-08,2025-07-01,9.5,4.932000160217285,268.20001220703125,-0.00025705421763481045,0.0662307292061657,1.0513802317798606,38959.45209176788,Close
ARTNA,7814,1994-06-15,2025-07-01,33.959999084472656,1.718004822731018,57.54739761352539,0.000545688570168734,0.0182725253801273,0.29006734788559685,15448.675838239058,Close
ARTW,11383,1980-05-02,2025-07-01,2.180000066757202,0.3538124859333038,17.435176849365234,0.0008338248288878568,0.042189456946227735,0.6697368661715108,15502.803742422911,Close
ARVN,1665,2018-11-13,2025-07-01,7.630000114440918,6.070000171661377,107.87000274658205,0.0007745160120350589,0.050664343910749046,0.8042715259565496,621489.4660660661,Close
ARW,11383,1980-05-02,2025-07-01,129.75999450683594,1.625,146.0500030517578,0.0006441899995896756,0.02671339020830519,0.4240619229996207,476815.26082754985,Close
ARWR,7905,1994-02-02,2025-07-01,16.09000015258789,1.2400000095367432,2193.75,0.006698806161158197,0.14911095593332707,2.367063042928167,536660.5687539532,Close
ASA,11940,1978-02-17,2025-07-01,32.45000076293945,1.573348045349121,34.459999084472656,0.0004931751088915578,0.02221100907434483,0.3525888382710921,198051.51532663318,Close
ASAN,1160,2020-11-16,2025-07-01,13.670000076293944,11.170000076293944,142.67999267578125,0.0008578075285836411,0.05078829389695566,0.8062391709876251,2960512.826724138,Close
ASB,11383,1980-05-02,2025-07-01,25.09000015258789,0.2572082281112671,27.36493492126465,0.0006323135386431577,0.021341271743004105,0.33878218616303285,613518.0485812176,Close
ASC,2964,2013-09-18,2025-07-01,9.710000038146973,2.3313140869140625,22.052644729614254,0.000483224844994633,0.03137048607446869,0.49799102796155414,374780.59986504726,Close
ASG,9874,1986-04-23,2025-07-01,5.46999979019165,0.4071872532367706,7.125706672668457,0.00035128928338266056,0.014568075229228396,0.23126102482451172,79700.30210654244,Close
ASGI,1204,2020-09-15,2025-07-01,20.530000686645508,10.743892669677734,20.530000686645508,0.0004585398637089538,0.010779437612441281,0.1711182671739329,64699.71096345515,Close
ASGN,8218,1992-11-06,2025-07-01,52.02999877929688,1.3799999952316284,131.25999450683594,0.0009227230090909057,0.03253570890888752,0.5164883670126302,241612.56607447067,Close
ASH,11383,1980-05-02,2025-07-01,52.5,1.412594437599182,108.0661849975586,0.00046367495068252274,0.01921358854137079,0.3050062624415242,930996.5604849337,Close
ASIX,2177,2016-11-01,2025-07-01,24.799999237060547,7.932178974151611,53.29081344604492,0.0007037447299640322,0.030558296337928698,0.48509791559985077,207451.45613229214,Close
ASLE,1561,2019-04-16,2025-07-01,6.010000228881836,4.550000190734863,23.82999992370605,0.0001259438036748513,0.029571700304806277,0.4694361891111022,240231.3542600897,Close
ASM,4899,2006-01-10,2025-07-01,3.470000028610229,0.2300000041723251,3.869999885559082,0.0016555731360788446,0.055573729358334385,0.8822056038633717,437407.38701775874,Close
ASMB,3622,2011-02-04,2025-07-01,17.729999542236328,7.800000190734863,1215.0,0.0003623817526035178,0.046662748145290825,0.74074816249968,23571.482882385422,Close
ASML,7592,1995-05-02,2025-07-01,790.469970703125,1.5399701595306396,1091.50146484375,0.001288123314411021,0.030578175516970764,0.4854134877839314,1982841.138435195,Close
ASND,2589,2015-03-17,2025-07-01,172.0,12.25,182.75999450683597,0.0013677260202482554,0.03265638211826731,0.518403994824192,265046.89107763616,Close
ASO,1158,2020-11-18,2025-07-01,47.15999984741211,14.817789077758787,74.1919937133789,0.0014011994828358834,0.03011604707929257,0.4780774262647275,1895549.2046632124,Close
ASPN,2746,2014-07-31,2025-07-01,6.139999866485596,1.6100000143051147,63.65999984741211,0.0008386010293429446,0.04452198874345579,0.7067646605352066,453067.884195193,Close
ASPS,3967,2009-09-23,2025-07-01,8.920000076293945,4.079999923706055,1361.52001953125,0.00033238478309091424,0.043359616848016806,0.6883125787373927,26236.072851020923,Close
ASR,6192,2000-11-14,2025-07-01,319.0899963378906,3.929240942001343,347.82000732421875,0.0008675601491032264,0.021966295960771934,0.34870413802467104,77475.80490956073,Close
ASRT,6903,1998-01-22,2025-07-01,0.6417999863624573,0.5299999713897705,133.1199951171875,0.0007935212925257211,0.050623173027700794,0.803617958449734,349652.3612921918,Close
ASRV,10150,1985-03-19,2025-07-01,3.039999961853028,1.0387287139892578,14.926536560058594,0.0004054689644039842,0.029383291441306,0.4664452911253699,19961.73881773399,Close
ASTC,7396,1996-02-08,2025-07-01,5.599999904632568,5.5,23062.5,0.0010590610550628762,0.075666406411264,1.2011669637968874,6118.728637101136,Close
ASTE,9802,1986-08-05,2025-07-01,42.27999877929688,0.4763692319393158,75.29930114746094,0.0008334938009909598,0.03291691962403698,0.5225398995090216,115172.26841460927,Close
ASTH,4070,2009-04-28,2025-07-01,25.059999465942383,0.1000000014901161,119.4499969482422,0.010626009597258356,0.33235512631366326,5.275974067100473,94508.68992628992,Close
ASTL,1054,2021-04-21,2025-07-01,6.909999847412109,4.29541540145874,11.79160499572754,0.00015391571957486515,0.027987337752908504,0.44428521331779114,834519.0692599621,Close
ASTS,1389,2019-12-19,2025-07-01,45.11000061035156,2.009999990463257,53.220001220703125,0.0029330303149061312,0.06351076090534928,1.0082020735922257,3992218.789776818,Close
ASUR,8334,1992-05-26,2025-07-01,10.109999656677246,0.800000011920929,171.6666717529297,0.0009921217980818338,0.05046308694937391,0.8010766707400347,60827.0771538277,Close
ASX,6190,2000-11-16,2025-07-01,10.260000228881836,0.553566038608551,12.5,0.000694372538120219,0.027982935103906415,0.44421532343157455,1745662.2342487883,Close
ASYS,10524,1983-09-26,2025-07-01,4.449999809265137,0.75,29.06999969482422,0.0019332400779082603,0.06776596002873478,1.075751265549454,54122.27052451539,Close
ATAI,980,2021-08-05,2025-07-01,2.7100000381469727,1.0399999618530271,17.84000015258789,-0.00025802574827043774,0.05416065485796772,0.8597737415915093,1231141.475510204,Close
ATCH,1050,2021-04-27,2025-07-01,0.1897000074386596,0.1870000064373016,686.4000244140625,-0.004546470259733644,0.08713191813340235,1.3831763198221312,432472.78,Close
ATCOL,1001,2021-07-07,2025-07-01,25.309999465942383,19.647855758666992,25.309999465942383,0.0002210280660530718,0.006622677401811778,0.10513174451160809,2697.819180819181,Close
ATEC,4761,2006-07-28,2025-07-01,10.93000030517578,1.190000057220459,87.83999633789062,0.0006930683271233296,0.04601390558515329,0.7304481061747297,387340.57025834906,Close
ATEN,2804,2014-05-08,2025-07-01,19.440000534057617,3.324891805648804,21.576318740844727,0.0006757186865636391,0.030184114871341473,0.47915796896505547,589679.2107703281,Close
ATER,1489,2019-07-30,2025-07-01,1.659999966621399,0.2680000066757202,47.65999984741211,0.007257702085550297,0.2996032281933461,4.756053802750375,2845424.5540631297,Close
ATEX,2585,2015-03-23,2025-07-01,24.96999931335449,19.25,64.87000274658203,0.00021827055190018312,0.03131554785947138,0.4971189108354141,101822.83210831722,Close
ATGE,8535,1991-08-08,2025-07-01,124.4000015258789,1.297023892402649,136.25,0.0008855462254581682,0.02672087653315116,0.4241807647222784,507584.23784417106,Close
ATHA,1168,2020-11-04,2025-07-01,0.3000000119209289,0.2290000021457672,34.29999923706055,-0.001409385603546226,0.057173684816584525,0.9076041093712331,662114.5085616439,Close
ATHE,5441,2003-11-13,2025-07-01,4.009799957275391,1.0499999523162842,739.7999877929688,0.0013070976878558206,0.07076940623716063,1.1234294960113822,40366.19187649329,Close
ATHM,2872,2014-01-30,2025-07-01,26.07999992370605,16.376508712768555,118.35453033447266,0.000521380374029199,0.031797885248636526,0.504775779513969,748683.7392061282,Close
ATI,6403,2000-01-14,2025-07-01,83.88999938964844,1.9258146286010744,99.05555725097656,0.0008389885969637597,0.033944031916477754,0.538844801675036,1653332.119475246,Close
ATKR,2244,2016-07-28,2025-07-01,73.69000244140625,11.720023155212402,190.09698486328125,0.001189191430427792,0.03142221783162306,0.4988122441474432,455882.47192513366,Close
ATLC,6555,1999-06-10,2025-07-01,55.41999816894531,1.149999976158142,87.33999633789062,0.0012476875648137484,0.045926752494522924,0.7290645937519379,164156.25049580474,Close
ATLCL,870,2022-01-11,2025-07-01,24.252500534057617,16.808208465576172,24.489999771118164,0.00029708254535251103,0.013862159519640486,0.22005496033965188,6972.15632183908,Close
ATLCP,984,2021-07-30,2025-07-01,22.05500030517578,13.124958038330078,23.2745418548584,0.00031799433509129287,0.013648504681769988,0.2166632949351849,9227.571138211382,Close
ATLN,931,2021-10-14,2025-07-01,2.009999990463257,1.2999999523162842,158.8000030517578,0.0004802609731794475,0.11312194879291361,1.795755265974196,20244.78947368421,Close
ATLO,6337,2000-04-19,2025-07-01,18.15999984741211,4.945575714111328,24.27065658569336,0.0004744543374666896,0.02611703079322994,0.4145950107738144,10417.47214770396,Close
ATNF,1981,2017-08-14,2025-07-01,0.8899999856948853,0.6909999847412109,4552.39990234375,-0.0010255100130645153,0.10076867089321179,1.599653058779708,119099.12518929833,Close
ATNI,8433,1992-01-03,2025-07-01,16.889999389648438,1.167323350906372,75.72119140625,0.0006187393937806863,0.030335882842595564,0.4815672108185942,56872.796513696194,Close
ATNM,3079,2013-04-05,2025-07-01,1.350000023841858,1.059999942779541,394.5,-0.00010193047813408444,0.05335482098397656,0.8469815254198351,175889.36667749268,Close
ATO,10426,1984-02-14,2025-07-01,153.64999389648438,1.1550507545471191,161.76023864746094,0.0005605246873484287,0.01445133178909536,0.22940778016577068,331283.4712257817,Close
ATOM,2204,2016-09-23,2025-07-01,4.960000038146973,2.450000047683716,46.45000076293945,0.0013059973011240217,0.05567473622467497,0.8838090381576543,250995.1774047187,Close
ATOS,3146,2012-12-27,2025-07-01,0.8241999745368958,0.5,2226.60009765625,0.0007508806477527263,0.09505633602766757,1.5089725540211865,1606520.3696757788,Close
ATR,8070,1993-06-10,2025-07-01,159.00999450683594,2.983556270599365,175.12022399902344,0.0006305828660308875,0.01663895417980471,0.2641352090157718,232593.09789343245,Close
ATRA,2659,2014-12-03,2025-07-01,7.800000190734863,5.300000190734863,1600.5,0.00024135582512274778,0.05953859952898548,0.9451459665765777,45508.25159834524,Close
ATRC,4974,2005-09-22,2025-07-01,32.20000076293945,1.0700000524520874,87.13999938964844,0.0007794833785644099,0.03679341859710281,0.5840774129509984,200398.8409730599,Close
ATRO,11383,1980-05-02,2025-07-01,32.43000030517578,0.0476758442819118,49.00220489501953,0.0015300926384007936,0.04524516267943188,0.7182446908706255,87842.26161820258,Close
ATS,3867,2010-02-17,2025-07-01,32.02000045776367,5.389999866485596,48.72999954223633,0.0006641745962912528,0.02251733120026879,0.3574515512687206,15277.113783294544,Close
ATUS,1984,2017-08-09,2025-07-01,2.190000057220459,1.5700000524520874,37.900001525878906,-0.000563121462704645,0.037961813728559196,0.6026251106563516,4633244.222278226,Close
ATXG,1808,2018-04-23,2025-07-01,0.6972000002861023,0.5099999904632568,656.5399780273438,0.050449362151729696,2.047298479666243,32.49985582030503,193260.98008849556,Close
ATXS,2486,2015-08-12,2025-07-01,5.429999828338623,2.4600000381469727,737.280029296875,-0.00023718334209950277,0.056364753311148104,0.8947627198248139,181935.64239742557,Close
ATYR,2520,2015-06-24,2025-07-01,5.130000114440918,1.1100000143051147,307.0199890136719,-0.00034100955441534444,0.051477207819231534,0.8171753404660574,425033.06746031746,Close
AU,6735,1998-09-22,2025-07-01,45.79999923706055,4.99605655670166,50.84000015258789,0.0006550098807208484,0.03098221263455399,0.4918273781853189,2216980.6767631774,Close
AUB,7955,1993-11-22,2025-07-01,32.65999984741211,2.979733467102051,42.65988159179688,0.0006676636138416411,0.02798934693731207,0.44431710813141057,140464.8820867379,Close
AUBN,7494,1995-09-20,2025-07-01,24.200000762939453,2.546354293823242,51.61928939819336,0.0005789597258145218,0.023864766629044694,0.37884142558227296,2227.0709901254336,Close
AUDC,6530,1999-07-16,2025-07-01,9.619999885559082,0.8661515712738037,63.87868881225586,0.0006670432127971628,0.03821277737283566,0.6066090350015957,244115.02281776417,Close
AUID,984,2021-07-30,2025-07-01,5.360000133514404,2.400000095367432,141.44000244140625,-0.00022147732959402355,0.07172399578587928,1.1385831353116878,32522.830284552845,Close
AUPH,2690,2014-10-20,2025-07-01,7.480000019073486,1.7400000095367432,33.08000183105469,0.0014079426424498907,0.04738136201155562,0.7521558039725956,1842470.7661710037,Close
AUR,1008,2021-06-25,2025-07-01,5.050000190734863,1.1399999856948853,17.110000610351562,0.0010930034239227111,0.06075994587843569,0.9645342388085087,7044096.453373016,Close
AURA,887,2021-12-16,2025-07-01,6.260000228881836,4.900000095367432,23.34000015258789,-0.00026345663605707926,0.043157937542714346,0.6851110190188812,140693.99549041715,Close
AUTL,1732,2018-08-09,2025-07-01,2.289999961853028,1.1399999856948853,48.0099983215332,-7.282522222041925e-05,0.05130976018707553,0.814517191712189,704293.0548498845,Close
AUUD,1065,2021-04-06,2025-07-01,4.53000020980835,3.259999990463257,3153.5,-0.0014377232420167045,0.10269890533033377,1.6302945805357731,35923.03568075117,Close
AVA,13169,1973-04-09,2025-07-01,38.369998931884766,1.1566834449768066,41.90016555786133,0.00037957783345055464,0.01679526067098877,0.26661649763964057,212562.21573392057,Close
AVAH,1016,2021-06-15,2025-07-01,5.0,0.6759999990463257,12.729999542236328,0.0003047298460476933,0.050501171220007676,0.8016812397937961,340441.10039370076,Close
AVAL,2676,2014-11-07,2025-07-01,2.809999942779541,1.7588067054748535,7.970633029937744,-0.0001503810781328375,0.02141784449801013,0.339997740964727,175230.456651719,Close
AVAV,4607,2007-03-12,2025-07-01,252.3999938964844,17.979999542236328,284.95001220703125,0.0009449648791893954,0.029413774610480524,0.4669291964342233,260848.88712828304,Close
AVB,7846,1994-04-29,2025-07-01,203.27999877929688,5.566679000854492,232.033203125,0.0005904837357639559,0.0176997955627,0.28097554389353246,636776.6405811879,Close
AVD,9624,1987-04-20,2025-07-01,3.990000009536743,0.2357696443796157,34.348609924316406,0.0009760486351972177,0.037124572864426386,0.5893343239726142,103383.74729842061,Close
AVDL,7280,1996-07-25,2025-07-01,8.8100004196167,0.9399999976158142,42.84999847412109,0.0015180852174234655,0.05575960053848324,0.8851562173747793,351449.318956044,Close
AVDX,899,2021-11-30,2025-07-01,9.81999969482422,6.139999866485596,21.36000061035156,-0.00023236728865944442,0.03552773683535017,0.5639853378677128,2017023.3270300333,Close
AVGO,3967,2009-09-23,2025-07-01,264.739990234375,1.024430274963379,275.6499938964844,0.001636854546523293,0.023694175120950303,0.3761333693450896,25686074.309301738,Close
AVIR,1138,2020-12-17,2025-07-01,3.5999999046325684,2.549999952316284,88.44000244140625,-0.0007241533405746824,0.04459490770365183,0.7079222131424474,814361.6889279438,Close
AVK,5546,2003-06-17,2025-07-01,12.149999618530272,3.2694308757781982,14.357434272766112,0.00018777701543305097,0.014351586624747484,0.2278243747696962,95313.56437071764,Close
AVNS,2656,2014-12-08,2025-07-01,12.520000457763672,12.029999732971191,72.6500015258789,-0.00012093506122628101,0.024450525463211106,0.38814005880305363,368284.2402108434,Close
AVNT,6457,1999-10-28,2025-07-01,33.4900016784668,1.0263268947601318,55.557804107666016,0.0007132507262813379,0.03063527454605349,0.48631990677026826,529564.2827938672,Close
AVNW,9570,1987-07-07,2025-07-01,24.825000762939453,3.0899999141693115,289.875,0.0011575035189068036,0.056765116054549966,0.9011182813443553,73163.0448275862,Close
AVO,1158,2020-11-18,2025-07-01,11.979999542236328,8.460000038146973,22.690000534057617,0.00015005784455726046,0.02298703866551454,0.3649079261206652,201013.00690846288,Close
AVPT,1387,2019-12-23,2025-07-01,18.59000015258789,3.5899999141693115,19.989999771118164,0.0008574871698559685,0.02865299914689789,0.45485226035302617,952474.7209805335,Close
AVT,13119,1973-06-20,2025-07-01,53.93000030517578,0.5153558254241943,56.58984756469727,0.0005741099483072208,0.02309780517778194,0.3666662899909864,608695.0932235689,Close
AVTR,1506,2019-07-05,2025-07-01,13.920000076293944,8.270000457763672,44.0099983215332,0.00014124300013808232,0.026279222277000865,0.417169720758797,5611773.70185923,Close
AVTX,2409,2015-12-01,2025-07-01,4.840000152587891,3.5899999141693115,20793.599609375,0.0007365536713587275,0.10629045476354107,1.687308660265742,35549.362391033625,Close
AVXL,4725,2006-09-19,2025-07-01,9.329999923706056,0.6399999856948853,28.86000061035156,0.0015368881655479188,0.05660272515547084,0.8985404057394939,593955.7229629629,Close
AVY,13169,1973-04-09,2025-07-01,181.0800018310547,0.6251159906387329,225.33126831054688,0.0005234305950838812,0.019338278132818524,0.3069856483418179,430627.3891715392,Close
AWF,8005,1993-09-13,2025-07-01,11.079999923706056,0.448481410741806,11.079999923706056,0.00042731762279423467,0.013001664804813845,0.20639503022015146,203620.52004996876,Close
AWI,4671,2006-12-05,2025-07-01,165.60000610351562,5.577231407165527,165.60000610351562,0.0007015859835192003,0.022872045391406193,0.3630824644862506,425288.5829586812,Close
AWK,4292,2008-06-10,2025-07-01,142.55999755859375,11.223377227783203,175.7996368408203,0.000636274399467667,0.014670560903096519,0.23288793446052325,986125.5535880708,Close
AWP,4542,2007-06-13,2025-07-01,3.940000057220459,0.4502646028995514,4.570128917694092,0.00025247707653831494,0.019562818698200084,0.3105501193132906,364615.47842360195,Close
AWR,13169,1973-04-09,2025-07-01,77.98999786376953,0.3450358808040619,96.3108367919922,0.0005085186349757295,0.01611610153220026,0.25583518054841337,96632.52919735743,Close
AWRE,7236,1996-09-26,2025-07-01,1.830000042915344,0.7138999700546265,35.638519287109375,0.0006760836951531056,0.04287632548079761,0.6806405661267144,104040.4310392482,Close
AWX,6765,1998-08-10,2025-07-01,2.440000057220459,0.9800000190734864,10.800000190734863,0.000585019239044154,0.03913062167530187,0.6211793616012145,31061.585957132298,Close
AX,5073,2005-05-03,2025-07-01,78.31999969482422,0.8500000238418579,86.5999984741211,0.0010553503218503596,0.02716315832174174,0.43120177045441954,449926.2702542874,Close
AXGN,9675,1987-02-04,2025-07-01,10.960000038146973,0.1883885860443115,55.900001525878906,0.002971081528749347,0.07887891642554332,1.252163979289413,93170.86604651163,Close
AXL,6613,1999-03-18,2025-07-01,4.25,0.2899999916553497,36.86850738525391,0.0008967661226351313,0.04933903869618533,0.7832329579025935,1470834.5489187962,Close
AXON,6011,2001-08-06,2025-07-01,775.3800048828125,0.2808330059051513,827.9400024414062,0.0019289636506592102,0.03801953263713971,0.6035413699246523,2113125.6943936115,Close
AXP,13349,1972-07-19,2025-07-01,322.5299987792969,0.3788091242313385,324.791748046875,0.0006576685195239605,0.02190274322955881,0.34769526969309783,4982803.399505581,Close
AXR,13119,1973-06-20,2025-07-01,21.600000381469727,0.388537734746933,142.41952514648438,0.0007989867185585204,0.03504253227388663,0.5562829542399527,14113.804100922327,Close
AXS,5503,2003-08-18,2025-07-01,102.44000244140624,11.505425453186035,106.93000030517578,0.0005043040075463967,0.01709269420351613,0.27133810859147356,689750.0823187352,Close
AXSM,2383,2016-01-08,2025-07-01,102.97000122070312,2.0,137.75,0.0023885015818086233,0.060135501458319536,0.9546214909492531,676737.5178346622,Close
AXTA,2640,2014-12-31,2025-07-01,30.5,13.670000076293944,41.290000915527344,0.0002620052619321668,0.020173667504673455,0.32024704349682553,2268334.1337121213,Close
AXTI,6787,1998-07-09,2025-07-01,2.009999990463257,0.6700000166893005,47.0,0.0008562765541334075,0.048260534212400875,0.766112229990823,288826.03860321204,Close
AYI,5899,2002-01-22,2025-07-01,306.5400085449219,7.758618354797363,336.6470031738281,0.0008945638228632274,0.024159869566149756,0.3835260394787413,403892.5014409222,Close
AYRO,5435,2003-11-21,2025-07-01,7.940000057220459,6.079999923706055,40874804.0,-0.00100575664207799,0.06256846574674674,0.9932436016845307,3175.7689052437904,Close
AYTU,4184,2008-11-11,2025-07-01,2.259999990463257,1.0,11356098.0,0.005004192172110382,0.2290294682182472,3.635730094865121,36584.62069789675,Close
AZ,1091,2021-02-26,2025-07-01,9.770000457763672,0.8500000238418579,30.149999618530277,0.0011042789361190174,0.06223494332850075,0.9879490974324682,48509.720439963334,Close
AZEK,1235,2020-07-30,2025-06-30,54.34999847412109,15.220000267028809,54.86000061035156,0.0007767266839412247,0.02784319722821397,0.4419970534246625,1751082.995951417,Close
AZN,8057,1993-06-29,2025-07-01,71.45999908447266,1.51508891582489,86.3860855102539,0.0006107563198806507,0.01650184314921543,0.26195863888211374,3137971.016135038,Close
AZO,8592,1991-05-17,2025-07-01,3718.590087890625,7.46875,3880.14990234375,0.0008951155065022503,0.018778073488018018,0.2980926753011454,521929.0506284916,Close
AZTA,7620,1995-03-22,2025-07-01,31.76000022888184,2.027461290359497,124.04022979736328,0.0008524108396998821,0.03759197143830553,0.5967540463103971,517488.29842519684,Close
AZZ,11383,1980-05-02,2025-07-01,96.73999786376952,0.3834428787231445,98.80380249023438,0.0008598244094791788,0.031773250739843176,0.5043847188103443,108367.74005095317,Close
B,10140,1985-04-02,2025-07-01,20.850000381469727,0.3485332429409027,43.00994110107422,0.0007308579633433334,0.02614053228212962,0.4149680853442242,7531302.213116371,Close
BA,15948,1962-02-16,2025-07-01,209.7899932861328,0.1190271899104118,430.2999572753906,0.0006613755474320722,0.021457409037476723,0.34062580855771946,3726905.699021821,Close
BABA,2678,2014-11-05,2025-07-01,113.97000122070312,55.424198150634766,306.2768859863281,0.00038518772648652664,0.026507844109293015,0.4207989798339467,18971728.641150113,Close
BAC,13169,1973-04-09,2025-07-01,48.150001525878906,0.2728613913059234,48.150001525878906,0.0005434217007419783,0.023741698911490174,0.37688778613185536,38837264.73916015,Close
BAER,1045,2021-05-04,2025-07-01,1.8799999952316284,1.0700000524520874,22.07999992370605,0.00021173790096721613,0.06568054057540945,1.0426462580329237,210123.95119617225,Close
BAFN,1091,2021-02-26,2025-07-01,14.449999809265137,8.607270240783691,30.054180145263672,0.00023887112506810681,0.027723064695704194,0.44009000859232705,5216.480293308891,Close
BAH,3642,2011-01-06,2025-07-01,107.30999755859376,5.309438705444336,183.5130157470703,0.0008901309782356736,0.017528076575797667,0.27824958948514333,884636.5323997803,Close
BAK,6624,1999-03-03,2025-07-01,3.299999952316284,1.1926935911178589,28.22267723083496,0.0006661468560709785,0.03410545962906987,0.5414073871684325,309102.0064915459,Close
BALL,13169,1973-04-09,2025-07-01,57.880001068115234,0.0575696751475334,93.11771392822266,0.0006426909836866803,0.018525508407335856,0.29408332894108163,1727287.1303819576,Close
BANC,5717,2002-10-10,2025-07-01,14.31999969482422,2.995806932449341,20.03421211242676,0.0004874393667133216,0.02704547596065082,0.4293336208875467,405178.37799545215,Close
BAND,1886,2017-12-28,2025-07-01,15.949999809265137,9.350000381469728,193.0800018310547,0.0006182008818074627,0.04117404592025755,0.6536177158521305,364956.7454931071,Close
BANF,8849,1990-05-11,2025-07-01,127.5199966430664,0.6205650568008423,129.48179626464844,0.0008201651904707673,0.021900001799839544,0.34765175084545424,48616.908916261724,Close
BANFP,5325,2004-05-03,2025-07-01,26.0,5.6619977951049805,26.562747955322266,0.00040363020489507783,0.017285837249246178,0.27440415939025325,1173.7543661971831,Close
BANR,7431,1995-12-19,2025-07-01,66.63500213623047,7.693341732025146,203.4543914794922,0.00048236351021538126,0.028291718344410112,0.4491171054119591,91778.16794509487,Close
BANX,2895,2013-12-26,2025-07-01,20.989999771118164,6.158045291900635,20.989999771118164,0.00042868232446746033,0.017127380035606366,0.2718887291058422,17197.60310880829,Close
BAOS,1071,2021-03-26,2025-07-01,2.700000047683716,1.5499999523162842,37.68000030517578,0.004721345944841669,0.15945152779435287,2.531214532278967,239489.1802054155,Close
BAP,7436,1995-12-12,2025-07-01,222.6300048828125,3.3371078968048096,243.34747314453125,0.000695062070045581,0.02001552381620709,0.31773659027024664,247675.8834050565,Close
BARK,1104,2021-02-08,2025-07-01,0.8899999856948853,0.7200000286102295,15.720000267028809,-0.0014537066322105176,0.04644358608025049,0.7372690725741834,1383478.8070652173,Close
BASE,957,2021-09-08,2025-07-01,24.31999969482422,10.539999961853027,51.58000183105469,0.00017602512522334098,0.04230644999582537,0.6715940732576611,469555.87774294673,Close
BATL,1353,2020-02-12,2025-07-01,1.25,1.100000023841858,21.170000076293945,0.0008108416895233645,0.07735363908389638,1.2279509521310161,83087.24538063562,Close
BATRA,2282,2016-06-03,2025-07-01,48.81999969482422,13.75,49.810001373291016,0.0006756330917666051,0.01910846838166475,0.30333753163935473,59289.812007011395,Close
BATRK,2282,2016-06-03,2025-07-01,46.16999816894531,13.470000267028809,46.79999923706055,0.0006709742426450278,0.01911751804801537,0.30348119063902584,173045.2695004382,Close
BAX,10975,1981-12-14,2025-07-01,31.229999542236328,1.1212419271469116,84.493896484375,0.00043845359326801853,0.017734416895445557,0.2815251405125467,4262340.28738041,Close
BB,6609,1999-03-24,2025-07-01,4.340000152587891,1.4033329486846924,147.5500030517578,0.0010625499780830057,0.042472788915040596,0.6742346217392297,15554573.684672417,Close
BBAI,1033,2021-05-20,2025-07-01,6.650000095367432,0.6330000162124634,12.6899995803833,0.0037679909214535265,0.1117499075259522,1.7739747860888087,14101693.649564376,Close
BBAR,7920,1994-01-12,2025-07-01,16.209999084472656,0.5648634433746338,23.649999618530277,0.0007330176363164824,0.03668492247766518,0.5823550904495132,284557.52941919194,Close
BBCP,1943,2017-10-06,2025-07-01,6.28000020980835,1.6833523511886597,11.065826416015623,0.0005474771522941752,0.03791026471086551,0.6018067953694687,116490.9315491508,Close
BBD,5732,2002-09-19,2025-07-01,3.0899999141693115,0.3342246115207672,8.001357078552246,0.000757487738193617,0.02907081507603173,0.4614848826067633,16143413.888695044,Close
BBDC,4586,2007-04-11,2025-07-01,9.170000076293944,1.0097968578338623,10.103209495544434,0.0005239831739402307,0.02016540587090132,0.3201158941265206,247610.0095944178,Close
BBDO,3312,2012-04-30,2025-07-01,2.8399999141693115,1.6438261270523071,11.451008796691896,0.0002992289948969904,0.03460722750090073,0.549372705196912,17215.108997584543,Close
BBGI,6351,2000-03-30,2025-07-01,4.110000133514404,3.849999904632568,325.5644836425781,0.0005689709560862992,0.04932270323169199,0.7829736404429928,3147.003306565895,Close
BBIO,1478,2019-08-14,2025-07-01,42.77999877929688,5.210000038146973,72.3499984741211,0.00196813002726764,0.055722574429947117,0.8845684461235609,1731284.9364005413,Close
BBLG,899,2021-11-30,2025-07-01,3.680000066757202,3.680000066757202,7761.60009765625,-0.0041705434411460724,0.0944756771824948,1.499754880615804,103483.79421579532,Close
BBLGW,898,2021-11-30,2025-06-30,15.0,0.0179999992251396,95.0,0.03265949247595254,0.5978138438414264,9.490000566696098,4053.7861915367484,Close
BBN,3699,2010-10-15,2025-07-01,16.18000030517578,6.259247779846191,20.893779754638672,0.0002592809971600894,0.009023947085773717,0.14325071899897984,208908.84266017843,Close
BBSI,8036,1993-07-29,2025-07-01,42.650001525878906,0.3207182884216308,44.19477081298828,0.0011888127086811216,0.035319638319581396,0.5606818763421578,179539.37332005973,Close
BBU,2251,2016-07-19,2025-07-01,26.13999938964844,11.603933334350586,31.477685928344727,0.0006226029499709803,0.024520528844316828,0.38925132802709017,34336.711239449134,Close
BBUC,800,2022-04-22,2025-07-01,31.40999984741211,13.9205322265625,31.40999984741211,0.0004452170469216163,0.027096044214435587,0.43013636703004243,56962.145,Close
BBVA,9170,1989-02-02,2025-07-01,15.220000267028809,0.4743211567401886,15.56999969482422,0.0005880530669308946,0.02277231111983438,0.3614992320076354,1276794.4826608505,Close
BBW,5168,2004-12-15,2025-07-01,52.59999847412109,0.8690062165260315,54.130001068115234,0.0009039585497331333,0.03944071492549431,0.626101939340708,213084.02321981423,Close
BBWI,10867,1982-05-19,2025-07-01,32.150001525878906,0.5471123456954956,72.67250061035156,0.0007555943666386981,0.027672621013444233,0.4392892399614817,3475708.072605135,Close
BBY,10096,1985-06-05,2025-07-01,70.6500015258789,0.0883147269487381,116.56131744384766,0.0011563683730843972,0.03170165804207048,0.5032482199663758,4709691.981477813,Close
BC,10930,1982-02-18,2025-07-01,57.88999938964844,0.8136952519416809,106.61888122558594,0.0007242968402508193,0.02759408123984955,0.43804245970772865,700414.5184812443,Close
BCAB,1106,2021-02-04,2025-07-01,0.390500009059906,0.2669999897480011,70.91000366210938,-0.0019415401857209203,0.07000328699359805,1.111267730052857,610256.7350813743,Close
BCAL,4906,2005-12-29,2025-07-01,16.170000076293945,4.75,17.950000762939453,0.0003997547272863055,0.02454481599830892,0.3896368746441898,7994.111699959233,Close
BCAT,1163,2020-11-11,2025-07-01,15.210000038146973,9.108078956604004,15.210000038146973,0.00024240291728630365,0.010582730464214212,0.16799563800202763,354658.98538263113,Close
BCBP,5429,2003-12-02,2025-07-01,8.829999923706055,3.4459476470947266,17.457382202148438,0.0003591475392511804,0.022863860743964584,0.36295253723605514,21659.340209983424,Close
BCC,3086,2013-03-26,2025-07-01,92.12000274658205,9.37412452697754,151.6167755126953,0.0008010779119731646,0.026018500772744747,0.41303089518854685,365407.6422553467,Close
BCDA,7169,1997-01-02,2025-07-01,2.0,1.75,72900.0,0.004738263540948741,0.12203682194175212,1.93727448990328,16259.912679592691,Close
BCE,10709,1983-01-03,2025-07-01,22.6299991607666,0.4705384373664856,46.152320861816406,0.0004550705051659497,0.014130231513292738,0.22431047131164275,640711.4241292371,Close
BCH,5732,2002-09-19,2025-07-01,30.25,1.3751345872879028,31.690000534057617,0.0007080613536465452,0.01870597090566843,0.29694808229045005,98615.77581995813,Close
BCLI,5435,2003-11-21,2025-07-01,1.1100000143051147,0.7599999904632568,776.25,0.0012725271027018918,0.06931175031815823,1.1002899256586922,30502.054829806806,Close
BCML,4906,2005-12-29,2025-07-01,28.190000534057617,5.63044548034668,29.16814613342285,0.00038424604216255446,0.01987992043198946,0.31558395328077515,16287.076640847941,Close
BCO,7389,1996-02-20,2025-07-01,92.83999633789062,4.70396900177002,114.7340316772461,0.0005464886518251557,0.022415550134454863,0.3558358269388081,321936.26580051426,Close
BCPC,9813,1986-07-21,2025-07-01,161.8800048828125,0.1128147318959236,182.4554901123047,0.0011586348813364847,0.030896100509682046,0.49046039058164786,78729.02201161724,Close
BCRX,7851,1994-04-21,2025-07-01,9.0,0.75,33.125,0.001526876384376012,0.052366691695346856,0.831295459254475,1202727.3844096293,Close
BCS,9745,1986-10-24,2025-07-01,18.32999992370605,1.0361857414245603,32.22394561767578,0.0006645138773291369,0.027235835233603775,0.4323554806634782,2465432.2872242173,Close
BCSF,1630,2019-01-07,2025-07-01,14.949999809265137,4.070098400115967,18.014419555664062,0.0005433701408315031,0.020192284407318194,0.3205425776643072,223623.7226993865,Close
BCTX,3311,2012-05-01,2025-07-01,2.859999895095825,0.3700000047683716,146.57980346679688,0.0052720145817310715,0.27309112749340075,4.335187251634634,373785.879794624,Close
BCV,11383,1980-05-02,2025-07-01,18.95319938659668,1.0228140354156494,24.126928329467773,0.00029659104476270566,0.011201837769308647,0.17782366178688722,8277.274180795925,Close
BCX,3553,2011-05-16,2025-07-01,9.550000190734863,2.494006872177124,9.550000190734863,0.00022169576634577416,0.014452182339457427,0.22942128223418407,303996.3186039966,Close
BCYC,1502,2019-07-11,2025-07-01,7.03000020980835,6.380000114440918,61.13999938964844,0.0008990992560127933,0.04621110626177257,0.7335785698669793,255210.0499334221,Close
BDC,7920,1994-01-12,2025-07-01,117.86000061035156,5.355103492736816,131.2530059814453,0.0008385816699214649,0.03087948167936407,0.49019657482903495,267758.05126262625,Close
BDJ,4957,2005-10-17,2025-07-01,8.920000076293945,1.2368587255477903,8.920000076293945,0.00034943578832650216,0.013377766112022378,0.21236545337999196,400974.16522089974,Close
BDL,13169,1973-04-09,2025-07-01,29.0,0.2384734600782394,37.96120834350586,0.0007389980757266118,0.035454986239566944,0.5628304579626676,2883.9276330776825,Close
BDMD,854,2022-02-03,2025-07-01,3.859999895095825,1.0499999523162842,12.109999656677246,0.005377442940535702,0.22038183127946098,3.498453114254696,197751.34192037472,Close
BDN,9777,1986-09-10,2025-07-01,4.320000171661377,0.1024259552359581,10.361756324768066,0.0006140852273822959,0.034555840092316964,0.5485569553751157,881637.5503733251,Close
BDRX,2372,2016-01-26,2025-07-01,0.8698999881744385,0.7960000038146973,10060000.0,-0.0024993871612413823,0.11192865006655242,1.776812235955625,123223.40092748735,Close
BDSX,1140,2020-12-15,2025-07-01,0.2870000004768371,0.2199999988079071,31.209999084472656,-0.0016332911611003926,0.061924012058445825,0.9830132165400755,664638.2850877193,Close
BDTX,1328,2020-03-19,2025-07-01,2.4800000190734863,1.25,44.79999923706055,0.0006176798152201843,0.08182317954900274,1.2989027074034845,773144.4164156626,Close
BDX,13169,1973-04-09,2025-07-01,177.6699981689453,0.6499311923980713,273.8697204589844,0.0005173148813586121,0.01629375793328347,0.2586553884849229,998845.082770142,Close
BE,1710,2018-09-11,2025-07-01,22.1299991607666,2.6700000762939453,42.650001525878906,0.0014922530899938598,0.05829193909608197,0.9253558457277369,3976233.262573099,Close
BEAM,1324,2020-03-25,2025-07-01,17.530000686645508,14.539999961853027,133.60000610351562,0.001168926974921337,0.05006879149442591,0.7948174244387819,1051639.2016616315,Close
BEAT,878,2021-12-30,2025-07-01,1.225000023841858,1.1299999952316284,5.940000057220459,0.0009243449890517174,0.06629692919429285,1.0524311240121398,432203.2722095672,Close
BEDU,2007,2017-07-06,2025-06-30,1.7699999809265137,0.8270000219345093,72.33863067626953,-0.0004826092853492338,0.04332430862225951,0.6877520780298603,23788.328350772295,Close
BEEM,3782,2010-06-18,2025-07-01,1.4299999475479126,1.350000023841858,73.77999877929688,0.0014408634534743305,0.06718969208227406,1.0666032955002165,92059.69936541513,Close
BEKE,1193,2020-09-30,2025-07-01,17.760000228881836,8.686014175415039,74.01449584960938,0.00011287630278010972,0.04949067827724106,0.7856401616249183,9565356.611902766,Close
BELFA,10441,1984-01-24,2025-07-01,88.5999984741211,0.6869181394577026,104.83245086669922,0.0009622841511575098,0.036950077598726636,0.5865642975046161,21237.589790249975,Close
BELFB,6753,1998-08-26,2025-07-01,95.5199966430664,4.034543514251709,97.69000244140624,0.0010188689305941005,0.03495683805221352,0.554922600643899,45439.34251443803,Close
BEN,10492,1983-11-09,2025-07-01,24.34000015258789,0.0189442224800586,36.35553741455078,0.0011803944651382855,0.03585002444947871,0.5691014951334357,2442522.283644682,Close
BENF,863,2022-01-21,2025-07-01,0.2912999987602234,0.2440000027418136,871.280029296875,-0.004919717717221028,0.11808441878394449,1.874532034883528,662435.5052143685,Close
BEP,4903,2006-01-04,2025-07-01,25.63999938964844,3.264620065689087,40.4061164855957,0.0005063300891273874,0.017235939953244732,0.27361206437236685,191676.3644707322,Close
BEPC,1207,2020-09-10,2025-07-01,32.869998931884766,20.162553787231445,51.75397109985352,0.0003599572458657176,0.02156031034497636,0.34225931617308397,816031.8169014085,Close
BEPH,1024,2021-06-03,2025-07-01,15.6899995803833,11.342284202575684,20.87592887878418,-0.00011027517933698283,0.014393154350322644,0.2284842419563269,29993.4248046875,Close
BEPI,856,2022-02-01,2025-07-01,16.209999084472656,11.653509140014648,19.213552474975582,-6.604333700850164e-05,0.016223444205254203,0.2575391926562073,18828.682242990653,Close
BETR,1014,2021-06-17,2025-07-01,12.479999542236328,7.960000038146973,2479.0,0.0006787512082722442,0.0964117645604352,1.5304893149269323,24175.072978303746,Close
BFAM,3094,2013-03-14,2025-07-01,121.5,31.63999938964844,181.69000244140625,0.0006598572640506587,0.020252245188026523,0.3214944255493363,316969.71913380735,Close
BFC,5429,2003-12-02,2025-07-01,120.66999816894533,3.89083743095398,120.66999816894533,0.0006702895686871342,0.021049565430663417,0.33415149201310573,6287.420335236692,Close
BFH,6013,2001-08-02,2025-07-01,58.540000915527344,7.880213737487793,215.16802978515625,0.0006708737217371039,0.027661340284549654,0.43911016394190616,1045318.2858805921,Close
BFIN,5001,2005-08-15,2025-07-01,11.6899995803833,3.7801437377929688,14.097881317138672,0.0002664054986651028,0.02069066836685519,0.32845417775045865,42784.52189562088,Close
BFK,5984,2001-09-19,2025-07-01,9.56999969482422,2.54512619972229,12.964677810668944,0.00021884021112696269,0.0097689702390653,0.15507759490654793,92089.57336229946,Close
BFLY,1216,2020-08-27,2025-07-01,1.940000057220459,0.7049999833106995,27.13999938964844,0.0003250897453738286,0.058440111340360645,0.927708007185119,2561027.2335526315,Close
BFRI,887,2021-12-16,2025-07-01,0.6880000233650208,0.5619999766349792,263.3999938964844,-0.0034127049397368733,0.07280414011955877,1.1557298950335166,364142.01691093575,Close
BFS,7988,1993-10-06,2025-07-01,34.70000076293945,2.440455436706543,46.09493255615234,0.0004859285187166732,0.01940962771805608,0.3081182878939349,39707.91975463195,Close
BFST,1775,2018-06-08,2025-07-01,25.399999618530277,8.531855583190918,29.396095275878903,0.0004621395358175002,0.026880893483576036,0.42672095506055346,51956.44732394366,Close
BFZ,5984,2001-09-19,2025-07-01,10.890000343322754,3.0261032581329346,12.495216369628906,0.00021538911411924232,0.009203568529082216,0.14610212101375247,56966.14154411765,Close
BG,5980,2001-09-25,2025-07-01,80.25,9.942410469055176,115.91310119628906,0.0005622081774037975,0.02111992051422555,0.3352683443405532,1210402.5379598662,Close
BGB,3175,2012-11-14,2025-07-01,12.220000267028809,5.180079936981201,12.220000267028809,0.00024126860459423513,0.009615101009974055,0.15263499661894397,168709.35118110236,Close
BGC,6394,2000-01-28,2025-07-01,10.619999885559082,0.3445405662059784,19.24629211425781,0.0005950104362546051,0.0353548345568559,0.5612405992876393,1575776.7305286205,Close
BGFV,5759,2002-08-12,2025-07-01,1.409999966621399,0.505670964717865,34.43659591674805,0.0006581110460754333,0.04166866754605776,0.6614695907417812,363717.4216009724,Close
BGH,3153,2012-12-17,2025-07-01,15.630000114440918,5.547036170959473,15.630000114440918,0.0002974563360025863,0.009445831219319259,0.14994792199565263,77437.9882651443,Close
BGI,4903,2006-01-04,2025-07-01,0.9375,0.2000000029802322,9.920000076293944,0.0020272397641521215,0.08812084515985533,1.3988750496828422,111819.50581276769,Close
BGLC,1091,2021-02-26,2025-07-01,11.140000343322754,2.1700000762939453,285.6000061035156,0.009475768386540523,0.19122256605248372,3.0355641290309645,147885.0632447296,Close
BGM,1089,2021-03-02,2025-07-01,10.31999969482422,1.909999966621399,27.608285903930664,0.0009272375233309235,0.06174199971861247,0.9801238602196112,13066.333333333334,Close
BGR,5129,2005-02-10,2025-07-01,13.40999984741211,2.935912609100342,13.539999961853027,0.00037840264710953383,0.018778081725393064,0.2980928060654204,119574.28855527393,Close
BGS,4523,2007-07-11,2025-07-01,4.440000057220459,0.8638184666633606,28.487119674682617,0.00040112066754948,0.027509167566809073,0.43669449693708373,744352.2390006633,Close
BGSF,2778,2014-06-16,2025-07-01,7.289999961853027,2.940000057220459,22.66295623779297,0.0007497434696498587,0.033580534376520164,0.5330744571175667,40566.02735781138,Close
BGT,5210,2004-10-15,2025-07-01,12.640000343322754,2.010270595550537,12.644814491271973,0.0002960759219017519,0.01154051790184087,0.18320004221495917,85920.25431861804,Close
BGX,3595,2011-03-16,2025-07-01,12.420000076293944,5.120818138122559,12.532580375671388,0.0002625464272454338,0.010292107413189162,0.16338214009237692,57567.66175243394,Close
BGY,4521,2007-07-13,2025-07-01,5.78000020980835,1.22567880153656,5.856632232666016,0.00022200677768127424,0.01438361359642563,0.2283327871835375,339839.33355452336,Close
BH,11383,1980-05-02,2025-07-01,294.1400146484375,2.8677213191986084,323.7466735839844,0.0008768561786445984,0.031307217090185926,0.49698666397285907,7078.502415883335,Close
BHAT,1458,2019-09-12,2025-07-01,1.7699999809265137,1.659999966621399,3730.0,-0.0016376477902447146,0.09878626932446892,1.5681834094823603,85259.719478738,Close
BHB,6953,1997-11-07,2025-07-01,30.940000534057617,2.39709997177124,37.181758880615234,0.00047011804158228015,0.019263517377268183,0.30579885813973695,15877.747734790737,Close
BHC,7834,1994-05-17,2025-07-01,6.789999961853027,0.2934972941875458,262.5199890136719,0.0009741897614105299,0.03392160026570972,0.5384887102584628,3400240.5663773296,Close
BHE,8784,1990-08-14,2025-07-01,38.77000045776367,0.6978705525398254,51.188575744628906,0.0007671570329805998,0.02754102012591641,0.4372001406371977,332132.7070810565,Close
BHF,1968,2017-08-31,2025-07-01,53.77999877929688,16.149999618530273,67.45999908447266,0.00043239144616815945,0.03039755249471586,0.48254618619629525,840993.1397357724,Close
BHFAL,1674,2018-10-31,2025-07-01,19.30489921569824,12.052419662475586,24.03089904785156,0.0002142132254290432,0.015270066796169823,0.2424047954760611,28963.40621266428,Close
BHFAM,878,2021-12-30,2025-07-01,13.25,11.004316329956056,19.8592529296875,-0.00029111772344190314,0.017790749487470118,0.28241939268777455,43836.793849658316,Close
BHFAN,1130,2020-12-30,2025-07-01,14.979999542236328,12.754929542541504,20.96682548522949,-0.00011577514240480286,0.015085303757608966,0.23947177316700913,61735.79469026549,Close
BHFAO,1253,2020-07-07,2025-07-01,19.520000457763672,17.59324836730957,24.461788177490234,0.00014112871127448698,0.012271966231369879,0.19481142447592345,35172.61292897047,Close
BHFAP,1549,2019-05-03,2025-07-01,18.774999618530277,10.931930541992188,23.993144989013672,0.00021376104312817288,0.01833757857441851,0.2911000353301063,36686.48934796643,Close
BHK,5902,2002-01-16,2025-07-01,9.75,2.4446170330047607,12.630504608154297,0.00025301338685665875,0.008725151606705634,0.1385074878160725,108080.5945442223,Close
BHLB,6256,2000-08-15,2025-07-01,26.049999237060547,6.962578773498535,35.55475997924805,0.0004232673566445341,0.021112062785409825,0.335143606762656,136148.53628516625,Close
BHP,11383,1980-05-02,2025-07-01,48.66999816894531,0.3958812654018402,64.05425262451172,0.0005628659627196082,0.02097298483551192,0.33293581275296064,1627392.5417728191,Close
BHR,2896,2013-12-24,2025-07-01,2.490000009536743,0.9436101913452148,11.63072109222412,0.00025893634635594564,0.03942416880148954,0.625839277765036,348896.49412983423,Close
BHRB,5435,2003-11-21,2025-07-01,61.18999862670898,16.82500648498535,78.67577362060547,0.00029322741660167857,0.016967753218142652,0.2693547319363281,6060.948850045998,Close
BHST,1091,2021-02-26,2025-07-01,6.866799831390381,0.0010000000474974,7.6620001792907715,5.498138493014171,181.6211925431801,2883.147049729399,61408.71952337305,Close
BHV,5800,2002-06-13,2025-07-01,10.40999984741211,4.768369197845459,18.465951919555664,0.00024194505941196735,0.014992472487887359,0.2379981224455667,2989.908620689655,Close
BIDU,4974,2005-09-22,2025-07-01,86.04000091552734,4.514999866485596,339.9100036621094,0.0009581727435817027,0.031262016749926125,0.49626913081584145,10653398.496180138,Close
BIGC,1199,2020-09-22,2025-07-01,5.079999923706055,4.769999980926514,105.98999786376952,-0.0013139920618273498,0.04337012630688636,0.6884794112248889,1195619.7097581318,Close
BIIB,8475,1991-11-01,2025-07-01,130.07000732421875,0.3541670143604278,475.9800109863281,0.0010654182574348138,0.03547644656703406,0.5631711300998595,2293003.8809439526,Close
BILI,1792,2018-05-15,2025-07-01,21.34000015258789,8.920000076293945,156.3699951171875,0.0014622378455001305,0.04842089997505486,0.7686579575515728,6033119.341517857,Close
BILL,1361,2020-01-31,2025-07-01,46.04999923706055,29.209999084472656,342.260009765625,0.001066290068547867,0.04709476557679965,0.7476062266145834,1935793.6554004408,Close
BIO,11396,1980-04-15,2025-07-01,247.9900054931641,0.8703699707984924,825.77001953125,0.0006624250478657957,0.02110977359387832,0.33510726697368143,84991.14759564759,Close
BIOX,1796,2018-05-09,2025-07-01,4.590000152587891,3.700000047683716,16.0,0.0002694420194602189,0.03662252562925858,0.5813645711886447,70869.11302895323,Close
BIP,4363,2008-02-28,2025-07-01,33.54999923706055,1.6056530475616455,39.34259033203125,0.0007123202128191685,0.01905807880011952,0.30253762183073096,522216.6655970662,Close
BIPC,1287,2020-05-18,2025-07-01,42.08000183105469,23.852659225463867,46.32395553588867,0.0006184120207198628,0.019094593096659326,0.30311726831838776,461723.7614607615,Close
BIPH,996,2021-07-14,2025-07-01,16.030000686645508,12.57875919342041,20.346397399902344,-5.432215181304763e-05,0.016676754305139707,0.2647352674027526,14216.320281124497,Close
BIPI,827,2022-03-15,2025-07-01,16.3799991607666,14.542627334594728,21.92477035522461,-0.00020912030015020808,0.017057578206278644,0.27078065941709106,23247.287787182588,Close
BIRD,884,2021-12-21,2025-07-01,10.949999809265137,4.28000020980835,381.0,-0.0019245620647143106,0.05804955507944559,0.9215081187489561,76068.68552036199,Close
BIT,3073,2013-04-15,2025-07-01,14.649999618530272,5.2110137939453125,14.649999618530272,0.0003208202854300599,0.009720125599044697,0.15430221028431,132492.88415229417,Close
BITF,1443,2019-10-03,2025-07-01,0.8442000150680542,0.2199999988079071,8.869999885559082,0.0031615391759574666,0.080585146695027,1.2792495451242003,10141043.963963963,Close
BIVI,1168,2020-11-04,2025-07-01,0.930999994277954,0.7080000042915344,448.1000061035156,-8.430657985546153e-05,0.08666499653786784,1.3757641692808324,430474.5342465753,Close
BJ,1728,2018-08-15,2025-07-01,107.04000091552734,19.26000022888184,119.94000244140624,0.0011290103937427029,0.023876077180853286,0.37902097502593163,1827672.8813657407,Close
BJDX,879,2021-12-29,2025-07-01,1.659999966621399,1.5199999809265137,23320.0,-0.005971880131105713,0.10115971084297913,1.6058606255383616,188365.3572241183,Close
BJRI,7194,1996-11-25,2025-07-01,45.84999847412109,0.9730126857757568,74.3818588256836,0.001030780144681317,0.0378955989356372,0.6015739834052403,257787.64011676397,Close
BK,13119,1973-06-20,2025-07-01,90.6500015258789,0.336385428905487,91.62000274658205,0.0005975191264605844,0.020190830018606155,0.32051948995925716,3131425.4322738014,Close
BKD,4898,2006-01-11,2025-07-01,6.849999904632568,1.7400000095367432,46.958473205566406,0.0003735297854864753,0.0362730419819557,0.5758166902803614,1804606.2893017558,Close
BKE,8312,1992-06-25,2025-07-01,47.15999984741211,0.2632014751434326,50.58972930908203,0.0010060274356701675,0.02817051801089335,0.4471931097641385,336024.7457892204,Close
BKH,13168,1973-04-10,2025-07-01,56.7599983215332,0.2379879355430603,70.13774871826172,0.0005026374735522252,0.015275691226247716,0.24249408053557656,161620.16084447145,Close
BKKT,1124,2021-01-08,2025-07-01,14.06999969482422,6.28000020980835,1063.0,0.0024030624187735853,0.12054023116192253,1.9135168477961122,238401.79448398575,Close
BKN,8114,1993-04-07,2025-07-01,10.970000267028809,1.5951287746429443,16.11520004272461,0.0002338911832970087,0.009927016565641609,0.15758650256103718,39118.68930244022,Close
BKNG,6571,1999-05-18,2025-07-01,5730.72998046875,6.517370223999023,5789.240234375,0.0010069038044663485,0.03731228557175673,0.5923141708217508,714915.9027545275,Close
BKR,9600,1987-05-22,2025-07-01,38.68999862670898,3.962453365325928,48.822025299072266,0.0005154606232184033,0.025859344808236585,0.41050437257797956,3597719.60375,Close
BKSY,1355,2020-02-10,2025-07-01,20.040000915527344,4.059999942779541,119.91999816894533,0.00030728048076095584,0.05426900228779673,0.8614937037186328,310738.5881918819,Close
BKT,9272,1988-09-08,2025-07-01,11.739999771118164,1.47507905960083,14.162996292114258,0.0002561078306405631,0.009097890246549042,0.14442453028637328,50172.47530198447,Close
BKTI,11382,1980-05-05,2025-07-01,46.65999984741211,0.7484899759292603,601.4652099609375,0.0014045433875072594,0.05517862338552124,0.8759334909898927,6680.841152697241,Close
BKU,3594,2011-03-17,2025-07-01,36.81999969482422,11.819029808044434,43.38558578491211,0.0004505484209356102,0.022729037615196387,0.36081228641785346,733804.978297162,Close
BKYI,7101,1997-04-10,2025-07-01,0.8282999992370605,0.5899999737739563,23976.0,0.00144708354490594,0.077804364581532,1.2351059975888143,86551.37304604985,Close
BL,2146,2016-12-15,2025-07-01,57.45000076293945,24.649999618530277,150.3699951171875,0.0007833510342696575,0.027951854134542955,0.4437219283389193,546523.4603914259,Close
BLBD,2805,2014-05-07,2025-07-01,44.20000076293945,7.369999885559082,57.869998931884766,0.0009965046983412187,0.030341059166291925,0.4816493824098311,178251.4046345811,Close
BLBX,2209,2016-09-16,2025-07-01,5.980000019073486,1.2000000476837158,63.0,0.003585925598993377,0.11827273748046384,1.8775215015128122,149464.9452240833,Close
BLD,2492,2015-08-04,2025-07-01,343.19000244140625,23.280000686645508,479.0899963378906,0.0013445905921694126,0.026596347475948554,0.4222039272241218,310147.18780096306,Close
BLDE,1387,2019-12-23,2025-07-01,4.050000190734863,2.0799999237060547,18.600000381469727,0.00015499633661167085,0.03994987043687108,0.6341845325112732,661168.8183129055,Close
BLDP,7426,1995-12-27,2025-07-01,1.6100000143051147,0.5899999737739563,132.1875,0.0009086572904947415,0.045775089782856805,0.7266570228425565,1444522.0482089955,Close
BLDR,5001,2005-08-15,2025-07-01,126.91000366210938,0.8299999833106995,211.1199951171875,0.0012696212375710736,0.04242625625270104,0.6734959386248764,977199.4027194561,Close
BLE,5735,2002-09-16,2025-07-01,10.029999732971191,2.62532377243042,13.21058177947998,0.00023418745659098197,0.01088568550669654,0.1728049002070751,64657.18151700087,Close
BLFS,8933,1990-01-11,2025-07-01,21.65999984741211,0.2800000011920929,1365.0,0.005582704827226201,0.11423460480801004,1.8134181326384278,82743.18135005038,Close
BLFY,961,2021-09-01,2025-07-01,9.729999542236328,7.289999961853027,15.34000015258789,-0.00017898890995431122,0.017945673170487567,0.2848787299125248,84275.45369406868,Close
BLIN,4497,2007-08-16,2025-07-01,1.399999976158142,0.6299999952316284,5650.0,-0.00011805865439448672,0.059626035207817736,0.9465339649480033,226834.25283522348,Close
BLK,6443,1999-11-17,2025-07-01,1054.27001953125,9.516107559204102,1064.02587890625,0.0009384598466937912,0.02117636681309487,0.33616440155598265,514992.7471674686,Close
BLKB,5235,2004-09-10,2025-07-01,65.72000122070312,7.953239440917969,117.67849731445312,0.0006332691194893496,0.02303645673496806,0.3656924136529468,267583.3721107927,Close
BLMN,3209,2012-09-25,2025-07-01,9.670000076293944,4.161195278167725,27.544137954711918,0.0003597079982745804,0.029453664708399063,0.4675624321074221,1630071.2009971954,Close
BLND,961,2021-09-01,2025-07-01,3.430000066757202,0.550000011920929,17.459999084472656,-9.835408864180536e-05,0.05519200541166396,0.8761459240691635,2023976.2976066598,Close
BLNE,2102,2017-02-21,2025-07-01,1.350000023841858,0.6480000019073486,1850.0,-0.000913811841335875,0.06920472627270181,1.0985909716072018,95506.80637488107,Close
BLNK,3872,2010-02-09,2025-07-01,0.8952000141143799,0.6629999876022339,3500.0,0.003035979374195525,0.16646035202903683,2.642476167726585,1511066.0387396694,Close
BLRX,3470,2011-09-13,2025-07-01,4.53000020980835,2.430000066757202,3330.0,-0.00041255372070137794,0.050473446370159034,0.8012411214467794,26112.9590778098,Close
BLW,5484,2003-09-15,2025-07-01,14.25,2.5501632690429688,14.25,0.0003084109724578611,0.00998460204715589,0.15850064374032535,107375.40080233406,Close
BLX,8216,1992-11-10,2025-07-01,40.41999816894531,0.5397166013717651,42.77000045776367,0.0005269323396855907,0.023506475108812864,0.3731537240258928,101002.07071567673,Close
BLZE,878,2021-12-30,2025-07-01,5.360000133514404,3.7899999618530273,17.8799991607666,-0.00021428112865566173,0.04785764716018125,0.7597165963110968,247517.86218678814,Close
BMA,4814,2006-05-12,2025-07-01,69.41999816894531,4.027911186218262,115.8499984741211,0.0009610147860300274,0.034655175491071076,0.5501338559440486,239450.90340673036,Close
BMBL,1068,2021-03-31,2025-07-01,6.809999942779541,3.650000095367432,63.9900016784668,-0.0011057859305500352,0.04312936098583707,0.6846573802419387,2563030.380149813,Close
BME,5065,2005-05-13,2025-07-01,36.77999877929688,4.083807468414307,39.83639526367188,0.0004882727000163813,0.013418338045247252,0.21300951285312478,27447.781836130307,Close
BMEA,1024,2021-06-03,2025-07-01,1.7200000286102295,1.3899999856948853,41.79999923706055,0.00021097851658380125,0.07227799182381066,1.1473775497737768,677071.677734375,Close
BMEZ,1330,2020-03-17,2025-07-01,14.470000267028809,8.117050170898438,19.808687210083008,0.00037498515002590374,0.015155220539714971,0.2405816676745434,309222.15263157897,Close
BMI,13169,1973-04-09,2025-07-01,240.5800018310547,0.1328957825899124,254.1699981689453,0.0007713217771555533,0.02328265370023586,0.3696006693147712,81113.26091578708,Close
BML,3872,2002-04-17,2018-02-22,0.0099999997764825,0.0049999998882412,7.150000095367432,16.552509363567527,87.61469110257586,1390.8401031189553,57692.55526859504,Close
BMO,7687,1994-12-14,2025-07-01,111.3000030517578,2.288092851638794,111.3000030517578,0.0006233825550200556,0.01596363316819544,0.25341482030464363,391729.33849356056,Close
BMRA,10250,1984-10-24,2025-07-01,3.0799999237060547,1.440000057220459,128.0,0.0027438156313917485,0.08817657197592958,1.3997596854629817,14491.89863414634,Close
BMRC,6385,2000-02-10,2025-07-01,24.049999237060547,3.143512487411499,37.88471603393555,0.00048848912126729,0.019397318697810605,0.30792288825522063,28140.985747846516,Close
BMRN,6491,1999-09-10,2025-07-01,56.18999862670898,3.650000095367432,149.1300048828125,0.0006872433971667248,0.03129459071237509,0.4967862264389769,1167375.8764443074,Close
BMY,13349,1972-07-19,2025-07-01,47.5099983215332,0.1601400077342987,72.9626235961914,0.0005193439111853341,0.01660974524302262,0.2636715315190557,6317762.578245562,Close
BN,10424,1984-02-16,2025-07-01,61.97999954223633,0.2194094359874725,61.97999954223633,0.0006398868878921386,0.01812577540113897,0.28773776418975444,1530300.2181504222,Close
BNAI,1016,2021-06-15,2025-07-01,0.402999997138977,0.2469999939203262,13.75,-0.0007751087445761064,0.07682120456137613,1.219498816114932,993153.3582677165,Close
BNED,2467,2015-09-09,2025-07-01,11.6899995803833,6.119999885559082,1527.0,0.0002910020913064353,0.06943157370845843,1.10219206301059,53634.97648966356,Close
BNGO,1691,2018-10-08,2025-07-01,3.299999952316284,2.789999961853028,9342.0,-8.43517642255888e-06,0.12756530664580346,2.0250364638269462,33513.05913660556,Close
BNH,1145,2020-12-08,2025-07-01,15.779999732971191,12.927766799926758,20.51778984069824,-9.313984003068878e-05,0.012684683623753475,0.2013631099679118,34677.135371179036,Close
BNJ,1119,2021-01-15,2025-07-01,15.119999885559082,12.329771995544434,20.31235885620117,-0.00013358820424027071,0.012176133757756662,0.19329013111969506,22968.09383378016,Close
BNL,1169,2020-11-03,2025-07-01,16.309999465942383,12.063475608825684,21.586883544921875,0.00035559662058146503,0.015001600733014677,0.23814302884464664,1058301.6672369547,Close
BNR,1236,2020-07-30,2025-07-01,3.200000047683716,2.319999933242798,395.7999877929688,-0.0021431410584598133,0.05369945731350076,0.85245245754391,24383.321197411,Close
BNS,5771,2002-07-25,2025-07-01,55.66999816894531,4.944777011871338,63.01360702514648,0.0005241989930857339,0.015483986062847052,0.24580065855770064,731763.6459885635,Close
BNT,974,2021-08-13,2025-07-01,61.90999984741211,28.3594913482666,62.15160751342773,0.000287656829570603,0.021329933576047767,0.3386021983424941,15364.61498973306,Close
BNTC,2739,2014-08-11,2025-07-01,12.109999656677246,1.9299999475479128,5787.04150390625,0.0005025125462262166,0.08191438307559769,1.3003505185038582,36691.01788974078,Close
BNTX,1405,2019-11-26,2025-07-01,107.51000213623048,20.49849510192871,441.3838195800781,0.002371283153812278,0.04985416975352606,0.7914104099245693,1595199.8676156583,Close
BNY,5984,2001-09-19,2025-07-01,9.739999771118164,3.455223798751831,13.16116714477539,0.0001952091102764935,0.009358028065566196,0.14855409014070597,29155.39104278075,Close
BNZI,1067,2021-04-01,2025-07-01,0.6499999761581421,0.5699999928474426,569.5,-0.0038412899307937254,0.07516986190182863,1.193284564075844,503203.42268041236,Close
BOC,1991,2017-07-31,2025-07-01,14.15999984741211,12.600000381469728,47.22999954223633,0.0004204827769180443,0.027786435858111476,0.44109599460846355,103469.27674535409,Close
BODI,1086,2021-03-05,2025-07-01,4.110000133514404,3.5,637.0,-0.002937250431041042,0.05661004546531487,0.8986566120556974,23723.893186003683,Close
BOE,5023,2005-07-14,2025-07-01,11.449999809265137,2.192929744720459,11.449999809265137,0.00033027481073798475,0.013719141048429173,0.21778461249336917,179205.9352976309,Close
BOH,11383,1980-05-02,2025-07-01,70.02999877929688,0.5296194553375244,79.90625,0.0005795932597332587,0.01741671894546446,0.27648184190643654,241806.99639813756,Close
BOKF,8483,1991-10-22,2025-07-01,101.43000030517578,1.3795862197875977,118.3740463256836,0.0007719601468840541,0.030715189129163316,0.48758851144848425,100665.50489213722,Close
BOLT,1072,2021-03-25,2025-07-01,6.0,5.590000152587891,658.2000122070312,-0.0030313544872074107,0.047488489908236564,0.7538564066111668,10523.48041044776,Close
BON,976,2021-08-11,2025-07-01,1.2300000190734863,1.2300000190734863,3085.0,-0.005117051357203384,0.07689451543990836,1.2206625902328836,264282.8606557377,Close
BOOM,9157,1989-02-22,2025-07-01,8.5600004196167,0.2801824808120727,74.92793273925781,0.001508260175110248,0.049408300130035006,0.7843324490790774,207471.04674019874,Close
BOOT,2649,2014-12-17,2025-07-01,156.24000549316406,5.53000020980835,174.52000427246094,0.0015226037102048504,0.038409510283866535,0.6097320731453326,642493.5821064552,Close
BORR,1456,2019-09-16,2025-07-01,1.950000047683716,0.4670036733150482,17.03629493713379,0.0013236906641554491,0.07837456216325682,1.2441576035853,1956191.607142857,Close
BOSC,7326,1996-05-20,2025-07-01,4.949999809265137,1.409999966621399,1425.0,0.0007076672292960507,0.05406662290652271,0.8582810306386038,25957.39625989626,Close
BOTJ,6226,2000-09-27,2025-07-01,14.010000228881836,2.573087453842163,16.290843963623047,0.0007757851763001803,0.03285222421241519,0.5215128916883123,2409.9675554127853,Close
BOX,2592,2015-03-12,2025-07-01,33.70000076293945,9.119999885559082,38.54999923706055,0.0005229352841821206,0.025654377213351943,0.4072506128806288,1926359.8472222222,Close
BOXL,1872,2018-01-19,2025-07-01,1.850000023841858,1.1100000143051147,472.0,0.0008226998780656028,0.09965407064449563,1.581959328363586,70098.45192307692,Close
BP,15948,1962-02-16,2025-07-01,30.5,0.0410314761102199,37.04187774658203,0.0005579814284386107,0.017627147364214894,0.27982228949520177,3512157.4426887385,Close
BPMC,2525,2015-06-17,2025-07-01,128.33999633789062,13.34000015258789,128.39999389648438,0.0011494063073436186,0.03545218094021478,0.5627859252160341,575110.041980198,Close
BPOP,11383,1980-05-02,2025-07-01,112.68000030517578,0.6676676273345947,185.5453186035156,0.0007098670133098174,0.023659211095958806,0.37557833265532153,305897.81331810594,Close
BPOPM,4145,2009-01-08,2025-07-01,25.13990020751953,2.2513387203216557,25.53071594238281,0.000492572863332974,0.020351823318406598,0.323075179363375,4139.055971049457,Close
BPRN,2000,2017-07-18,2025-07-01,31.290000915527344,14.947545051574709,38.16719818115234,0.0002959409057490096,0.021778596434178822,0.3457245004132514,12233.8,Close
BPT,9060,1989-07-11,2025-06-30,0.5,0.2238105684518814,33.78636169433594,0.000450144046492575,0.03031843008813669,0.4812901569306467,159789.2604856512,Close
BPYPM,954,2021-09-13,2025-07-01,15.20139980316162,9.708488464355469,18.639760971069336,-1.5328426725867183e-05,0.015982866396350243,0.2537201383362831,40390.53668763103,Close
BPYPN,1321,2020-03-30,2025-07-01,13.360400199890137,8.00610065460205,17.135868072509766,0.0004385389687031063,0.01742990625947809,0.27669118402648246,24087.922028766086,Close
BPYPO,1440,2019-10-08,2025-07-01,15.170000076293944,5.703606605529785,17.988529205322266,0.00028886798297085375,0.024246389162805505,0.3848994954964497,23313.359027777777,Close
BPYPP,1551,2019-05-01,2025-07-01,15.010000228881836,7.5162835121154785,18.3752555847168,0.00021941487748643028,0.020174914459631987,0.3202668382931238,21233.134107027723,Close
BQ,1160,2020-11-16,2025-07-01,2.0999999046325684,1.7999999523162842,2460.0,-0.0027332091061836304,0.07161410622997645,1.1368386926920744,22434.76120689655,Close
BR,4566,2007-05-09,2025-07-01,244.72999572753903,6.874014377593994,245.35150146484372,0.0007516666321129641,0.016547896241665184,0.26268970906047884,727391.7505475252,Close
BRAG,1793,2018-05-14,2025-07-01,4.329999923706055,1.1200000047683716,24.0,0.001518245042922562,0.06245353993986105,0.9914192110590729,27279.26101505856,Close
BRBR,1399,2019-12-05,2025-07-01,58.77999877929688,14.4399995803833,79.38999938964844,0.0010598462593794618,0.025148587481082844,0.39922144979698493,886099.3252323088,Close
BRBS,3176,2012-11-13,2025-07-01,3.5799999237060547,2.0899999141693115,17.799768447875977,0.0003992242322282884,0.027612797622551685,0.43833957307216403,46165.99716624685,Close
BRC,9707,1986-12-18,2025-07-01,69.0199966430664,1.0608937740325928,76.2743148803711,0.0006123562709058764,0.022353284629736268,0.3548473926943482,166949.9588956423,Close
BRCC,816,2022-03-30,2025-07-01,1.5099999904632568,1.2400000095367432,33.11000061035156,-0.001992224888712526,0.04788194648451716,0.760102336126415,739500.5171568628,Close
BRDG,961,2021-09-01,2025-07-01,9.989999771118164,5.954625606536865,20.63255500793457,-4.872152241508579e-05,0.028943777644142882,0.45946822589491815,217249.55359001042,Close
BRFH,3269,2012-06-29,2025-07-01,3.3499999046325684,1.0,13.90999984741211,0.0016684170625242876,0.06272254668156572,0.995689560696375,22101.15845824411,Close
BRFS,6176,2000-12-07,2025-07-01,3.5999999046325684,0.3341407179832458,25.50107955932617,0.0006814385077332167,0.02971945734097055,0.47178175934400607,1732559.5254209845,Close
BRID,11383,1980-05-02,2025-07-01,7.809999942779541,0.1790595203638076,36.58000183105469,0.0010139853807390618,0.039076786377322564,0.6203247527399527,4250.911446894492,Close
BRK,5709,1996-09-25,2019-06-07,0.0763999968767166,0.050000000745058,20.9552001953125,0.5002804959652143,2.7416898067630426,43.522976404654464,119583.97600280259,Close
BRKL,6827,1998-05-12,2025-07-01,10.93000030517578,1.4239321947097778,14.900216102600098,0.0003964634101720225,0.019783478038166026,0.3140529777413718,330804.1110297349,Close
BRKR,6230,2000-09-21,2025-07-01,41.900001525878906,2.5030159950256348,93.82221221923828,0.0006649912895060673,0.03425836084486085,0.5438346187212866,635524.1420545747,Close
BRLS,904,2021-11-22,2025-07-01,3.5899999141693115,3.2100000381469727,12.5,7.326341630750657e-05,0.05117100736384951,0.812314558928404,26138.653761061945,Close
BRLT,913,2021-11-09,2025-07-01,1.399999976158142,1.2899999618530271,19.46999931335449,-0.0014308740107325717,0.04709067351952627,0.7475412672192073,126429.62760131435,Close
BRN,13169,1973-04-09,2025-07-01,1.1200000047683716,0.3112515807151794,26.01053047180176,0.0007094419294840237,0.041588752255371696,0.6602009748311407,35211.658364340496,Close
BRNS,1014,2021-06-17,2025-07-01,0.8999999761581421,0.6539999842643738,16.780000686645508,-0.0008396121868000777,0.06332922026706016,1.005320205301636,102434.96449704142,Close
BRO,11154,1981-03-31,2025-07-01,108.93000030517578,0.0597732327878475,124.26233673095705,0.000819523499863665,0.01929216306465022,0.3062535943294212,828851.8055406132,Close
BROS,919,2021-11-01,2025-07-01,67.0999984741211,22.809999465942383,85.37000274658203,0.0006689023450850511,0.04038411510514657,0.6410779529137492,2015941.7094668117,Close
BRSP,1830,2018-03-21,2025-07-01,5.130000114440918,1.720441222190857,12.038228034973145,0.0002406768653656019,0.034261730528648865,0.5438881107930866,612376.8546448087,Close
BRT,13119,1973-06-20,2025-07-01,15.800000190734863,0.2001755386590957,21.47803497314453,0.0008492109243882225,0.03891949430163165,0.6178278184470768,13697.989099778946,Close
BRTX,3128,2013-01-24,2025-07-01,1.6299999952316284,0.4000000059604645,139200.0,0.004733895522510822,0.1547768311087237,2.4570060229699706,92146.99936061382,Close
BRW,8355,1992-04-24,2025-07-01,8.109999656677246,1.3096883296966553,8.109999656677246,0.00026627775659669343,0.01036459930748619,0.1645329132386444,181589.57809694792,Close
BRX,2901,2013-12-17,2025-07-01,26.030000686645508,6.222960472106934,29.72593116760254,0.000491704624706095,0.02068839953579592,0.3284181611739608,2395658.07549121,Close
BRY,1715,2018-09-04,2025-07-01,2.9100000858306885,1.2326942682266235,10.74778175354004,7.123547930746564e-05,0.03903872881178994,0.6197206076165295,730148.1195335276,Close
BRZE,874,2022-01-05,2025-07-01,28.170000076293945,23.0,67.91999816894531,-0.00019628196099571933,0.03879286216945665,0.6158175956687273,908218.4462242563,Close
BSAC,7685,1994-12-16,2025-07-01,25.030000686645508,1.0893795490264893,25.43027114868164,0.0005320064970434148,0.01924065344785741,0.3054359045124491,329781.68718282366,Close
BSBK,1338,2020-03-05,2025-07-01,7.800000190734863,6.420000076293945,11.600000381469728,-1.766853476473739e-05,0.019090726791885566,0.3030558926328429,11069.50149476831,Close
BSBR,3924,2009-11-23,2025-07-01,5.510000228881836,2.264033317565918,10.38542366027832,0.0002304110985695534,0.025486862393407476,0.40459139755368384,2832248.9324668706,Close
BSET,11383,1980-05-02,2025-07-01,15.56999969482422,0.4008645117282867,28.491382598876957,0.0005740528347413789,0.02716891510684601,0.43129315658484235,34232.34569094263,Close
BSGM,2648,2014-12-18,2025-07-01,8.319999694824219,0.2529999911785126,118.4000015258789,0.002129239350874194,0.07734614004341893,1.2278319085539664,83528.82401812689,Close
BSL,3765,2010-07-14,2025-07-01,14.3100004196167,6.04725456237793,14.3100004196167,0.00027372548648968057,0.009964657060196917,0.15818402688795014,58710.61779548473,Close
BSLK,1009,2021-06-24,2025-07-01,2.549999952316284,1.809999942779541,244.5,-0.0005942064059383653,0.11963314042170388,1.899117228704984,63214.49950445986,Close
BSM,2525,2015-06-17,2025-07-01,13.140000343322754,2.495611906051636,15.28302764892578,0.00044819404893947,0.020926951122963115,0.3322050502209856,362619.64475247526,Close
BSRR,7821,1994-06-06,2025-07-01,30.709999084472656,1.1979968547821045,33.989646911621094,0.0009847320867171932,0.03721591719138171,0.5907843702094164,19276.217107786728,Close
BST,2650,2014-12-16,2025-07-01,38.130001068115234,8.346062660217285,42.24503326416016,0.0006595223185147623,0.01605928246035571,0.25493320574545625,115013.16528301887,Close
BSTZ,1479,2019-08-13,2025-07-01,20.649999618530277,7.716022491455078,28.576221466064453,0.0005485365567483901,0.01951109228093725,0.30972898789555164,244778.01757944556,Close
BSVN,1670,2018-11-06,2025-07-01,43.43000030517578,4.976544380187988,47.51645660400391,0.0010746362197300563,0.030490200830278254,0.4840169329279882,16807.47125748503,Close
BSX,8305,1992-07-07,2025-07-01,104.77999877929688,2.40625,107.41000366210938,0.0006614335705946026,0.023792669137531308,0.3776969133860969,8180523.432269717,Close
BSY,1165,2020-11-09,2025-07-01,53.68999862670898,27.314706802368164,70.03182220458984,0.0006207150443249078,0.023806015116224887,0.37790877422985275,1080875.1879828325,Close
BTA,4834,2006-04-13,2025-07-01,9.149999618530272,2.1901419162750244,12.469281196594238,0.00018791977707468958,0.009812563570472626,0.15576961758889554,41025.35539925528,Close
BTAI,1806,2018-04-25,2025-07-01,1.9700000286102293,1.1799999475479126,1034.0799560546875,0.0003143629526094849,0.07238275818780149,1.1490406642430822,202536.207641196,Close
BTBD,877,2021-12-31,2025-07-01,1.3550000190734863,1.0,3.4100000858306885,0.00093336365716913,0.062031003489845596,0.9847116528594672,43788.332953249716,Close
BTBT,1798,2018-05-07,2025-07-01,2.309999942779541,0.3300000131130218,29.270000457763672,0.0030018921007998254,0.08764168935135966,1.3912686870316524,5070674.994994438,Close
BTCM,2884,2014-01-13,2025-07-01,2.0999999046325684,1.2799999713897705,513.7000122070312,-9.997983201174037e-06,0.05927715998629926,0.9409957424996206,84937.79993065188,Close
BTCS,3645,2011-01-03,2025-07-01,2.3299999237060547,0.0532372891902923,8109.8134765625,0.1889696410427926,10.950251987111026,173.8298613083198,329415.22578875173,Close
BTCT,1651,2018-12-04,2025-07-01,3.009999990463257,1.3300000429153442,467.7999877929688,0.011658249139696028,0.5195623175876919,8.247796097624358,535939.953361599,Close
BTDR,953,2021-09-14,2025-07-01,11.300000190734863,2.930000066757202,26.100000381469727,0.0021195042840036218,0.06389165653097754,1.014248604197534,1657492.2298006297,Close
BTE,4809,2006-05-19,2025-07-01,1.830000042915344,0.204809308052063,46.59024810791016,0.0003801903789605101,0.03806414280692718,0.6042495344158644,2800207.2187564983,Close
BTG,4249,2008-08-11,2025-07-01,3.609999895095825,0.1927948147058487,5.973552703857422,0.0011366069624845097,0.03671236888733406,0.5827907886957059,5657499.149682278,Close
BTI,11364,1980-05-30,2025-07-01,46.68999862670898,0.0891381055116653,48.57152938842773,0.0007361398008923324,0.019187327612272084,0.3045893831159681,925618.9384899683,Close
BTMD,1016,2021-06-15,2025-07-01,4.119999885559082,3.069999933242798,10.060999870300291,7.454105363947687e-05,0.04263287945159987,0.676775980221174,120596.33070866142,Close
BTO,7738,1994-10-03,2025-07-01,35.790000915527344,0.6083369255065918,39.37428665161133,0.0007591900277009198,0.024918774867193214,0.39557328764999894,64632.01486172138,Close
BTOG,1444,2019-10-02,2025-07-01,0.1559000015258789,0.1199999973177909,136.5,-0.001339270443812134,0.08496562934145097,1.3487875513534318,2042181.4854570637,Close
BTT,3193,2012-10-17,2025-07-01,21.88999938964844,10.85492992401123,23.689809799194336,0.00012906578713160123,0.006520565679671413,0.10351077117524049,151840.72690259945,Close
BTU,2040,2017-05-19,2025-07-01,13.18000030517578,0.8044848442077637,41.78166580200195,0.001012735455445908,0.050264283961436375,0.797920771144159,3370777.0495098038,Close
BTX,1038,2021-05-13,2025-07-01,7.300000190734863,4.865199565887451,13.474124908447266,-0.00032020802864701233,0.01923670600844497,0.30537324085444423,951246.7273603083,Close
BTZ,4625,2007-02-13,2025-07-01,10.989999771118164,1.347480297088623,11.10248851776123,0.00025494521154231027,0.013424584882540237,0.2131086783208723,238272.76043243243,Close
BUD,3992,2009-08-18,2025-07-01,69.25,28.88294792175293,112.8770523071289,0.00036028409733464576,0.016402622929979006,0.26038356673134044,1566272.9170841684,Close
BUI,3386,2012-01-12,2025-07-01,25.700000762939453,7.275146484375,25.75,0.000426109436460292,0.012531055685784548,0.19892434205812717,53723.24128765505,Close
BUR,1147,2020-12-04,2025-07-01,13.140000343322754,6.51645565032959,16.269775390625,0.0007160416177016275,0.02914850603204848,0.46271818829919836,582661.2423714036,Close
BURL,2921,2013-11-18,2025-07-01,237.0200042724609,24.26000022888184,352.6400146484375,0.0010358469121357907,0.02573324540572922,0.40850260662092963,1015259.5614515577,Close
BURU,1116,2020-12-10,2025-07-01,0.3937999904155731,0.0270000007003545,11.5,-0.0029956610668493934,0.09886657962855316,1.5694582960362977,4466587.265232975,Close
BUSE,6692,1998-11-20,2025-07-01,23.88999938964844,5.328880786895752,36.51801681518555,0.00035064747714890485,0.023789567333757748,0.37764767377769354,78915.90809922296,Close
BV,1728,2018-08-15,2025-07-01,16.850000381469727,5.170000076293945,19.76000022888184,0.00045362677541660934,0.029435556871679574,0.4672749791109753,367589.7858796296,Close
BVFL,5091,2005-04-07,2025-07-01,15.65999984741211,2.232198715209961,35.0,0.0007585732468316077,0.03627452235331054,0.5758401904470789,3752.2437635042234,Close
BVN,7296,1996-07-02,2025-07-01,16.399999618530273,1.345842957496643,51.233673095703125,0.0006415555769198998,0.02966975381432763,0.4709927403193258,1127050.2668585526,Close
BVS,1068,2021-03-31,2025-07-01,6.96999979019165,0.9259999990463256,18.799999237060547,0.0007583604575681298,0.05349232196485081,0.8491642858223595,386217.7893258427,Close
BW,2493,2015-08-03,2025-07-01,0.949999988079071,0.2630000114440918,236.6000061035156,1.1405311139823256e-05,0.0638301569840073,1.0132723291553758,522427.11512234254,Close
BWA,7992,1993-09-30,2025-07-01,34.79999923706055,1.692782998085022,50.52139663696289,0.0006080763709659979,0.022067805404868888,0.3503155504935007,2176875.289664665,Close
BWAY,1527,2019-06-05,2025-07-01,12.975000381469728,1.4600000381469729,13.220000267028809,0.0009757790494954226,0.03983996850130666,0.6324398933706246,70775.12311722331,Close
BWB,1802,2018-05-01,2025-07-01,16.229999542236328,8.09000015258789,19.96999931335449,0.0003711376545155577,0.022271803968917234,0.35355392730321794,67861.61487236404,Close
BWBBP,937,2021-10-05,2025-06-30,18.520000457763672,12.076946258544922,20.313501358032227,4.914606978533223e-05,0.016819733546116416,0.2670049924883675,2653.1483457844183,Close
BWEN,4906,2005-12-29,2025-07-01,1.7999999523162842,1.190000057220459,286.0,0.0008425440543721736,0.054678226414910325,0.8679899353436131,140671.76803913576,Close
BWFG,3802,2010-05-20,2025-07-01,36.47999954223633,10.153791427612305,36.47999954223633,0.000382229820009452,0.01955938080107595,0.3104955443883497,12381.792214623882,Close
BWG,3301,2012-05-15,2025-07-01,8.359999656677246,4.240977764129639,8.359999656677246,0.0001689266964791292,0.009581840149804961,0.15210699683254686,75260.91245077249,Close
BWIN,1395,2019-12-11,2025-07-01,41.58000183105469,8.920000076293945,55.290000915527344,0.001298474371888405,0.03290685279838172,0.5223800936059676,406513.3698924731,Close
BWLP,2841,2014-03-17,2025-07-01,11.829999923706056,0.8564818501472473,18.595043182373047,0.0011094246608829297,0.03595545389941372,0.5707751357657779,40249.474128827875,Close
BWMN,1009,2021-06-24,2025-07-01,28.6299991607666,10.8100004196167,42.0,0.0011785646376460237,0.029747507690279576,0.4722270448347671,60139.6650148662,Close
BWMX,1599,2019-02-21,2025-07-01,8.65999984741211,4.146499156951904,36.22850036621094,0.0010101606846400703,0.041062580217842065,0.6518482526823034,46749.25015634772,Close
BWNB,853,2022-02-04,2025-07-01,16.059999465942383,6.535322666168213,21.0877628326416,0.0005789018238255156,0.03816558264493708,0.6058598419223176,18791.209847596718,Close
BWSN,1065,2021-04-06,2025-07-01,19.96999931335449,8.039999961853027,23.095542907714844,0.0006471265320825563,0.031588186529908906,0.501446915553956,22367.121126760565,Close
BWXT,3719,2010-09-17,2025-07-01,140.3699951171875,11.411581039428713,144.05999755859375,0.000787541453350659,0.017717257004397226,0.28125273568711356,732912.781661737,Close
BX,4502,2007-08-09,2025-07-01,152.77000427246094,1.9387367963790891,195.9850616455078,0.0009669530240490596,0.02828515610588762,0.4490129331049127,4167472.3196357177,Close
BXC,5136,2005-02-01,2025-07-01,80.95999908447266,3.400000095367432,170.7238006591797,0.0009666833408786531,0.04816794611017563,0.7646424394337143,66109.77414330219,Close
BXMT,11185,1981-02-13,2025-07-01,19.57999992370605,1.3918617963790894,68.8312759399414,0.00065591684212409,0.035276886565924266,0.5600032132924259,327671.63218596333,Close
BXMX,5169,2004-12-14,2025-07-01,14.0,2.137251853942871,14.0,0.0003303587014493481,0.011751772372084877,0.1865536029646572,163409.59876184948,Close
BXP,7020,1997-08-05,2025-07-01,68.12000274658203,6.743240833282471,111.61612701416016,0.0005195340490800934,0.020271076873079243,0.32179336928184304,940805.236039886,Close
BXSL,888,2021-12-15,2025-07-01,30.809999465942383,16.12055206298828,32.865474700927734,0.00043001704347124737,0.0148578127035075,0.2358604646391426,814343.0833333334,Close
BY,1978,2017-08-17,2025-07-01,27.649999618530277,7.912957668304443,31.82604217529297,0.0004284448151721824,0.0225512359939499,0.35798977318271963,107447.54398382205,Close
BYD,7948,1993-12-02,2025-07-01,80.43000030517578,2.353996753692627,80.43000030517578,0.0007515941615024571,0.03291733308367543,0.5225464629773046,993057.1498490187,Close
BYFC,7385,1996-02-26,2025-07-01,7.21999979019165,4.159999847412109,103.81242370605467,0.0008561931050974261,0.047996005882216274,0.7619129729324251,13802.50250507786,Close
BYM,5671,2002-12-16,2025-07-01,10.539999961853027,3.153269052505493,13.328758239746094,0.00021442948945181334,0.009705821026938719,0.15407513224188832,55958.77799329924,Close
BYND,1517,2019-06-19,2025-07-01,3.450000047683716,2.2799999713897705,234.8999938964844,-0.001414381875848727,0.04847580184411222,0.7695294977038032,3869774.066578774,Close
BYON,5777,2002-07-17,2025-07-01,7.170000076293945,2.650000095367432,122.31999969482422,0.0010356545366159576,0.04794301052261032,0.7610716976794782,1095004.162368011,Close
BYRN,4697,2006-10-27,2025-07-01,30.32999992370605,0.5,38.0,0.006352791589440093,0.13636364248869431,2.1647057153760367,57526.40813285075,Close
BYSI,2057,2017-04-26,2025-07-01,2.4200000762939453,0.5649999976158142,48.34999847412109,0.0011254759632007517,0.07199734227381333,1.142922376284646,290332.2221682061,Close
BZ,985,2021-07-29,2025-07-01,17.5,10.620296478271484,40.167266845703125,0.00035595063707163194,0.045455369739691505,0.7215816245022871,3374260.485279188,Close
BZAI,824,2022-03-18,2025-07-01,2.930000066757202,2.009999990463257,15.0,-0.0006197696257885164,0.04091476168926217,0.649501706287564,137988.94660194175,Close
BZFD,1053,2021-04-22,2025-07-01,2.109999895095825,0.6679999828338623,40.0,-0.0004463786084311976,0.07430265236246084,1.1795180394213436,559523.9012345679,Close
BZH,7858,1994-04-12,2025-07-01,23.399999618530277,1.25,400.6296691894531,0.0006898306932642896,0.03802408927492025,0.6036137043069437,401377.28760498855,Close
BZUN,2511,2015-07-08,2025-07-01,2.630000114440918,1.9700000286102293,66.33000183105469,0.0005862203881452226,0.0450452542467993,0.7150712428842425,1093357.465551573,Close
C,12192,1977-02-17,2025-07-01,86.2699966430664,4.456616401672363,383.2283020019531,0.0005238896758725148,0.025145649730086327,0.39917481444568126,9889245.67921588,Close
CAAP,1830,2018-03-21,2025-07-01,20.170000076293945,1.6799999475479126,21.920000076293945,0.0007901734851216368,0.034120690489460884,0.5416491695815214,184379.83551912569,Close
CAAS,5572,2003-05-09,2025-07-01,4.119999885559082,1.285979390144348,21.56206321716309,0.0011963674783866173,0.05264894940979408,0.835776161562816,150078.3977027997,Close
CABA,1394,2019-12-12,2025-07-01,1.559999942779541,0.6290000081062317,25.3799991607666,0.0013491057628680237,0.06866329797281424,1.0899960638015516,731408.9146341464,Close
CABO,2496,2015-07-29,2025-07-01,141.27000427246094,126.0500030517578,2129.7421875,-9.643253014454803e-05,0.023096785596539167,0.36665010464052755,56952.5657051282,Close
CAC,6942,1997-11-24,2025-07-01,41.880001068115234,3.4312047958374023,48.533935546875,0.0005525168705061145,0.02280485522487926,0.3620158536591749,25973.528233938345,Close
CACC,8293,1992-07-23,2025-07-01,529.4099731445312,3.0,696.25,0.001204662335189812,0.034296538096227625,0.5444406637984255,97502.1477149403,Close
CACI,11383,1980-05-02,2025-07-01,483.4100036621094,0.5128210186958313,572.4400024414062,0.0009827866833780586,0.027899243665032193,0.4428867630268164,204580.0974259861,Close
CADE,9971,1985-12-03,2025-07-01,33.439998626708984,0.9177313446998596,38.31562042236328,0.0006185437758653472,0.022792798750497386,0.36182446306175897,391514.4371677866,Close
CADL,954,2021-09-13,2025-07-01,4.849999904632568,0.675000011920929,14.0,0.0031456276679897766,0.11590708820476486,1.8399679834766147,836578.2547169811,Close
CAE,5736,2002-09-13,2025-07-01,28.979999542236328,1.5520856380462646,34.04999923706055,0.0006672523176122976,0.022915046802861713,0.363765090730667,151750.3308926081,Close
CAF,4685,2006-11-14,2025-07-01,13.805500030517578,3.4982190132141118,21.524152755737305,0.0005169931341058521,0.02135586899834831,0.33901391040782214,154195.4567769477,Close
CAG,11383,1980-05-02,2025-07-01,21.049999237060547,0.1374111324548721,36.46883010864258,0.0005824371844587176,0.016671911258022427,0.26465838641319206,2667998.497057015,Close
CAH,10527,1983-09-21,2025-07-01,164.39999389648438,0.5031512379646301,168.0,0.0006903927162573452,0.019010181276010937,0.30177727220748884,1731768.9268547543,Close
CAKE,8220,1992-11-04,2025-07-01,63.70000076293945,2.157678842544556,63.70000076293945,0.0007520964673742546,0.026882000521946094,0.42673852874986734,957464.3768856447,Close
CAL,11383,1980-05-02,2025-07-01,13.210000038146973,1.044873595237732,43.33631896972656,0.0006469975427942768,0.029243958196881137,0.46423344444069814,293019.99288412544,Close
CALM,7149,1997-01-30,2025-07-01,101.87999725341795,0.3727526366710663,111.6673583984375,0.0010032617147210127,0.027239039698977646,0.43240634997426325,460028.6807945167,Close
CALX,3809,2010-05-11,2025-07-01,52.41999816894531,4.340000152587891,79.97000122070312,0.0010069214771822165,0.033991968014227394,0.5396057636358466,464959.1966395379,Close
CAMT,6235,2000-09-14,2025-07-01,82.04000091552734,0.2266514599323272,137.24000549316406,0.001247526383416572,0.04288794114470587,0.6808249590747993,160218.47056936647,Close
CAN,1376,2020-01-09,2025-07-01,0.6032000184059143,0.578000009059906,36.400001525878906,0.0013426561704259403,0.08046840178614226,1.2773962771497487,7986480.002906977,Close
CANF,3148,2012-12-24,2025-07-01,1.0399999618530271,1.0299999713897705,1290.0,-0.0005814858590389403,0.055464005750403535,0.8804637955861448,54446.05368487929,Close
CANG,1709,2018-09-12,2025-07-01,4.710000038146973,0.597319483757019,8.0,0.0016506018306801486,0.05075791535982681,0.8057569266610038,182391.45874780574,Close
CAPL,3154,2012-12-14,2025-07-01,20.8700008392334,4.150944709777832,24.600624084472656,0.0007313357810429524,0.02550217665387267,0.40483450390190645,62623.56467977172,Close
CAPNR,2743,2001-02-22,2025-07-01,0.1599999964237213,0.1599999964237213,1606.0,0.0004781676631815685,0.07491573870802848,1.189250483436832,36.75975209624499,Close
CAPR,4592,2007-04-02,2025-07-01,9.699999809265137,0.9399999976158142,3250.0,0.0021012418085205827,0.08694444904160827,1.3802003402497414,326444.2014372822,Close
CAPS,8129,1993-03-17,2025-07-01,1.4199999570846558,1.4199999570846558,26250.0,0.0010307034415503067,0.06389503214927966,1.014302190476825,5828.648173207037,Close
CAR,10499,1983-10-31,2025-07-01,171.88999938964844,0.342038631439209,339.3498229980469,0.0012383184979349367,0.040167508167312495,0.6376394243751882,1771983.38689399,Close
CARE,4571,2007-05-02,2025-07-01,17.799999237060547,3.60962986946106,23.55134391784668,0.0003852413661171451,0.021714370277336463,0.34470494178122957,31742.848610807265,Close
CARG,1906,2017-11-29,2025-07-01,33.7400016784668,11.93000030517578,55.90999984741211,0.0005962556779765719,0.03274308211860947,0.5197803146616393,1109093.6720881427,Close
CARM,2834,2014-03-26,2025-07-01,0.4049000144004822,0.1659999936819076,333.73992919921875,0.0012155809526658502,0.10139589113463224,1.6096098714360945,469234.7614678899,Close
CARR,1295,2020-05-06,2025-07-01,74.30000305175781,15.231988906860352,81.91145324707031,0.00144545555836566,0.020331540861242975,0.3227532053375814,4931807.467953668,Close
CARS,1999,2017-07-19,2025-07-01,12.109999656677246,3.609999895095825,32.470001220703125,0.0003169648655937104,0.03664089706311166,0.5816562086598623,857301.3856928464,Close
CARV,7689,1994-12-12,2025-07-01,1.7200000286102295,1.2100000381469729,320.5758056640625,0.001486414007720293,0.07710432523723121,1.2239932175109305,73515.8940044219,Close
CASH,7967,1993-11-04,2025-07-01,81.55999755859375,1.5671865940093994,84.69344329833984,0.0008144369896551526,0.02627571320312023,0.41711401593787517,83628.36111459772,Close
CASI,7277,1996-07-30,2025-07-01,1.3300000429153442,1.1799999475479126,10835.0,0.001075580930594214,0.07311792198077391,1.1607110276577062,22450.144015390957,Close
CASS,7263,1996-08-19,2025-07-01,45.31999969482422,2.257877349853516,51.72159194946289,0.0006231306151433843,0.02081667700322125,0.3304545028396844,26985.399284042407,Close
CASY,10473,1983-12-07,2025-07-01,510.6400146484375,0.6565940976142883,510.9100036621094,0.0008561685792914384,0.02124351280251218,0.33723031109318413,279570.85410102166,Close
CAT,15948,1962-02-16,2025-07-01,390.9200134277344,0.3641553223133087,413.3669738769531,0.0005927577774817338,0.0186158278631707,0.2955171058532197,3097313.5991973914,Close
CATO,9589,1987-06-09,2025-07-01,2.8399999141693115,0.0691241174936294,24.27593994140625,0.000868866851036771,0.039977901625540685,0.634629513836313,173462.00604859734,Close
CATX,4906,2005-12-29,2025-07-01,3.2799999713897705,1.5,72.5,0.0019085321030997754,0.07966383365133858,1.2646241539647631,135506.14818589482,Close
CATY,8665,1991-02-01,2025-07-01,46.959999084472656,1.2794731855392456,52.69227981567383,0.0007812011540959927,0.028397807521928692,0.4508012188950164,275687.52637045586,Close
CB,8090,1993-05-12,2025-07-01,289.5899963378906,3.815955400466919,302.4599914550781,0.0006784402937881004,0.01951752872958645,0.309831163350265,1536828.0048207664,Close
CBAN,6821,1998-05-20,2025-07-01,17.020000457763672,1.532986760139465,24.11146354675293,0.0006059032134034214,0.030455218103333834,0.4834615993539213,10999.400967600059,Close
CBAT,5094,2005-04-04,2025-07-01,1.1299999952316284,0.3199999928474426,62.5,0.0010468988147730573,0.06087226787128202,0.9663172951675162,532312.4837063212,Close
CBFV,5435,2003-11-21,2025-07-01,28.71500015258789,5.566888809204102,33.14484405517578,0.00042953218668922473,0.017513059430721612,0.2780111996975028,4097.47506899724,Close
CBIO,2852,2014-02-28,2025-07-01,16.149999618530273,13.270000457763672,2535.0,0.0005084071687435775,0.06490584799598725,1.030348394586854,10081.622720897616,Close
CBL,885,2021-12-20,2025-07-01,25.84000015258789,16.342134475708008,31.134153366088867,0.0004695628451411655,0.0205573488604794,0.3263377961977532,128600.49830508475,Close
CBNK,1666,2018-11-12,2025-07-01,34.2400016784668,6.639364719390869,34.2400016784668,0.0010785833833757946,0.03098990272383205,0.49194945456805667,26940.255702280912,Close
CBRE,5265,2004-07-29,2025-07-01,141.6199951171875,2.359999895095825,147.1300048828125,0.0011140773731697718,0.03285679821177506,0.5215855016771315,2600107.606267806,Close
CBRL,10968,1981-12-23,2025-07-01,64.58999633789062,0.2027468532323837,148.47146606445312,0.0008031310873409175,0.024303837633844513,0.38581146170187036,415563.6993070751,Close
CBSH,11383,1980-05-02,2025-07-01,63.70000076293945,0.5067932605743408,69.93590545654297,0.0005323103330873296,0.014758815953888973,0.2342889399585765,334952.9340244224,Close
CBT,11221,1980-12-23,2025-07-01,77.9000015258789,0.9292959570884703,115.25959777832033,0.0005524841460366456,0.02108936097743977,0.3347832267334541,274961.3643169058,Close
CBU,9942,1986-01-15,2025-07-01,58.52999877929688,0.4727077484130859,72.23918914794922,0.0006284411251993794,0.021391155238341,0.33957406210216134,121059.79722389861,Close
CBUS,1965,2017-09-06,2025-07-01,1.4900000095367432,1.3799999952316284,1574.0,-0.0012013456446991159,0.06587236454992325,1.0456913692253047,46659.05089058524,Close
CBZ,7562,1995-06-14,2025-07-01,72.4000015258789,0.96875,88.6500015258789,0.0012007170930374213,0.03903132182304191,0.6196030253153827,236019.01983602223,Close
CC,2490,2015-08-06,2025-07-01,12.350000381469728,2.2837347984313965,42.49037551879883,0.0009680819717236126,0.03835179910286308,0.6088159365485147,2133656.529317269,Close
CCAP,1327,2020-03-20,2025-07-01,14.100000381469728,3.316969871520996,18.840240478515625,0.001001367968024037,0.020593861405333414,0.32691741487826015,92489.4280331575,Close
CCB,1714,2018-09-05,2025-07-01,100.58999633789062,9.010000228881836,100.70999908447266,0.0015275332976975413,0.03097232971519564,0.49167049170422183,44057.00291715286,Close
CCBG,7788,1994-07-22,2025-07-01,40.27999877929688,2.875547409057617,40.27999877929688,0.0006606040245561157,0.025819407013408943,0.409870379739822,21134.96186440678,Close
CCCC,1158,2020-11-18,2025-07-01,1.5099999904632568,1.100000023841858,50.5,-0.00032900294327715284,0.07320686611312506,1.1621229719863835,1616614.2314335061,Close
CCCS,1157,2020-11-19,2025-07-01,9.399999618530272,7.550000190734863,14.699999809265137,5.791922991538046e-05,0.021216354584922346,0.33679918775441725,2331937.223854797,Close
CCD,2548,2015-05-14,2025-07-01,20.26000022888184,5.919201374053955,24.032264709472656,0.00045323901171792673,0.016431634698765803,0.2608441142831643,83760.56907378336,Close
CCEC,4560,2007-05-17,2025-07-01,23.6200008392334,4.199726104736328,39.54834747314453,0.00031219208615218454,0.02740547495147691,0.435048427699307,63215.64714912281,Close
CCEL,7831,1994-05-20,2025-07-01,5.070000171661377,0.3208346366882324,11.357545852661133,0.0020178356524461613,0.06431331982951843,1.0209423015471883,23481.60158345039,Close
CCEP,9691,1987-01-13,2025-07-01,93.16999816894533,1.116542935371399,93.52999877929688,0.0006192803903477389,0.019485746484118535,0.3093266358445731,1559404.0629450006,Close
CCI,6726,1998-10-05,2025-07-01,103.72000122070312,0.6456328630447388,174.5371551513672,0.0008467552840207152,0.028842636549282496,0.4578626607889419,1950961.1888195064,Close
CCIF,1495,2019-07-22,2025-07-01,6.460000038146973,3.787337064743042,7.616371631622314,0.0003092662199801548,0.012886263553663952,0.2045630921509815,55903.07090301003,Close
CCJ,7339,1996-05-01,2025-07-01,71.66999816894531,1.2409369945526123,74.45999908447266,0.0006895676911263515,0.026478430347934914,0.4203320508478875,2178250.8712358633,Close
CCK,11383,1980-05-02,2025-07-01,105.33000183105467,0.87883460521698,125.06535339355467,0.0006464331077642812,0.0249312681697575,0.3957716126798328,813701.5993147676,Close
CCL,9524,1987-09-10,2025-07-01,28.63999938964844,1.0290002822875977,66.21758270263672,0.000661812063818287,0.027296625965850415,0.43332050362073093,7728981.206635867,Close
CCLD,2719,2014-09-09,2025-07-01,2.2699999809265137,0.3899999856948852,12.529999732971191,0.0017325683240880664,0.0699281340916147,1.1100747147191405,246324.4531077602,Close
CCLDO,821,2022-03-23,2025-07-01,19.750099182128903,3.2194371223449707,21.171606063842773,0.0010975277329034047,0.04063379422798835,0.6450414861133739,6670.269183922046,Close
CCM,3877,2010-02-01,2025-06-30,5.730000019073486,3.829999923706055,72.76831817626953,0.0010292267663205884,0.06415857570492822,1.0184858147241038,5087.238844467372,Close
CCNE,7831,1994-05-20,2025-07-01,23.700000762939453,1.8742690086364744,28.618623733520508,0.0005424121070457438,0.020962636924352317,0.33277154475585685,17895.930149406206,Close
CCNEP,1186,2020-10-08,2025-06-30,24.950000762939453,15.343265533447266,25.02718734741211,0.00036888201711357104,0.013182068647825484,0.20925885244516626,2773.1871838111297,Close
CCO,4904,2006-01-03,2025-07-01,1.1799999475479126,0.4300000071525574,7.91963529586792,0.0004936982376816196,0.04021040118246887,0.6383203298817012,984345.908442088,Close
CCOI,5856,2002-03-25,2025-07-01,50.22999954223633,1.973499417304993,81.30146026611328,0.0011037191868030767,0.047863943485145284,0.7598165473712677,347091.18732923496,Close
CCRD,9665,1987-02-19,2025-07-01,28.96999931335449,0.5030232667922974,55.31999969482422,0.0012346842498960062,0.0471145412608755,0.7479201558670087,16177.802483186757,Close
CCRN,5925,2001-12-12,2025-07-01,13.170000076293944,3.869999885559082,38.86000061035156,0.0004591618479468316,0.03387117883938202,0.5376882949295891,276160.8151898734,Close
CCS,2743,2014-08-05,2025-07-01,59.4900016784668,9.787516593933104,105.4733657836914,0.0008525050162088166,0.028838505123238926,0.4577970764337138,293726.93401385343,Close
CCSI,908,2021-11-16,2025-07-01,23.799999237060547,11.640000343322754,65.0,-0.00047229736344859625,0.035911638004520775,0.5700795799976269,151814.25,Close
CCU,8216,1992-11-10,2025-07-01,12.899999618530272,1.5773160457611084,21.846023559570312,0.0004311156292026734,0.018942774327426384,0.3007072200719342,159903.79199123662,Close
CCZ,1335,2020-03-09,2025-06-30,61.09999847412109,43.93239212036133,65.05589294433594,0.00033467436509629226,0.020186918239169106,0.32045739238581217,4307.191011235955,Close
CDE,11383,1980-05-02,2025-07-01,8.970000267028809,1.7300000190734863,316.0805969238281,0.00060042973401943,0.04058593216015556,0.6442816993410606,1664816.9056487745,Close
CDIO,834,2022-03-04,2025-07-01,3.609999895095825,3.2799999713897705,307.5,0.000833025294479392,0.12580535689268135,1.9970981276265627,79374.75419664268,Close
CDLX,1824,2018-03-29,2025-07-01,1.6699999570846558,1.225000023841858,157.17999267578125,0.001201409698262389,0.06863451273687177,1.089539112347147,691603.5345394737,Close
CDNA,2723,2014-09-03,2025-07-01,18.850000381469727,0.7860000133514404,95.5999984741211,0.0014058928662706177,0.048442548643396276,0.7690016195074555,593780.5387440323,Close
CDNS,9555,1987-07-28,2025-07-01,309.4599914550781,0.8611109852790833,326.5,0.0009863989286204948,0.029315557820193787,0.46537005322420516,2031581.3624280482,Close
CDP,8376,1992-03-25,2025-07-01,28.01000022888184,0.9524455070495604,32.01265335083008,0.0007005339261187918,0.02609597630039937,0.4142607810617527,460948.7637297039,Close
CDRE,883,2021-12-22,2025-07-01,31.729999542236328,17.51708984375,39.893157958984375,0.0008818945694410561,0.02632454542425206,0.41788920341636554,185002.96602491508,Close
CDRO,1079,2021-03-16,2025-07-01,8.399999618530273,2.0999999046325684,10.18000030517578,0.0006357896722803015,0.039602638924689126,0.6286724031396831,33685.530120481926,Close
CDTX,2536,2015-06-02,2025-07-01,49.02999877929688,8.5600004196167,345.20001220703125,0.0005600587279907034,0.053081964060810914,0.8426500560466438,36477.095031545745,Close
CDW,2988,2013-08-14,2025-07-01,181.16000366210935,18.259246826171875,253.8794860839844,0.0008882435003546693,0.017898461651161744,0.2841292702776029,891860.5304551539,Close
CDXS,3789,2010-06-09,2025-07-01,2.400000095367432,1.25,41.77999877929688,0.0005298545616780573,0.04277214937664385,0.6789868217418359,373402.99287410924,Close
CDZI,9159,1989-02-17,2025-07-01,2.990000009536743,1.5,531.25,0.0007718607123684951,0.05282075244233725,0.8385034501543918,75652.33344251556,Close
CDZIP,972,2021-08-17,2025-07-01,17.81999969482422,6.984044075012207,18.880001068115234,0.0005968452459411744,0.029335368610733836,0.4656845397744725,5745.852880658436,Close
CE,5110,2005-03-10,2025-07-01,58.130001068115234,5.800313949584961,169.06594848632812,0.0006213795662531301,0.025708096180144184,0.4081033750415464,1289212.5567514678,Close
CECO,11203,1981-01-20,2025-07-01,28.75,0.5431685447692871,34.5099983215332,0.0012124168348644768,0.04569538445206475,0.725391739941905,62799.47763991788,Close
CEE,8867,1990-04-17,2025-07-01,15.510000228881836,2.3436529636383057,32.504154205322266,0.00037731993304564957,0.019917969255195466,0.3161879596240657,36323.52261193188,Close
CEG,832,2022-03-08,2025-07-01,307.9200134277344,47.6548080444336,346.3178100585937,0.002665928330071681,0.03138185449487614,0.4981714960407406,2696325.4375,Close
CELC,1922,2017-11-06,2025-07-01,12.489999771118164,4.420000076293945,30.93000030517578,0.0007421666317883704,0.045113907442358075,0.7161610785771928,95946.20135275755,Close
CELH,4608,2007-03-09,2025-07-01,46.0,0.050000000745058,96.11000061035156,0.003281262754196,0.08099642464576906,1.285778380188527,1390665.6015625,Close
CELU,1449,2019-09-25,2025-07-01,2.049999952316284,1.0800000429153442,129.10000610351562,-0.0006202536261181028,0.06692639208268601,1.0624235375855362,103304.08902691511,Close
CELZ,2294,2016-05-17,2025-07-01,2.640000104904175,1.7999999523162842,487500.0,0.005826121578627221,0.2044497139924217,3.2455385930533818,50643.39319965126,Close
CENN,3175,2012-11-14,2025-07-01,0.6711000204086304,0.6711000204086304,8100000.0,9.871298981687354e-05,0.1279761607393246,2.031558570366485,33973.81480314961,Close
CENT,8266,1992-08-31,2025-07-01,36.08000183105469,0.8744713068008423,47.33000183105469,0.0008328971390528981,0.031421764764719216,0.49880505193331415,181672.82300992016,Close
CENTA,4597,2007-03-26,2025-07-01,32.099998474121094,1.7920000553131104,43.63199996948242,0.0006676977139848904,0.029876313524064974,0.47427177405643,308152.18816619535,Close
CENX,7328,1996-05-16,2025-07-01,18.100000381469727,1.059999942779541,79.98999786376953,0.0011324894096416296,0.0468167364958361,0.743192651781743,1283828.5327510918,Close
CEPU,1829,2018-03-22,2025-07-01,11.800000190734863,1.657323122024536,15.899999618530272,0.0006874652329357758,0.03823489935634377,0.6069602106028152,271466.5478403499,Close
CERO,866,2022-01-18,2025-07-01,9.229999542236328,6.868000030517578,22640.0,-0.003985874860327715,0.11778569099408903,1.869789878233559,89204.8545034642,Close
CERS,7115,1997-03-20,2025-07-01,1.4800000190734863,0.5799999833106995,80.5,0.00063517534590681,0.042589084646563365,0.6760807592441151,654523.1177793394,Close
CERT,1109,2021-02-01,2025-07-01,11.520000457763672,9.050000190734863,45.209999084472656,-0.00039431183998435166,0.03447042595572315,0.5472010479918565,934114.2001803427,Close
CET,11383,1980-05-02,2025-07-01,47.90999984741211,0.4342561662197113,47.9158821105957,0.0004997424882872413,0.013362406416392882,0.21212162577089622,13748.548625142757,Close
CETX,2486,2015-08-12,2025-07-01,1.1399999856948853,0.8659999966621399,4733400.0,-0.002671691949893467,0.08117859854582936,1.2886703011980847,33077.38938053097,Close
CEV,6615,1999-03-16,2025-07-01,9.6899995803833,2.501443386077881,12.018475532531738,0.0002173102830891009,0.01140649001475581,0.18107241546711209,17170.5776266062,Close
CEVA,5668,2002-12-19,2025-07-01,21.75,2.950000047683716,74.11000061035156,0.0007062203554420019,0.031048733698129417,0.49288336733232746,137129.91372618207,Close
CF,4970,2005-09-28,2025-07-01,92.48999786376952,1.574108362197876,111.25052642822266,0.001160071904444905,0.028236628812810454,0.44824258620922475,5661886.965191147,Close
CFBK,6633,1999-02-18,2025-07-01,24.13999938964844,5.834089756011963,345.4754333496094,0.0004941186720483663,0.040667185361352685,0.6455715539226335,2641.5318860244233,Close
CFFI,6797,1998-06-24,2025-07-01,64.87000274658203,4.814911365509033,85.53199005126953,0.0006183613466280122,0.025273940019890064,0.40121135966035176,5492.269089304104,Close
CFFN,6570,1999-05-19,2025-07-01,6.21999979019165,0.8272030353546143,10.57375431060791,0.0004172996639138929,0.015084524342624465,0.2394594003377065,517215.2423135464,Close
CFG,2675,2014-11-10,2025-07-01,46.09999847412109,12.023963928222656,48.078243255615234,0.0006647953727228082,0.02370460654353998,0.37629896304504706,5152753.117009345,Close
CFLT,976,2021-08-11,2025-07-01,24.950000762939453,16.280000686645508,93.5999984741211,0.0005286776913934338,0.04948814957540795,0.7856000197277769,3909916.9713114756,Close
CFR,11383,1980-05-02,2025-07-01,132.50999450683594,0.572284460067749,145.33042907714844,0.0006082139042401443,0.0203308820175128,0.322742746517604,267572.41474128084,Close
CFSB,835,2022-03-03,2025-07-01,13.75,5.889999866485596,13.75,0.0006763862758832951,0.029987390867603544,0.47603507222021046,4718.276646706587,Close
CG,3276,2012-06-20,2025-07-01,52.81999969482422,7.296804904937744,56.15910339355469,0.0007443580779602125,0.022552593350330902,0.3580113205472673,1384115.8702686203,Close
CGABL,1001,2021-07-07,2025-07-01,16.899999618530273,13.180981636047363,21.180469512939453,-9.271225071668236e-05,0.012510541673906113,0.1985986922151918,35227.87112887113,Close
CGAU,4249,2008-08-11,2025-07-01,7.269999980926514,0.6556845903396606,18.87723922729492,0.0009372919352399108,0.03969728433581651,0.6301748524631423,106506.3998587903,Close
CGBD,1990,2017-08-01,2025-07-01,13.65999984741211,2.299037456512451,17.553112030029297,0.0005877945346245971,0.022776383033035395,0.3615638716257762,251168.06532663316,Close
CGC,2793,2014-05-23,2025-07-01,1.1299999952316284,0.828000009059906,568.9000244140625,0.0006313421894367644,0.060743552202910014,0.9642739972774175,1575626.8825635517,Close
CGEM,1091,2021-02-26,2025-07-01,7.639999866485596,7.130000114440918,53.41999816894531,-0.0007024758892734122,0.04207821953894539,0.6679710270745707,367128.9697525206,Close
CGEN,6225,2000-09-28,2025-07-01,1.7300000190734863,0.3899999856948852,19.450000762939453,0.0007757475108314839,0.05035763313911958,0.7994026433996119,302092.4324497992,Close
CGNT,1071,2021-03-26,2025-07-01,9.4399995803833,2.3499999046325684,28.36000061035156,-0.0003047777846647559,0.03671185684467531,0.5827826602704916,521895.4948646125,Close
CGNX,9021,1989-09-06,2025-07-01,32.04999923706055,0.2739463150501251,91.5100555419922,0.001020602239751095,0.03160961552693893,0.5017870903358779,1183913.6351845693,Close
CGO,4916,2005-12-14,2025-07-01,11.75,1.5602562427520752,12.093146324157717,0.00045986428080063897,0.016027490808058206,0.25442852891097406,28971.607200976403,Close
CGTX,902,2021-11-24,2025-07-01,0.3122999966144562,0.238999992609024,8.920000076293945,-0.0012991289129683796,0.07185893436648957,1.140725218871065,884480.5853658536,Close
CHCI,5136,2005-02-01,2025-07-01,10.510000228881836,0.4199999868869781,207.8999938964844,0.001984900566326436,0.08648974162798508,1.3729820838352753,53331.762071651094,Close
CHCO,9543,1987-08-13,2025-07-01,126.08000183105467,2.3552956581115723,132.5065155029297,0.0007875391049195307,0.029420823227601676,0.4670410897621602,39490.16609032799,Close
CHCT,2511,2015-07-08,2025-07-01,17.06999969482422,8.942424774169922,40.02999496459961,0.0004301800807124774,0.02168182217610431,0.3441882566921838,134791.9370768618,Close
CHD,11383,1980-05-02,2025-07-01,97.63999938964844,0.1099844947457313,112.84153747558594,0.0007319215269917099,0.016378568228700593,0.2600017101866727,1008651.218571554,Close
CHDN,8088,1993-05-14,2025-07-01,104.1999969482422,1.885792851448059,148.1554718017578,0.0007400216559240407,0.02463889773820273,0.3911303759642175,278193.62079624133,Close
CHE,13119,1973-06-20,2025-07-01,483.9200134277344,0.6015135645866394,647.9158325195312,0.0005515677921945644,0.018756346556822283,0.2977477709609663,89230.06837411388,Close
CHEF,3469,2011-09-14,2025-07-01,62.77999877929688,3.5999999046325684,66.3499984741211,0.0010580317229189158,0.03484082743979883,0.5530809892645375,283107.8279042952,Close
CHEK,2565,2015-04-21,2025-07-01,0.7599999904632568,0.5699999928474426,1245.5999755859375,0.0003561719160009858,0.09882470766960398,1.5687935992945778,108162.92904483431,Close
CHGG,2891,2014-01-02,2025-07-01,1.3799999952316284,0.4600000083446502,113.51000213623048,0.00019603766118895882,0.03942902577184014,0.6259163797790736,1947544.903493601,Close
CHH,7189,1996-12-03,2025-07-01,130.08999633789062,2.1132068634033203,155.63169860839844,0.0007316396441061865,0.021633821682367337,0.3434262724767657,260893.37626930032,Close
CHI,5757,2002-08-14,2025-07-01,10.520000457763672,1.2130173444747925,11.598576545715332,0.00045478165347021714,0.015165590865907224,0.24074629149925933,197396.38162237278,Close
CHKP,7265,1996-08-15,2025-07-01,221.0800018310547,2.166666984558105,233.47000122070312,0.0010089496224992332,0.030784660887539065,0.48869134142331183,2565832.208258775,Close
CHMG,6631,1999-02-22,2025-07-01,49.790000915527344,7.821121692657471,54.0382194519043,0.0004089789059504855,0.019659942289923148,0.3120919085341102,4649.036947670034,Close
CHMI,2919,2013-11-20,2025-07-01,2.680000066757202,1.304987549781799,7.40669584274292,0.00019939964767432816,0.02490200234642888,0.3953070321371864,175936.7632750942,Close
CHN,8269,1992-08-26,2025-07-01,14.93000030517578,0.4479877352714538,23.526216506958008,0.0005298826998324868,0.019966552370664074,0.3169591926727457,56291.730318055386,Close
CHNR,7492,1995-09-22,2025-07-01,3.930000066757202,3.7100000381469727,27500.0,0.0019335697486328007,0.09116005978106152,1.44712108609482,4163.86852642819,Close
CHPT,1423,2019-10-31,2025-07-01,0.7063999772071838,0.5370000004768372,46.09999847412109,-0.0006085459993549424,0.04977449799603151,0.7901456599834933,9858893.26563598,Close
CHR,1676,2018-10-29,2025-07-01,1.4800000190734863,1.0099999904632568,105.8000030517578,-0.0009619358846861384,0.054434051724847096,0.8641137823054317,33380.70525059666,Close
CHRD,3750,2010-08-04,2025-07-01,100.83999633789062,0.0578018650412559,175.5484619140625,0.06929215384908329,4.2026836606394316,66.71553483075905,5853032.476533334,Close
CHRS,2644,2014-12-24,2025-07-01,0.7602999806404114,0.6700000166893005,37.459999084472656,-1.6763143737833524e-05,0.04676517209952815,0.742374092366927,1279097.3593040847,Close
CHRW,6936,1997-12-03,2025-07-01,98.30999755859376,2.2492809295654297,112.60353088378906,0.0006979132374654861,0.020275533808362,0.32186412093604916,1290330.7880622838,Close
CHSCL,2597,2015-03-05,2025-07-01,25.36000061035156,13.25468635559082,25.58099937438965,0.0002834279312024557,0.008762528553796238,0.13910082845668387,36512.77319984598,Close
CHSCM,2685,2014-10-27,2025-07-01,23.93000030517578,11.314598083496094,24.841833114624023,0.00030728484383190426,0.01140216221266913,0.1810037137388429,33853.619739292364,Close
CHSCN,2815,2014-04-23,2025-07-01,24.670000076293945,11.356542587280272,25.17020606994629,0.00030198286984571933,0.011932068142944681,0.18941570959744755,24677.528241563054,Close
CHSCO,2928,2013-11-07,2025-07-01,26.13999938964844,12.321053504943848,26.744359970092773,0.00028400141547740734,0.008160721675160677,0.1295474404277375,23368.182035519127,Close
CHSCP,5572,2003-05-09,2025-07-01,27.700000762939453,5.771129608154297,30.53524398803711,0.0003095727563841068,0.007733109791299301,0.1227593122136193,12837.644651830582,Close
CHT,5491,2003-09-04,2025-07-01,46.63999938964844,5.336971282958984,46.869998931884766,0.00046145965876584233,0.012384562985153365,0.1965988425295891,401846.8284465489,Close
CHTR,3863,2010-02-23,2025-07-01,418.2200012207031,29.5,821.010009765625,0.0008668394923798985,0.01906497984054116,0.3026471724511906,1187823.5674346362,Close
CHW,4479,2007-09-12,2025-07-01,7.139999866485596,0.8415824174880981,7.708299160003662,0.00038298847600633397,0.016133430580591013,0.2561102706634094,200394.92743916053,Close
CHWY,1487,2019-08-01,2025-07-01,41.86000061035156,14.989999771118164,118.69000244140624,0.0009269462038482326,0.03974896557005651,0.6309952666226297,5205787.063887021,Close
CHX,1771,2018-06-14,2025-07-01,25.920000076293945,2.9032623767852783,43.66429138183594,0.000534811327079899,0.03859005425909096,0.6125981199002617,1721473.8051948051,Close
CHY,5526,2003-07-16,2025-07-01,10.989999771118164,1.2202763557434082,11.78011989593506,0.0004210379797815866,0.014481463958438523,0.22988611352504004,198301.24936663048,Close
CI,10868,1982-05-18,2025-07-01,334.3900146484375,1.282071232795715,361.7877197265625,0.0006909472706021106,0.020178241100092798,0.3203196470732876,2325610.608667648,Close
CIA,11201,1981-01-22,2025-07-01,3.609999895095825,1.3949730396270752,34.71932601928711,0.0008291027566649776,0.03811120741886822,0.6049966619683509,46326.28952772074,Close
CIB,7500,1995-09-12,2025-07-01,45.720001220703125,0.3341855406761169,46.18999862670898,0.000710072432322472,0.02645274808829319,0.4199243576151783,267452.65173333336,Close
CIEN,7110,1997-03-27,2025-07-01,80.11000061035156,5.090000152587891,1046.5,0.0008335942523669506,0.04187945506583193,0.6648157388825727,2823906.9482419128,Close
CIF,9272,1988-09-08,2025-07-01,1.75,0.1020986661314964,2.281763792037964,0.0003526894703418597,0.015241749527310503,0.24195527276879922,48067.95071182054,Close
CIFR,1146,2020-12-07,2025-07-01,4.900000095367432,0.4120000004768371,14.520000457763672,0.0019458140786684486,0.07243134383703523,1.1498119375140368,4802919.342059337,Close
CIG,7166,1997-01-07,2025-07-01,1.9900000095367432,0.0881593152880668,2.90817666053772,0.0007509190726899547,0.0332799692644239,0.5283031338812328,4163156.889478091,Close
CIGI,7629,1995-03-09,2025-07-01,131.0500030517578,0.7786676287651062,155.0779571533203,0.000925656436344121,0.02277568637636391,0.3615528125439645,53509.15926071569,Close
CII,5275,2004-07-15,2025-07-01,21.32999992370605,1.8957374095916748,21.350000381469727,0.0004679880977875436,0.012885308543177036,0.2045479318294945,110323.38161137441,Close
CIIT,2897,2013-12-23,2025-07-01,0.6877999901771545,0.0299999993294477,81.19999694824219,0.013240389536876816,0.20938541151605838,3.323890362218462,3788.344494304453,Close
CIK,9598,1987-05-27,2025-07-01,2.9800000190734863,0.1811393946409225,2.9800000190734863,0.0003580876402026589,0.013357463487908713,0.21204315921379127,150298.59866638883,Close
CIM,4391,2008-01-17,2025-07-01,13.989999771118164,3.322222948074341,36.0097541809082,0.0002113137331566391,0.0277034132007959,0.4397780507818191,614590.2983375086,Close
CINF,11383,1980-05-02,2025-07-01,149.3800048828125,0.3667618632316589,157.3544158935547,0.0006693264397712793,0.016807469555453487,0.26681030767211555,484256.47412808577,Close
CING,860,2022-01-26,2025-07-01,4.139999866485596,1.8450000286102293,511.2000122070313,0.0008958079226536818,0.1447419803362541,2.297707705444377,333101.76976744185,Close
CINT,879,2021-12-29,2025-07-01,6.079999923706055,3.380000114440918,18.670000076293945,0.0002348228848925049,0.04158485479548687,0.6601391045735401,103492.4061433447,Close
CIO,2787,2014-06-03,2025-07-01,5.440000057220459,3.091822862625122,16.243358612060547,0.00024045736897125415,0.022373903766820254,0.355174711348186,252737.15644061714,Close
CION,905,2021-11-19,2025-07-01,9.65999984741211,5.112978935241699,11.681509017944336,0.0003794815252511503,0.01889124217322033,0.29988917248461827,235030.36685082872,Close
CISO,834,2022-03-04,2025-07-01,1.1699999570846558,0.335999995470047,138.14999389648438,-0.0012886871951331245,0.09003795994571212,1.4293083034316938,618673.6882494005,Close
CIVB,7829,1994-05-24,2025-07-01,23.6200008392334,2.3130404949188232,23.76000022888184,0.0007213601763446094,0.042531094466926024,0.6751601936812889,13543.494060544132,Close
CIVI,3371,2012-02-03,2025-07-01,29.440000534057617,6.469796180725098,4880.8662109375,0.00018498482284531745,0.05093432388144864,0.8085573251251874,435312.93562741025,Close
CIX,6840,1998-04-23,2025-07-01,25.88999938964844,2.1251025199890137,33.6251106262207,0.0005969167861597098,0.03053865429782531,0.4847861078797177,9010.597660818714,Close
CJET,839,2022-02-25,2025-07-01,2.069999933242798,1.149999976158142,319.5,-0.002422268692121211,0.08487453059256178,1.3473414035475724,29791.858164481524,Close
CKX,6500,1999-08-27,2025-07-01,10.869999885559082,1.9102554321289065,16.455921173095703,0.0007031851759596787,0.03000186789167793,0.4762648878527612,1852.3212307692309,Close
CL,13120,1973-06-19,2025-07-01,92.04000091552734,0.2004718482494354,107.02027893066406,0.0005495337996922222,0.01596795105690965,0.2534833646630036,3608304.197560976,Close
CLAR,6784,1998-07-14,2025-07-01,3.509999990463257,2.550961971282959,126.1566925048828,0.0006194702332091026,0.039679436858751,0.6298915325480706,189039.57060731133,Close
CLB,7460,1995-11-07,2025-07-01,11.949999809265137,1.9245936870574951,187.4331817626953,0.0007221567008786215,0.030847603968352743,0.48969053185482325,444826.09195710457,Close
CLBK,1775,2018-06-08,2025-07-01,14.949999809265137,10.65999984741211,22.799999237060547,0.00010191690321541277,0.018870143523859455,0.2995542418093689,157699.8422535211,Close
CLBT,1133,2020-12-24,2025-07-01,15.8100004196167,3.920000076293945,26.0,0.0007834509139199206,0.02905732123900858,0.4612706745847916,662614.3336275375,Close
CLDI,886,2021-12-17,2025-07-01,0.2300000041723251,0.2240000069141388,106.9000015258789,-0.003482976177268359,0.07968813223178245,1.2650098819711613,302993.8611738149,Close
CLDT,3793,2010-06-03,2025-07-01,7.239999771118164,3.4336445331573486,20.83703994750977,0.00023048133477669626,0.024472960570849484,0.38849620509574234,246573.56498813603,Close
CLDX,9825,1986-07-02,2025-07-01,21.209999084472656,1.5499999523162842,3015.0,0.001039985265041915,0.05310192415899723,0.8429669127823163,143516.78748091604,Close
CLF,13169,1973-04-09,2025-07-01,8.119999885559082,0.3136521577835083,98.06121063232422,0.000665274867606633,0.0312892904619878,0.4967020875725101,3810949.8551142835,Close
CLFD,9768,1986-09-23,2025-07-01,43.040000915527344,0.75,131.6199951171875,0.0013621905898671862,0.04601064152838673,0.7303962908799125,51464.98791973792,Close
CLGN,1831,2018-03-20,2025-07-01,1.350000023841858,1.350000023841858,24.25,0.0004072851725349015,0.05195109634981789,0.8246980876726414,25385.19006007646,Close
CLH,9438,1988-01-13,2025-07-01,229.5500030517578,0.5625,263.3900146484375,0.0011561525964724477,0.039901625744125375,0.63341867175677,299865.7812036448,Close
CLIR,3282,2012-06-12,2025-07-01,0.5400000214576721,0.3899999856948852,11.75,0.0008821426650313547,0.06407424628039518,1.0171471266109862,191060.4673979281,Close
CLLS,2551,2015-05-11,2025-07-01,1.5499999523162842,0.9700000286102296,47.65999984741211,-4.177725012316287e-06,0.05448353120924933,0.8648992447697997,209156.03449627597,Close
CLM,5732,2002-09-19,2025-07-01,8.109999656677246,1.0969140529632568,8.406271934509277,0.000466047007363719,0.01850565022606145,0.2937680900862289,435520.97452896024,Close
CLMB,7506,1995-09-01,2025-07-01,107.06999969482422,0.6650981903076172,139.44578552246094,0.0009132344032096423,0.030797986348417433,0.4889028765568487,19096.27724487077,Close
CLMT,4855,2006-03-15,2025-07-01,15.539999961853027,0.9399999976158142,29.666973114013672,0.0007536037399494991,0.036558450866730714,0.5803474158668592,302010.11472708546,Close
CLNE,4521,2007-07-13,2025-07-01,1.9800000190734863,1.0800000429153442,23.920000076293945,0.0005217953376990501,0.043813746727107444,0.6955216670753787,1976114.7816854678,Close
CLNN,1650,2018-12-06,2025-07-01,3.900000095367432,2.369999885559082,326.0,-0.0007599304350544848,0.05939367901679279,0.9428454247657739,27814.726666666666,Close
CLOV,1236,2020-07-30,2025-07-01,2.75,0.621999979019165,22.149999618530277,0.00033904691966522816,0.05619173197319692,0.892016091234455,12015831.231391586,Close
CLPR,2075,2017-03-30,2025-07-01,3.7899999618530273,3.1854891777038574,9.632911682128906,4.7404112502741066e-05,0.02968763661755177,0.47127662101978046,66617.76674698795,Close
CLPS,1751,2018-07-13,2025-07-01,0.9100000262260436,0.6787261366844177,12.932372093200684,0.0003565405928402155,0.06440813432955295,1.022447435073834,219516.02855511138,Close
CLPT,3263,2012-07-10,2025-07-01,11.260000228881836,1.3899999856948853,160.0,0.0004981789666547688,0.05116709013373519,0.8122523748281397,86289.45418326693,Close
CLRB,4701,2005-12-29,2025-07-01,4.860000133514404,4.860000133514404,269892000.0,-0.0007806823910107111,0.0785796627531267,1.24741347451259,8040.614550095725,Close
CLRO,9117,1989-04-20,2025-07-01,10.479999542236328,3.874919891357422,187.0885772705078,0.0012066267188760552,0.0503285976656756,0.7989417195480211,10139.979379181748,Close
CLS,6760,1998-08-17,2025-07-01,148.91000366210938,2.5899999141693115,156.11000061035156,0.0009538218330075985,0.0325757361762994,0.5171237801840302,1040809.6310650888,Close
CLSD,2250,2016-07-20,2025-07-01,0.7928000092506409,0.5860000252723694,24.71999931335449,0.0006709615462738293,0.055604401226808785,0.8826925046807452,491987.93422222225,Close
CLSK,2133,2017-01-05,2025-07-01,11.079999923706056,1.0499999523162842,73.0,0.0043364395495399015,0.12305349028829406,1.9534135995679673,7410044.988279419,Close
CLST,899,2021-11-30,2025-07-01,12.399999618530272,9.329999923706056,14.050000190734863,-4.3390703061031556e-05,0.01229821632952294,0.19522813186554766,7992.265850945495,Close
CLVT,1643,2018-12-17,2025-07-01,4.510000228881836,3.0999999046325684,33.529998779296875,1.2855388370857241e-05,0.03037527078383867,0.4821924750016987,3973520.329275715,Close
CLW,4134,2009-01-26,2025-07-01,28.899999618530277,3.1050000190734863,75.30000305175781,0.0009172605333266095,0.031700182689371886,0.5032247994683563,165120.07160135463,Close
CLWT,7086,1997-05-01,2025-07-01,1.1399999856948853,0.8894095420837402,24.28087043762207,0.002378210312287845,0.08545430473259737,1.3565450326942952,37504.029494778435,Close
CLX,13169,1973-04-09,2025-07-01,123.54000091552734,0.2121656388044357,206.1641082763672,0.0005015692254063689,0.01811980346170149,0.2876429625901766,854213.392740527,Close
CLYM,944,2021-09-27,2025-07-01,1.190000057220459,1.1299999952316284,20.46999931335449,-0.00046626084349907617,0.0677828392685595,1.0760192151748305,187119.39300847458,Close
CM,6916,1998-01-02,2025-07-01,71.11000061035156,2.3439440727233887,71.11000061035156,0.0005536626848627393,0.017273039270578126,0.27420099777721346,596113.0805378832,Close
CMA,11383,1980-05-02,2025-07-01,60.93000030517578,0.746315598487854,84.9549789428711,0.0006081009959235006,0.021148938228867792,0.335728986279906,1190532.0372485286,Close
CMBM,1479,2019-08-13,2025-07-01,0.4050000011920929,0.2689999938011169,64.91999816894531,-0.0005213828435078478,0.05392484112850216,0.8560303146881062,234335.3502366464,Close
CMBT,2591,2015-03-13,2025-07-01,9.029999732971191,3.099847316741944,18.3700008392334,0.0005995729841169264,0.025086392780937574,0.3982341395402812,1076002.7043612504,Close
CMC,11383,1980-05-02,2025-07-01,50.709999084472656,0.1579726934432983,62.62702560424805,0.0007467119669733553,0.023432650391905237,0.3719817929766088,771391.5623297901,Close
CMCL,10199,1985-01-08,2025-07-01,20.15999984741211,0.9174524545669556,282.8812255859375,0.003232882960029462,0.08315408863251435,1.3200302341191361,14719.54044514168,Close
CMCM,2771,2014-06-25,2025-07-01,4.570000171661377,1.5099999904632568,91.83831024169922,0.00010370047311553609,0.04544455355562609,0.7214099229032565,123328.94478527608,Close
CMCO,7353,1996-04-11,2025-07-01,15.68000030517578,1.25513756275177,53.41582489013672,0.0005178922121738286,0.03140053824325685,0.4984680913513838,107916.28586971304,Close
CMCSA,11383,1980-05-02,2025-07-01,36.33000183105469,0.0651546716690063,55.51034164428711,0.0007983921562118434,0.022088868542079726,0.350649917430845,15070165.023895282,Close
CMCT,7904,1994-02-03,2025-07-01,8.039999961853027,3.0,1678.0086669921875,0.0007196713775780941,0.10424592375739583,1.6548527367256163,2094.0762904858298,Close
CME,5644,2003-01-27,2025-07-01,275.4200134277344,4.108250617980957,289.3849182128906,0.0009412571517190305,0.020848048412878645,0.33095250852907043,2543045.534904323,Close
CMG,4855,2006-03-15,2025-07-01,58.2400016784668,0.7738000154495239,68.55220031738281,0.0011311441678067634,0.024039222760124074,0.3816108308074321,31006016.139031924,Close
CMI,13169,1973-04-09,2025-07-01,329.6199951171875,0.55870521068573,382.06884765625,0.0006373024825176194,0.02171194590661967,0.3446664560892148,1229879.68919432,Close
CMMB,1572,2019-04-01,2025-07-01,1.159999966621399,0.449999988079071,127.36000061035156,-3.253212759300432e-05,0.08570131732738505,1.360466236073349,195994.8975826972,Close
CMP,5388,2004-02-02,2025-07-01,21.309999465942383,7.585510730743408,71.39910888671875,0.0004886117189236061,0.02456636760927704,0.38997899586203655,362254.28173719376,Close
CMPO,1124,2021-01-08,2025-07-01,14.020000457763672,3.612957000732422,14.460000038146973,0.0008506089174964116,0.028729053152979373,0.45605958027083693,382922.1396797153,Close
CMPR,4935,2005-11-16,2025-07-01,48.79999923706055,11.960000038146973,171.24000549316406,0.0007328847471681325,0.032879052712801136,0.5219387809287324,376247.8265450861,Close
CMPS,1168,2020-11-04,2025-07-01,3.1600000858306885,2.3499999046325684,59.20000076293945,-0.0007574211866229496,0.048860252450558896,0.7756324618800785,591434.9717465753,Close
CMPX,1033,2021-05-20,2025-07-01,2.5799999237060547,0.800000011920929,5.53000020980835,0.000930656753479814,0.053631562915387794,0.8513746673869821,440124.8751210068,Close
CMRE,3652,2010-12-22,2025-07-01,8.979999542236328,2.703806161880493,16.5448055267334,0.0004942947218004582,0.026395164626165164,0.4190102484926531,445859.2820372399,Close
CMS,13169,1973-04-09,2025-07-01,70.12999725341797,1.473246693611145,74.94523620605469,0.0003156854427149809,0.017871656849754888,0.2837037572468128,1166606.010251348,Close
CMSA,1803,2018-04-30,2025-07-01,21.56999969482422,13.723617553710938,24.28054618835449,0.00021720451944779638,0.010979722578440968,0.17429769244221407,14561.152523571825,Close
CMSC,1663,2018-11-15,2025-07-01,22.270000457763672,13.718883514404297,23.796640396118164,0.00022494412858458355,0.010220901238631161,0.16225177711422056,24817.722790138305,Close
CMSD,1566,2019-04-09,2025-07-01,22.40999984741211,13.83493995666504,24.100648880004883,0.0001877975060919495,0.010373603938705728,0.1646758573277729,53964.135376756065,Close
CMT,9233,1988-11-02,2025-07-01,17.299999237060547,0.6429117321968079,29.649999618530277,0.0011646493442135772,0.04607115753485307,0.7313569527006049,25036.18942922127,Close
CMTG,884,2021-12-21,2025-07-01,2.950000047683716,2.2100000381469727,16.147397994995117,-0.0010846604158774322,0.031204367846818445,0.49535398284996995,451813.8484162896,Close
CMTL,11383,1980-05-02,2025-07-01,2.3399999141693115,0.2446624785661697,37.713035583496094,0.000988236943334595,0.04567255325427597,0.725029305913008,184019.03900553458,Close
CMU,9612,1987-05-06,2025-07-01,3.3299999237060547,0.5425170063972473,4.056559085845947,0.0002421915036546231,0.012157823518742828,0.1929994650864345,47701.024240532664,Close
CNA,13169,1973-04-09,2025-07-01,46.47999954223633,0.3101756274700165,50.52161407470703,0.000491780201505033,0.022344733126480876,0.354711641788651,170915.89953679094,Close
CNC,5891,2002-02-01,2025-07-01,56.650001525878906,1.5625,97.22000122070312,0.0009429797494002458,0.025546344848068968,0.40553565224811977,3011084.3148871157,Close
CNCK,922,2021-10-27,2025-07-01,5.559999942779541,4.369999885559082,13.880000114440918,-0.0001850985004407676,0.029403974139334193,0.46677361877791657,51956.04229934924,Close
CNDT,2115,2017-02-01,2025-07-01,2.7699999809265137,1.5399999618530271,23.270000457763672,-3.439927939370792e-05,0.03991291374734514,0.633597863252678,1737161.5361702128,Close
CNET,3961,2009-10-01,2025-07-01,1.409999966621399,1.190000057220459,350.0,0.0022167106698618697,0.13152824427855525,2.087946148452068,28469.774804342338,Close
CNEY,1072,2021-03-25,2025-07-01,2.7799999713897705,2.5999999046325684,9615.0,-0.001101613331613999,0.13755671046242954,2.1836450823102314,78067.79570895522,Close
CNF,1636,2018-12-27,2025-07-01,0.7300000190734863,0.4000000059604645,6.820000171661377,-0.00011939649755640732,0.04689649565253659,0.7444587891422014,52814.01833740831,Close
CNFR,2452,2015-09-30,2025-07-01,0.760699987411499,0.4589999914169311,10.09000015258789,0.00015063786826221006,0.05029024687174562,0.7983329195680974,70366.31076672104,Close
CNH,2923,2013-11-14,2025-07-01,13.359999656677246,4.612244606018066,17.648801803588867,0.000369912697329166,0.022524319700645844,0.3575624902729304,3946810.564146425,Close
CNI,7160,1997-01-15,2025-07-01,104.9800033569336,1.7908748388290403,131.4766082763672,0.0006859496492321379,0.0164025942486828,0.2603831114298782,1734707.4547486033,Close
CNK,4544,2007-06-11,2025-07-01,30.100000381469727,4.436360836029053,40.37400817871094,0.0006503479071650346,0.02988116283268343,0.4743487544442402,1711607.2128080986,Close
CNM,957,2021-09-08,2025-07-01,61.290000915527344,18.899999618530277,62.02999877929688,0.0011548146703959084,0.024403838953410535,0.3873989334359703,1598805.1347962383,Close
CNMD,9525,1987-09-09,2025-07-01,54.06999969482422,0.835239827632904,151.74143981933594,0.000913738070629671,0.032826454131727356,0.5211038043397158,183029.41595800524,Close
CNNE,1879,2018-01-09,2025-07-01,20.989999771118164,15.490374565124512,44.14756393432617,0.0003863820460103646,0.02292092591610024,0.3638584187600194,499341.6631186801,Close
CNO,5454,2003-10-27,2025-07-01,38.720001220703125,0.2023683339357376,42.18129348754883,0.0009367152729396677,0.039207451301025535,0.6223989940991365,1593785.1585991932,Close
CNOB,7831,1994-05-20,2025-07-01,24.059999465942383,2.038894891738892,33.27391052246094,0.0005724647021891916,0.023123956389553776,0.3670814276079739,58620.87753799004,Close
CNOBP,941,2021-09-30,2025-07-01,22.88999938964844,12.410160064697266,23.0,0.0002945267815141936,0.018937113138409754,0.3006173514823566,7620.456960680128,Close
CNP,15948,1962-02-16,2025-07-01,36.52000045776367,0.1825610548257827,38.81508255004883,0.0004531926687412235,0.017290030797794963,0.2744707299096791,1697693.556370705,Close
CNQ,6234,2000-09-15,2025-07-01,31.65999984741211,0.8723416924476624,39.71923828125,0.0008554306138440494,0.026133147741902372,0.4148508594022971,6087530.40150786,Close
CNR,1883,2018-01-03,2025-07-01,65.2699966430664,3.415653944015503,132.96156311035156,0.0012331780448579354,0.04311177283580104,0.6843781770158365,539993.161975571,Close
CNS,5220,2004-10-01,2025-07-01,76.29000091552734,3.393300771713257,105.02677917480467,0.0007883761514825619,0.02460983509407472,0.3906690207913894,163457.09942528736,Close
CNSP,1384,2019-12-27,2025-07-01,0.8511000275611877,0.7580000162124634,374250.0,-0.005111684801906887,0.10175074684351865,1.6152430311782444,126826.95664739884,Close
CNTA,994,2021-07-16,2025-07-01,13.170000076293944,3.0299999713897705,23.11000061035156,0.0006068378508508938,0.046161695004738414,0.7327941904785026,333414.6267605634,Close
CNTB,1043,2021-05-06,2025-07-01,1.059999942779541,0.550000011920929,28.5,0.00012524208782486456,0.07226909697318115,1.1472363483974886,184625.65004793863,Close
CNTX,894,2021-12-07,2025-07-01,0.6274999976158142,0.4819999933242798,6.260000228881836,-0.0005232967391246181,0.06271467820613694,0.9955646525212843,495878.7662192394,Close
CNTY,7930,1993-12-29,2025-07-01,2.150000095367432,0.625,15.81999969482422,0.0007732808487353563,0.04298260652403038,0.6823277253835609,86365.01160151324,Close
CNVS,5411,2003-12-29,2025-07-01,5.170000076293945,0.2599999904632568,2918.0,0.0032449983985162593,0.20745304506995968,3.293214995869125,80216.89983367216,Close
CNX,6550,1999-06-17,2025-07-01,32.16999816894531,2.908853054046631,90.42306518554688,0.0008923013717707259,0.033377481190391536,0.5298510877170728,3478397.357251908,Close
CNXC,1121,2021-01-13,2025-07-01,56.22999954223633,36.78678512573242,195.52719116210935,-0.00024355538116023432,0.027773304402126307,0.44088753920712986,407113.48438893846,Close
CNXN,6843,1998-04-20,2025-07-01,66.58000183105469,2.2900400161743164,76.09410095214844,0.001039941446488334,0.03914845921913716,0.6214625238311449,81451.28028642408,Close
COCH,1015,2021-06-16,2025-07-01,1.4900000095367432,0.9100000262260436,10.5,0.0006661256845773782,0.08244423935060945,1.3087617261095872,97293.12413793104,Close
COCO,893,2021-12-08,2025-07-01,36.810001373291016,7.559999942779541,40.29999923706055,0.0018956344761318375,0.03436336010416339,0.5455014302890496,527418.2250839865,Close
COCP,3326,2012-04-10,2025-07-01,1.4900000095367432,1.1699999570846558,1440.0,0.000991423988495901,0.0799428086629961,1.269052744981846,72701.05472038484,Close
CODA,5995,2001-08-28,2025-07-01,8.170000076293945,0.0280000008642673,126.0,0.04069009672538666,1.9483136766575733,30.928520786291084,17373.62768974145,Close
CODI,4777,2006-07-06,2025-07-01,6.389999866485596,1.904727578163147,27.84419250488281,0.00046280886462682813,0.023694987754260283,0.3761462694989614,218167.02491103203,Close
CODX,1971,2017-08-28,2025-07-01,0.277999997138977,0.2319999933242797,30.799999237060547,0.0014325137858600728,0.08384304067287604,1.3309670087034216,1149862.4342973111,Close
COE,2244,2016-07-28,2025-07-01,30.51000022888184,3.312000036239624,140.0,0.0008411477788406818,0.050759735127504126,0.8057858145773124,18741.177361853832,Close
COEP,1105,2021-02-05,2025-07-01,7.389999866485596,2.799999952316284,239.0,-0.0011369063308892089,0.0618007179178112,0.9810559827346915,31937.63076923077,Close
COF,7673,1995-01-05,2025-07-01,215.17999267578125,3.633090734481812,215.17999267578125,0.0009495192315302342,0.028925747855947842,0.45918201188038665,3489440.8343542293,Close
COFS,6009,2001-08-08,2025-07-01,29.61000061035156,2.5785024166107178,36.70589447021485,0.0006302366864267751,0.0261740596218292,0.4155003153620242,5400.777500416043,Close
COGT,1791,2018-05-16,2025-07-01,7.21999979019165,1.2799999713897705,67.08000183105469,0.00178471495871675,0.1079770187254149,1.714082033145674,712580.8475711893,Close
COHN,5324,2004-05-04,2025-07-01,9.979999542236328,1.916664958000183,300.6322021484375,0.0005798731513831671,0.052373483311056276,0.8314032728114796,22004.405334335086,Close
COHR,9475,1987-11-18,2025-07-01,86.63999938964844,0.109375,112.0199966430664,0.0012828512579341643,0.037250687690368114,0.5913363347690943,585152.3008970977,Close
COHU,11383,1980-05-02,2025-07-01,19.6299991607666,0.2813592255115509,50.54999923706055,0.0008236868279561128,0.03131796080814846,0.49715721520816947,138096.83387507687,Close
COIN,1026,2021-06-01,2025-07-01,335.3299865722656,32.529998779296875,375.0700073242188,0.001901055131985866,0.056248635206214995,0.8929194020546233,11003632.18031189,Close
COKE,13169,1973-04-09,2025-07-01,115.62000274658205,0.0049512842670083,145.58370971679688,0.0008694035155249356,0.021483813654886497,0.3410449688644998,199162.60224770295,Close
COLB,8286,1992-08-03,2025-07-01,24.46999931335449,1.8275680541992188,40.65328979492188,0.0006924747690334378,0.027481991716602715,0.4362630936892071,317990.33876418055,Close
COLD,1839,2018-03-08,2025-07-01,16.649999618530273,14.253031730651855,35.265132904052734,0.00026961574942923244,0.019060446863967347,0.30257521367891144,1889867.0842849375,Close
COLL,2520,2015-06-24,2025-07-01,30.299999237060547,7.590000152587891,41.86000061035156,0.0008869338609711404,0.0372175814360571,0.5908107892746075,381735.5361111111,Close
COLM,6825,1998-05-14,2025-07-01,63.36000061035156,2.5011250972747803,106.84528350830078,0.0006930502414159099,0.025268745747461945,0.40112890314183147,405432.34095238097,Close
COMM,2904,2013-12-12,2025-07-01,8.199999809265137,0.8679999709129333,42.31999969482422,0.0005574708999553469,0.03996167513078546,0.6343719262176774,2769442.012741047,Close
COMP,1034,2021-05-19,2025-07-01,6.340000152587891,1.850000023841858,17.209999084472656,0.0005193177810224524,0.05203555476142071,0.8260388233920128,3928900.774661509,Close
COO,10662,1983-03-10,2025-07-01,72.80999755859375,0.11429413408041,113.94168853759766,0.0007783993031833114,0.0343415446271967,0.5451551203283329,1243066.5100356406,Close
COOK,952,2021-09-15,2025-07-01,1.75,1.2999999523162842,23.32999992370605,-0.0015232024346210067,0.048418656097525554,0.7686223371000827,575125.8844537815,Close
COOP,3301,2012-05-15,2025-07-01,152.17999267578125,5.159999847412109,155.9600067138672,0.0014998779842046225,0.03369401257265688,0.5348758676348025,415125.5743714026,Close
COOT,1110,2021-01-29,2025-07-01,0.75,0.6620000004768372,11.949999809265137,-0.0014392261432227258,0.038758437299850575,0.6152711178053664,23600.364864864863,Close
COP,10930,1982-02-18,2025-07-01,91.98999786376952,0.6239226460456848,128.6610870361328,0.000638037922371169,0.020646614264856335,0.3277548405617312,6207492.885635865,Close
COR,7578,1995-05-22,2025-07-01,295.3299865722656,1.8804864883422847,303.99420166015625,0.0008622582971532706,0.019970603907417395,0.3170235088248073,2450362.0556875165,Close
CORT,5305,2004-06-01,2025-07-01,69.30999755859375,0.699999988079071,114.22000122070312,0.0014451271472414324,0.04790300202889268,0.7604365825312354,563223.7751178134,Close
COSM,3725,2010-09-09,2025-07-01,0.3939000070095062,0.0729999989271164,23.01000022888184,0.02311127830028235,1.1330928686101818,17.98729165609996,1227073.9710067115,Close
COST,9788,1986-08-25,2025-07-01,985.9600219726562,4.040638446807861,1075.458740234375,0.0007100417576436429,0.019645181556052105,0.31185758914816064,2874695.0066407844,Close
COTY,2998,2013-07-31,2025-07-01,4.909999847412109,2.650000095367432,28.15007781982422,0.0001369259871662395,0.03158570691284204,0.5014075528533225,6085038.8245497,Close
COUR,1035,2021-05-18,2025-07-01,8.729999542236328,6.170000076293945,46.95000076293945,-0.0008006813492811033,0.03578428837616171,0.5680579673204594,1509268.2579710146,Close
CP,10424,1984-02-16,2025-07-01,80.45999908447266,0.4145460426807403,90.93289947509766,0.0006470935084672962,0.018190180353976314,0.28876016112020514,3285082.1385264774,Close
CPA,4882,2006-02-03,2025-07-01,109.0999984741211,12.351946830749512,120.80021667480467,0.0008096934817139606,0.028219052409092973,0.44796356945014876,413053.73433019256,Close
CPAC,3326,2012-04-10,2025-07-01,6.130000114440918,2.74103045463562,7.559854030609131,0.00026433443704370436,0.021230565182058785,0.33702477399044567,19250.1791942273,Close
CPAY,3624,2011-02-02,2025-07-01,338.8500061035156,25.25,389.5499877929688,0.0008587994176135787,0.019521495652571746,0.3098941363004004,644660.517384106,Close
CPB,13169,1973-04-09,2025-07-01,31.690000534057617,0.4742673337459564,52.98929214477539,0.00041309851740444035,0.015500351406716737,0.24606045033769608,1196472.9845090744,Close
CPF,9499,1987-10-15,2025-07-01,28.799999237060547,6.221095085144043,495.737060546875,0.0005504197053156038,0.03263194018530802,0.5180159911671599,63298.98915675334,Close
CPHC,4197,2008-10-23,2025-07-01,19.040000915527344,4.534541130065918,31.570770263671875,0.0007439317674462529,0.03028496820629118,0.48075896602406604,3476.594710507505,Close
CPHI,5807,2002-06-04,2025-07-01,1.809999942779541,1.2999999523162842,5560.02001953125,0.0019340534593183945,0.09392745233820621,1.4910520810125956,5792.775099018426,Close
CPIX,3964,2009-09-28,2025-07-01,3.490000009536743,1.059999942779541,16.489999771118164,0.0004285958314152471,0.0441269951349384,0.7004943313896246,167420.82971745712,Close
CPK,11383,1980-05-02,2025-07-01,121.38999938964844,0.3494892716407776,136.0673828125,0.0007488473310312644,0.021690188576512427,0.34432106918127575,29888.936308530265,Close
CPNG,1049,2021-04-28,2025-07-01,29.93000030517578,9.350000381469728,44.540000915527344,0.00018531975253450545,0.03429176796673188,0.5443649403402216,8668722.382268827,Close
CPOP,972,2021-08-17,2025-07-01,0.5825999975204468,0.270000010728836,7.190000057220459,0.0059017223079644715,0.22231234672574549,3.529099096892922,769171.4269547325,Close
CPRI,3371,2012-02-03,2025-07-01,18.209999084472656,7.519999980926514,99.83999633789062,0.00042718911784959745,0.03423710206435871,0.5434971460429756,3043008.203203797,Close
CPRT,7842,1994-05-05,2025-07-01,49.63999938964844,0.110676996409893,63.84000015258789,0.0010096309473483353,0.023655994288902304,0.37552726742639847,6877615.871206325,Close
CPRX,4656,2006-12-27,2025-07-01,21.190000534057617,0.3899999856948852,26.309999465942383,0.002079330481758573,0.06350008474182849,1.008032594750432,958081.3676975945,Close
CPS,3766,2010-07-13,2025-07-01,22.6200008392334,3.7100000381469727,144.8300018310547,0.0007203124745968102,0.04013533116326506,0.6371286302713203,140104.58045671802,Close
CPSH,7830,1994-05-23,2025-07-01,2.7300000190734863,0.125,26.88999938964844,0.002789755408583774,0.07732059688586997,1.227426423498523,60889.75555555556,Close
CPSS,8196,1992-12-09,2025-07-01,10.09000015258789,0.25,17.875,0.0014732558131157984,0.052362661159214265,0.8312314764769324,59712.66837481698,Close
CPT,8008,1993-09-08,2025-07-01,112.97000122070312,4.139256477355957,157.91845703125,0.0005587786539289846,0.017847351253190105,0.2833179178629479,502152.25999001,Close
CPZ,1372,2020-01-15,2025-07-01,16.298999786376953,5.692328929901123,16.298999786376953,0.00037948007972267314,0.016196641598916196,0.25711371447105485,67094.40524781341,Close
CQP,4567,2007-05-08,2025-07-01,55.31999969482422,1.047621488571167,67.0615234375,0.0008817690640846336,0.02609185509994104,0.414195359032658,228491.82329756953,Close
CRAI,6806,1998-06-11,2025-07-01,191.9499969482422,6.937543869018555,209.87124633789065,0.0007235566301743572,0.028513239329846278,0.45263364203783546,56142.834410813986,Close
CRBP,2652,2014-12-12,2025-07-01,7.159999847412109,2.140000104904175,310.5,0.0015487994792220835,0.08050866898073686,1.2780354990470981,116498.419306184,Close
CRBU,956,2021-09-09,2025-07-01,1.25,0.7329999804496765,29.1299991607666,-0.0017884408224103944,0.05442114227915353,0.8639088512082185,1249078.1056485355,Close
CRC,1140,2020-12-15,2025-07-01,46.11000061035156,17.853395462036133,58.112552642822266,0.0012344637369887269,0.026625698089683597,0.4226698537727421,786095.0175438597,Close
CRCT,1038,2021-05-13,2025-07-01,6.909999847412109,4.105000019073486,33.91679382324219,0.00016152871794171127,0.0439668397538064,0.6979519435320003,451884.5048169557,Close
CRD,4168,2001-05-23,2018-01-31,1.2699999809265137,0.0900000035762786,900.0,3.666457564490301,65.631710402455,1041.8711030682412,146497.58517274473,Close
CRDF,5234,2004-09-13,2025-07-01,3.509999990463257,0.7400000095367432,1926.719970703125,0.001408633981918064,0.07625962005651046,1.2105839384748007,292681.7518150554,Close
CRDL,1591,2019-03-05,2025-07-01,1.3200000524520874,0.4510000050067901,5.949999809265137,0.0005942025461700539,0.056332062212784466,0.8942437647266795,211285.2620993086,Close
CRDO,826,2022-03-16,2025-07-01,87.58999633789062,7.349999904632568,95.0500030517578,0.0035013546090636263,0.05055058223396482,0.802465615323545,2462324.2711864407,Close
CREG,5130,2005-02-09,2025-07-01,0.2267999947071075,0.209999993443489,590.0,0.001546734891675196,0.08407715539148049,1.334683464645545,62134.58362573099,Close
CRESY,7083,1997-05-06,2025-07-01,10.880000114440918,1.8912513256073,17.854564666748047,0.0004692675733485648,0.02954279014323924,0.4689772545238877,113249.75532966257,Close
CREX,4644,2007-01-17,2025-07-01,3.380000114440918,1.2799999713897705,4554.0,0.001311618038418619,0.08474721939134497,1.3453204008823767,54848.72114556417,Close
CRF,9451,1987-12-23,2025-07-01,7.869999885559082,0.7668297290802002,8.724393844604492,0.0003874436285204994,0.016703759331610883,0.2651639589079013,142609.61189292138,Close
CRGO,874,2022-01-05,2025-07-01,2.319999933242798,1.2999999523162842,10.489999771118164,-0.0003361428576988805,0.05180155199793067,0.8223241446822338,44162.60755148742,Close
CRGY,860,2022-01-26,2025-07-01,8.880000114440918,7.194183826446533,16.429065704345703,0.00016943414831067493,0.03132207655327517,0.49722255063655957,1543442.7360465117,Close
CRH,9026,1989-08-29,2025-07-01,93.3000030517578,1.2276402711868286,110.07777404785156,0.0007216640534321489,0.022251737910720784,0.353235388504531,465413.1910037669,Close
CRI,5420,2003-12-15,2025-07-01,31.850000381469727,9.444701194763184,98.91635131835938,0.0004848597590239611,0.022728619145221163,0.3608056434129399,723385.8618081181,Close
CRIS,6233,2000-09-18,2025-07-01,2.150000095367432,0.3799999952316284,100.0,0.00336963358446891,0.21895501709654394,3.475803141284106,422079.99550778116,Close
CRK,9499,1987-10-15,2025-07-01,25.26000022888184,2.654306650161743,388.6378784179688,0.001082574844211176,0.04941869870160412,0.7844975212852505,579880.0210548479,Close
CRL,6259,2000-08-10,2025-07-01,154.39999389648438,18.0,458.2999877929688,0.0004987986049758896,0.02204508231036097,0.34995483255098614,560495.6485061512,Close
CRM,5257,2004-08-10,2025-07-01,271.9100036621094,2.3766744136810303,366.29345703125,0.0012105776712173508,0.025969020038902304,0.4122454128899304,6919445.544416968,Close
CRMD,3774,2010-06-30,2025-07-01,11.789999961853027,0.8500000238418579,49.34999847412109,0.0020980302252764436,0.06462311878908383,1.025860207567808,313932.0543190249,Close
CRML,819,2022-03-25,2025-07-01,3.2699999809265137,1.3700000047683716,22.5,0.0013073346074142836,0.07918562462677274,1.2570328210425152,373749.822954823,Close
CRMT,9616,1987-04-30,2025-07-01,59.380001068115234,0.25,174.52000427246094,0.0012367666122294427,0.04218142565344344,0.6696093733510292,64829.43396422629,Close
CRNC,1423,2019-10-31,2025-07-01,9.5,2.369999885559082,133.42999267578125,0.0015401608789405194,0.06920813807370492,1.098645132269064,1099717.6170063247,Close
CRNT,6230,2000-09-21,2025-07-01,2.5299999713897705,0.8799999952316284,26.875,0.0004051611872241599,0.0391439167126434,0.6213904137760766,406886.88876404497,Close
CRNX,1715,2018-09-04,2025-07-01,28.43000030517578,11.520000457763672,60.68999862670898,0.0007956380838943716,0.041611908424750196,0.6605685676240951,404654.8670553936,Close
CRON,1813,2018-04-16,2025-07-01,1.919999957084656,1.6200000047683716,23.700000762939453,0.00018842481406520757,0.04290522927161479,0.6810993995814101,4442318.220628792,Close
CROX,4846,2006-03-28,2025-07-01,107.12999725341795,0.9399999976158142,180.57000732421875,0.0013389494198190045,0.041375802904010925,0.656820508677822,2132621.4444903014,Close
CRS,13169,1973-04-09,2025-07-01,271.75,0.6623156070709229,276.3800048828125,0.0007079247143139396,0.02366292960826927,0.3756373622082453,265546.2249221657,Close
CRSP,2153,2016-12-06,2025-07-01,48.5099983215332,13.619999885559082,210.0399932861328,0.0011858903132233403,0.04014966406284996,0.6373561579985291,1221334.7496516488,Close
CRSR,1165,2020-11-09,2025-07-01,9.4399995803833,5.710000038146973,51.2599983215332,-0.00029634237582368565,0.0349614553060581,0.5549958972763758,1058396.3605150215,Close
CRT,8361,1992-04-15,2025-07-01,9.859999656677246,0.4858745038509369,24.720230102539062,0.0006599612775657748,0.02454352097576727,0.3896163167986652,20507.056213371605,Close
CRTO,2901,2013-12-17,2025-07-01,24.270000457763672,6.380000114440918,58.900001525878906,0.0003982281921134422,0.03186310002020152,0.5058110319181821,546137.2637021716,Close
CRUS,9049,1989-07-27,2025-07-01,108.98999786376952,1.5,145.69000244140625,0.0010830479626950764,0.03939369298850919,0.625355489232145,1284425.612664383,Close
CRVL,8530,1991-08-15,2025-07-01,104.33999633789062,0.3333329856395721,128.4600067138672,0.0009671668523840823,0.02645652804887285,0.41998436262913474,242361.37385697538,Close
CRVO,4246,2008-07-11,2025-07-01,5.929999828338623,1.899999976158142,2891250.0,0.0023945971062947166,0.14940236510594596,2.371689020131243,87941.42840320301,Close
CRVS,2299,2016-05-10,2025-07-01,3.859999895095825,0.6480000019073486,21.3700008392334,0.0012617101856462196,0.06315906575645198,1.0026190861844853,589435.1761635494,Close
CRWD,1489,2019-07-30,2025-07-01,492.0700073242188,33.0099983215332,509.30999755859375,0.0017894105999031052,0.03542725153432457,0.5623901831661255,4367860.9650772335,Close
CRWS,5435,2003-11-21,2025-07-01,2.869999885559082,0.1578250378370285,6.182787418365479,0.0011489668923648836,0.039865000583343975,0.632837265353838,19238.246734130636,Close
CSAN,1052,2021-04-23,2025-07-01,5.230000019073486,4.440000057220459,18.964275360107425,-0.0006293312294894493,0.02793875574867108,0.44351399790935925,457795.85551330796,Close
CSBR,4599,2007-03-22,2025-07-01,7.210000038146973,1.4800000190734863,25.200000762939453,0.0024970051955743528,0.07103775679433098,1.1276894290421324,22011.140900195696,Close
CSCI,6290,2000-06-27,2025-07-01,3.430000066757202,2.430000066757202,660000.0,-5.267709869477525e-05,0.06562232171687736,1.041722062305184,5534.184260731319,Close
CSCO,8874,1990-04-05,2025-07-01,69.0999984741211,0.0468639507889747,69.37999725341797,0.001111759996999768,0.02466482262771069,0.39154192082664685,51362967.34651792,Close
CSGP,6759,1998-08-18,2025-07-01,81.91000366210938,0.550000011920929,99.73999786376952,0.001042379275925602,0.02760378893338947,0.43819656456519257,1684026.551412931,Close
CSGS,7350,1996-04-16,2025-07-01,65.94999694824219,5.599329948425293,66.04644012451172,0.0006715193921331049,0.028867322283278114,0.45825453466744287,366623.56653061224,Close
CSIQ,4655,2006-12-28,2025-07-01,11.1899995803833,2.0299999713897705,64.1500015258789,0.0010851306551948753,0.04621343697730753,0.7336155688290734,1636864.8597207305,Close
CSL,13169,1973-04-09,2025-07-01,390.1799926757813,0.146540105342865,477.35009765625,0.0007241846387436732,0.019073995405738734,0.3027902901118394,222383.09902042677,Close
CSPI,10910,1982-03-18,2025-07-01,12.229999542236328,0.7371276617050171,27.682165145874023,0.0008382914038651841,0.036842717635787406,0.5848600109284022,27194.291567369386,Close
CSQ,5313,2004-05-19,2025-07-01,18.309999465942383,1.08855402469635,18.309999465942383,0.0005120472166621542,0.015138001142835084,0.24030831822331916,348113.61001317523,Close
CSR,6935,1997-12-04,2025-07-01,60.27999877929688,13.452166557312012,94.36294555664062,0.000634134389678836,0.033050190647794596,0.5246555114240233,37655.346070656095,Close
CSTE,3305,2012-05-09,2025-07-01,1.9299999475479128,1.7000000476837158,66.24983215332031,-9.353044930846093e-05,0.02999431293341318,0.47614495660835715,184643.97397881997,Close
CSTL,1459,2019-09-11,2025-07-01,20.34000015258789,11.65999984741211,97.33000183105467,0.0010786661620651226,0.04732991051955465,0.7513390368580889,285617.0061686086,Close
CSTM,3012,2013-07-11,2025-07-01,13.84000015258789,3.660000085830689,32.38999938964844,0.0006566374977625759,0.03781950290334247,0.6003659963419766,1063400.842629482,Close
CSV,7236,1996-09-26,2025-07-01,46.11000061035156,1.0111838579177856,62.65799331665039,0.0005484788269738117,0.028672702736455346,0.45516504514045203,74185.86456605859,Close
CSW,2419,2015-11-16,2025-07-01,289.9700012207031,27.4567985534668,431.3231506347656,0.0010388692713497903,0.0192351214149327,0.30534808621226867,68144.46134766433,Close
CSWC,11383,1980-05-02,2025-07-01,22.100000381469727,0.072566457092762,24.15710830688477,0.0007005764446306387,0.019920734449647145,0.31623185572514095,75022.55328120882,Close
CSX,11222,1980-12-22,2025-07-01,33.470001220703125,0.1195326298475265,37.67071914672852,0.0006756776151043883,0.019194494801502187,0.3047031587177813,18725735.991623595,Close
CTAS,10516,1983-10-06,2025-07-01,224.30999755859372,0.225166454911232,227.66000366210935,0.0008328497624292826,0.018886860559937227,0.29981961653008815,2479456.9177443893,Close
CTBB,2193,2016-10-10,2025-07-01,18.520000457763672,7.259177207946777,18.520000457763672,0.0003932330805594301,0.021327646017917066,0.33856588448295344,110166.36890104879,Close
CTBI,9415,1988-02-16,2025-07-01,54.59000015258789,1.5278939008712769,59.3119010925293,0.0005955482510495422,0.021114276166967493,0.3351787431056045,30150.439405204463,Close
CTDD,2022,2017-06-15,2025-07-01,18.600000381469727,7.474851608276367,18.668115615844727,0.00042149093369615094,0.02122611121677089,0.33695406948344636,71842.89317507419,Close
CTEV,1284,2020-05-21,2025-07-01,43.619998931884766,5.210000038146973,478.7999877929688,0.0001192968335528693,0.06341855349052479,1.006738326260255,74620.83956386293,Close
CTGO,3620,2011-02-08,2025-07-01,19.280000686645508,2.049999952316284,32.70000076293945,0.0023538622402476295,0.074862774051662,1.1884096955827017,11672.303867403314,Close
CTKB,956,2021-09-09,2025-07-01,3.4800000190734863,2.4200000762939453,27.93000030517578,-0.001267359955745035,0.040963287261625535,0.6502720258677672,799256.1161087867,Close
CTLP,6525,1999-07-23,2025-07-01,11.010000228881836,0.4699999988079071,525.0,0.0008735376251304251,0.05155512901682934,0.8184123011302821,257603.1756321839,Close
CTMX,2413,2015-11-24,2025-07-01,2.359999895095825,0.4320000112056732,34.220001220703125,0.0010050279894631153,0.07002435794031026,1.1116022209621923,931652.877745545,Close
CTO,11383,1980-05-02,2025-07-01,17.510000228881836,0.6146785616874695,19.85438346862793,0.0006046900456116428,0.02642377622449637,0.4194644435354318,45909.43854871299,Close
CTOS,1909,2017-11-24,2025-07-01,4.900000095367432,1.7799999713897705,11.279999732971191,0.0002647099264329083,0.035436334305874,0.5625343676945356,331423.0743844945,Close
CTRA,8880,1990-03-28,2025-07-01,25.09000015258789,0.5594189167022705,31.32988929748535,0.0006870167987900182,0.024697658624914003,0.39206317612255154,4342542.518581081,Close
CTRE,2757,2014-07-16,2025-07-01,30.459999084472656,3.130099058151245,31.72834205627441,0.0010337006006712155,0.026018514537493383,0.4130311136971574,779157.1454479507,Close
CTRM,1573,2019-03-29,2025-07-01,2.130000114440918,2.059999942779541,673.0,-0.0020357148903465344,0.057189857039142866,0.9078608354454525,202824.1958041958,Close
CTRN,5029,2005-07-06,2025-07-01,33.040000915527344,6.990827083587647,108.4499969482422,0.0007674218691733651,0.03635535743564436,0.5771234075974673,162988.55517995625,Close
CTS,11383,1980-05-02,2025-07-01,43.33000183105469,1.597195744514465,68.25657653808594,0.0006247903694978163,0.025815745099222184,0.40981224865425825,114163.21822015286,Close
CTSH,6767,1998-08-06,2025-07-01,80.44000244140625,0.1723570674657821,90.04592895507812,0.0012483263625178449,0.029276192744164375,0.46474515201511535,5580324.136692774,Close
CTSO,4721,2006-09-25,2025-07-01,1.2899999618530271,0.699999988079071,67.5,0.0024915406482823458,0.08551667007255527,1.357535051774047,124450.99110357976,Close
CTVA,1501,2019-07-12,2025-07-01,75.11000061035156,19.447587966918945,75.11000061035156,0.000967182364106225,0.02092127841743441,0.3321149988124465,3801981.0279813455,Close
CTXR,2657,2014-12-05,2025-07-01,1.899999976158142,0.6800000071525574,937.5,0.00011843054909821539,0.06752140124206733,1.0718690151667076,114685.52314640571,Close
CUBA,7798,1994-07-08,2025-07-01,2.543600082397461,0.5283402800559998,4.187819957733154,0.0005274091311037195,0.028603883397232407,0.4540725719985979,29902.240702744293,Close
CUBB,1354,2020-02-11,2025-07-01,20.299999237060547,10.103623390197754,22.257814407348636,0.00029236274485327596,0.019771759302294117,0.31386694857658903,4463.735598227474,Close
CUBE,5172,2004-12-09,2025-07-01,42.61000061035156,0.8036687970161438,52.72758483886719,0.0005985759393778598,0.0232024521940761,0.368327509874342,1165390.5547177107,Close
CUBI,3311,2012-05-01,2025-07-01,62.130001068115234,8.819999694824219,74.70999908447266,0.0009470396871561789,0.02928176213561727,0.4648335633635453,235462.5974025974,Close
CUE,1851,2018-02-20,2025-07-01,0.6723999977111816,0.4539999961853027,30.729999542236328,-0.0002158185076968109,0.05502318165879167,0.8734659300761592,275012.96110210696,Close
CUK,6175,2000-12-08,2025-07-01,26.040000915527344,5.639999866485596,65.82888793945312,0.0005994420797765775,0.02839258042816967,0.45071824135402044,599671.0814574899,Close
CULP,10509,1983-10-17,2025-07-01,3.940000057220459,1.1587519645690918,32.611167907714844,0.0005636575605746822,0.03414991614290799,0.542113112447068,31519.398325245027,Close
CURI,1344,2020-02-26,2025-07-01,5.099999904632568,0.4070204198360443,20.712814331054688,0.000919480795317457,0.05327769398276462,0.8457571722323853,383169.4114583333,Close
CURV,971,2021-08-18,2025-07-01,2.7799999713897705,1.2300000190734863,31.15999984741211,-0.0008484817721667665,0.05443301586909621,0.8640973386051659,368663.5427394439,Close
CUZ,11383,1980-05-02,2025-07-01,29.81999969482422,0.5200114846229553,57.90529251098633,0.0006054329061067891,0.022405702356332893,0.3556794983075445,324650.2251603268,Close
CVAC,1192,2020-10-01,2025-07-01,5.409999847412109,2.309999942779541,136.27000427246094,-0.0006031045567651789,0.04898095526204173,0.7775485596104578,791004.0209731543,Close
CVBF,10613,1983-05-19,2025-07-01,20.51000022888184,0.0977756828069686,25.88828659057617,0.000742178397668691,0.023575468935593622,0.3742489670718561,320863.60180910205,Close
CVCO,5503,2003-08-18,2025-07-01,452.6400146484375,9.524999618530272,539.0999755859375,0.0010553243678369636,0.02677922052347203,0.4251069468555835,47173.009267672176,Close
CVE,3895,2010-01-06,2025-07-01,13.869999885559082,1.4899758100509644,30.097064971923828,0.0003486579006502473,0.028623658935368248,0.4543864989342974,4660479.141976894,Close
CVEO,2764,2014-07-07,2025-07-01,23.149999618530277,3.9278488159179688,301.1352844238281,0.0001201245385916913,0.04486021044434773,0.7121337635865987,73270.02821997106,Close
CVGI,5225,2004-09-24,2025-07-01,1.840000033378601,0.4699999988079071,24.0,0.0006176885232631645,0.046418181242384206,0.7368657832756308,202711.20918660288,Close
CVGW,5741,2002-09-06,2025-07-01,27.479999542236328,4.055520534515381,94.17858123779295,0.0006602082221509985,0.026042056495825947,0.41340483069989786,96919.61975265633,Close
CVI,4417,2007-12-10,2025-07-01,27.8700008392334,0.6536425948143005,36.27862548828125,0.0010549105099201734,0.03846269001027709,0.6105762751305693,793863.2893366539,Close
CVLG,7686,1994-12-15,2025-07-01,25.229999542236328,0.6911474466323853,30.09395217895508,0.0007528669707782858,0.03500063629986086,0.5556178762707107,153686.85167837626,Close
CVLT,4689,2006-11-08,2025-07-01,172.52999877929688,7.940000057220459,190.9900054931641,0.0008096256410193768,0.025587691073047935,0.4061920032217938,461905.108338665,Close
CVM,10439,1984-01-26,2025-07-01,2.369999885559082,2.0999999046325684,637500.0,0.0015266336171784818,0.07563935024324017,1.2007374604447587,5804.659162755053,Close
CVNA,2022,2017-06-15,2025-07-01,338.260009765625,3.7200000286102295,370.1000061035156,0.003503961168495491,0.06447214574290418,1.0234635847586167,5536344.107319485,Close
CVR,13166,1973-04-11,2025-06-30,12.229999542236328,1.165683627128601,38.03442001342773,0.0002842404084875306,0.018545460242586825,0.294400054506722,1673.993619930123,Close
CVRX,972,2021-08-17,2025-07-01,6.039999961853027,4.699999809265137,33.0099983215332,0.0007116763113541622,0.05905796112995865,0.9375160685303384,192172.1450617284,Close
CVS,13169,1973-04-09,2025-07-01,69.58000183105469,0.1165403425693512,99.0240478515625,0.000543678660917176,0.019443401483400312,0.3086544297975695,4200358.128939175,Close
CVU,8221,1992-11-03,2025-07-01,3.390000104904175,0.8600000143051147,27.75,0.0008481256644807903,0.04553357472899815,0.7228230902202262,32572.991728500183,Close
CVV,6593,1999-04-16,2025-07-01,2.940000057220459,0.6200000047683716,19.18000030517578,0.001593243651582587,0.06425813253541358,1.0200662304127963,32507.779766418927,Close
CVX,15948,1962-02-16,2025-07-01,145.57000732421875,0.3002065122127533,169.26564025878906,0.0005103542749498366,0.01616149388854492,0.25655576186628054,4097649.8612992223,Close
CW,11383,1980-05-02,2025-07-01,476.6300048828125,0.7764725089073181,488.5499877929688,0.0007080953423605902,0.01736034483919816,0.27558693071305157,139363.38293947114,Close
CWAN,912,2021-11-10,2025-07-01,21.88999938964844,12.039999961853027,32.790000915527344,0.00034826583609946354,0.026116514315058178,0.41458681193701397,1262167.1984649124,Close
CWBC,6588,1999-04-23,2025-07-01,20.479999542236328,2.2222721576690674,24.383432388305664,0.0007230491247561757,0.030554217227317687,0.48503316172636846,15659.846083788707,Close
CWCO,7626,1995-03-14,2025-07-01,30.649999618530277,0.9275732040405272,36.92953872680664,0.0009322427818365492,0.030922322750471333,0.4908766557493317,63650.183844741674,Close
CWEN,2514,2015-07-02,2025-07-01,31.559999465942383,6.512303352355957,35.15524673461914,0.0005991100073177125,0.02150259095716507,0.3413430492972306,765576.7064439141,Close
CWH,2161,2016-11-23,2025-07-01,18.690000534057617,2.931973934173584,38.70264434814453,0.0008123614720821522,0.03890746666453393,0.617636885627355,1234286.7491901896,Close
CWK,1704,2018-09-19,2025-07-01,11.390000343322754,6.510000228881836,23.1200008392334,0.00019506972859190816,0.030267338201513505,0.48047909837453834,1447908.2265258215,Close
CWST,6927,1997-12-16,2025-07-01,114.81999969482422,0.550000011920929,120.37000274658205,0.000833037795037718,0.0341081117151551,0.5414494877298548,183846.81001876714,Close
CWT,13169,1973-04-09,2025-07-01,46.4900016784668,0.3040420413017273,66.83563995361328,0.0005128141416077281,0.0173454611144863,0.275350658908032,107592.35158326372,Close
CX,6455,1999-11-01,2025-07-01,7.099999904632568,1.6075403690338137,29.304059982299805,0.0004278521463216074,0.028547596063342628,0.45317903827398665,8638396.36390395,Close
CXAI,1073,2021-03-24,2025-07-01,1.0099999904632568,0.8069999814033508,13.850000381469728,0.0036805829478131504,0.14570188949069748,2.3129457908676057,1530975.3410997204,Close
CXDO,1793,2018-05-14,2025-07-01,6.360000133514404,1.2799999713897705,11.17570972442627,0.0015047661845635258,0.04520306901200741,0.7175764746159706,60590.077523703294,Close
CXE,9122,1989-04-13,2025-07-01,3.5999999046325684,0.823667585849762,4.528343200683594,0.0002251186728604454,0.011422162622971672,0.1813212104095216,61960.29796097347,Close
CXH,9063,1989-07-07,2025-07-01,7.679999828338623,1.3511676788330078,9.01015281677246,0.0002320854328988415,0.009267035459120419,0.1471096272938994,17098.085402184708,Close
CXM,977,2021-08-10,2025-07-01,8.65999984741211,6.880000114440918,20.01000022888184,-0.0002183681674350586,0.03331179312111426,0.5288083219446028,1475901.7389969295,Close
CXT,11383,1980-05-02,2025-07-01,55.36000061035156,0.2080414742231369,66.12969970703125,0.0006360760934761266,0.02030294894996571,0.32229932281709545,685195.4736888342,Close
CXW,7002,1997-08-29,2025-07-01,21.059999465942383,0.4447624087333679,27.317062377929688,0.0005585795541234107,0.03206709689548441,0.5090493819195789,847169.1833761783,Close
CYBN,1322,2020-03-27,2025-07-01,9.0,2.96399998664856,120.83999633789062,0.007836104670863172,0.2393648319491481,3.799798907713284,87364.99167927382,Close
CYBR,2675,2014-11-10,2025-07-01,391.7300109863281,32.779998779296875,414.30999755859375,0.0013589049923442636,0.02944781789927644,0.46746961689001176,709234.003364486,Close
CYCC,5325,2004-05-03,2025-07-01,0.3362999856472015,0.2800000011920929,12438024.0,-0.0010962069862572549,0.06766657952548642,1.0741736489688725,20997.492582159626,Close
CYCCP,4893,2006-01-19,2025-07-01,5.28000020980835,0.1866559088230133,21.284164428710938,0.002274221874506523,0.06502203718509553,1.0321928407833423,1406.8739014919272,Close
CYCN,1549,2019-05-03,2025-07-01,3.0999999046325684,1.3600000143051147,332.79998779296875,0.001602634356706905,0.11083661671340561,1.7594767439007386,220451.87088444157,Close
CYD,7652,1995-02-03,2025-07-01,23.3700008392334,0.0802691876888275,24.36000061035156,0.0011816993925834194,0.04262407951921487,0.6766362856253046,151677.02430737062,Close
CYH,6269,2000-07-27,2025-07-01,3.4800000190734863,1.809999942779541,52.92562103271485,0.0005623096681073325,0.03959597456217811,0.6285666096645774,1907127.7600893285,Close
CYN,894,2021-12-07,2025-07-01,12.800000190734863,3.829999923706055,90750.0,-0.0022632168926802086,0.13894703558298563,2.2057158093733356,294912.08165548096,Close
CYRX,4963,2005-10-07,2025-07-01,7.309999942779541,1.0700000524520874,765.5999755859375,0.001951206499039203,0.08204002758161132,1.3023450632029399,192622.00685069515,Close
CYTK,5293,2004-06-18,2025-07-01,33.63999938964844,3.069999933242798,108.05999755859376,0.0007943498645387848,0.04427060106137791,0.7027740047985483,541765.0111467977,Close
CZFS,6631,1999-02-22,2025-07-01,61.209999084472656,3.7213776111602783,84.17530059814453,0.0004976242592837425,0.019709374681935735,0.31287662342996836,2164.507314130599,Close
CZNC,7830,1994-05-23,2025-07-01,19.51000022888184,3.4489777088165283,23.05953788757324,0.000480220100293295,0.022998434165504136,0.36508882407489146,13491.93256704981,Close
CZR,2677,2014-11-06,2025-07-01,29.61000061035156,3.890000104904175,119.48999786376952,0.001415436332404563,0.0371069598371929,0.5890547258332454,2385311.2611131864,Close
CZWI,5315,2004-05-17,2025-07-01,13.925000190734863,2.6215829849243164,16.575998306274414,0.0003282787628294346,0.021607331316642147,0.3430057509576777,9555.20884289746,Close
D,11383,1980-05-02,2025-07-01,57.650001525878906,0.3909448683261871,75.73023223876953,0.0005130445833947892,0.013481121667376183,0.21400617195649077,2068162.9407010453,Close
DAC,4673,2006-12-01,2025-07-01,85.8499984741211,2.3715269565582275,407.6609802246094,0.0006753965912374268,0.04236928838102732,0.6725916016978606,75793.674727156,Close
DAIO,9159,1989-02-17,2025-07-01,3.049999952316284,0.5199999809265137,15.9399995803833,0.0009493128514505575,0.04580605692899291,0.7271486110474936,33412.289551261056,Close
DAKT,7866,1994-03-30,2025-07-01,15.149999618530272,0.260585218667984,24.551557540893555,0.0010297900869555398,0.03532374930835431,0.5607471362657721,238008.19374523265,Close
DAL,4537,2007-06-20,2025-07-01,49.0,3.4183666706085205,68.69003295898438,0.0007679782302228716,0.03249310742239792,0.5158120893802314,11917180.993387701,Close
DALN,988,2021-07-26,2025-07-01,4.579999923706055,3.039999961853028,7.449999809265137,0.00069217671057402,0.032376272763070785,0.513957396661676,31233.668016194333,Close
DAN,4368,2008-02-21,2025-07-01,17.510000228881836,0.1569721847772598,29.476415634155277,0.0011457204389112084,0.045732722980039754,0.7259844706979635,1819710.325091575,Close
DAO,1394,2019-12-12,2025-07-01,8.609999656677246,3.009999990463257,46.0099983215332,0.0014016278206910773,0.059840714133551645,0.9499418872433139,270890.6850789096,Close
DAR,7721,1994-10-26,2025-07-01,38.11000061035156,0.25,87.18000030517578,0.0011448310167543174,0.04388973740573341,0.6967279817009987,822765.2064499417,Close
DARE,2790,2014-05-29,2025-07-01,2.369999885559082,2.365000009536743,1279.199951171875,0.00015217508882440828,0.07112457503368465,1.129067625865698,68832.17598566308,Close
DASH,1111,2021-01-28,2025-07-01,238.00999450683597,43.060001373291016,246.50999450683597,0.0008635862714169664,0.03681426368967675,0.584408318537039,4280558.515751575,Close
DATS,941,2021-09-30,2025-07-01,2.470000028610229,1.0399999618530271,150.10000610351562,0.0022032785061574015,0.15050301047295722,2.3891612236679665,1077290.9766206164,Close
DATSW,941,2021-09-30,2025-07-01,0.2294999957084655,0.025000000372529,10.279999732971191,0.035908462015704454,0.587951532526968,9.333441228153966,7851.036131774707,Close
DAVA,1708,2018-09-13,2025-07-01,15.710000038146973,13.8100004196167,170.1300048828125,0.00028478279975865505,0.033010850386616185,0.5240310041384809,272114.7535128806,Close
DAVE,1018,2021-06-11,2025-07-01,260.6700134277344,4.545000076293945,457.6000061035156,0.0018485923127834936,0.06518165444289012,1.0347266861978137,153294.06679764244,Close
DAWN,995,2021-07-15,2025-07-01,6.610000133514404,5.71999979019165,27.920000076293945,0.00010189862816560144,0.056371353628785974,0.8948674966190769,820368.3557788945,Close
DAY,1772,2018-06-13,2025-07-01,56.459999084472656,31.96999931335449,130.32000732421875,0.000626543904971182,0.028159213749298147,0.4470136601745217,1307639.9683972911,Close
DB,7166,1997-01-07,2025-07-01,28.709999084472656,5.052372932434082,118.58496856689452,0.0003373736978317747,0.026901209598547225,0.427043463387478,2072020.6027072286,Close
DBI,5000,2005-08-16,2025-07-01,2.700000047683716,2.213968515396118,34.63996887207031,0.000491408100460774,0.03818131728775835,0.6061096216335586,1362022.2042,Close
DBL,3343,2012-03-15,2025-07-01,15.40999984741211,7.827714443206787,15.639509201049805,0.00023450974423256245,0.0091991208767985,0.14603151672258768,70118.72479808555,Close
DBRG,2736,2014-08-14,2025-07-01,10.449999809265137,5.310219764709473,64.02626037597656,-4.026479793879125e-05,0.03185806080121203,0.505731036796693,1240762.4817251463,Close
DBVT,2655,2014-12-09,2025-07-01,10.489999771118164,0.4690000116825104,98.72000122070312,0.0020720702649145288,0.11596303661083839,1.8408561368889407,167544.10094161957,Close
DBX,1795,2018-05-10,2025-07-01,27.700000762939453,15.6899995803833,42.0,0.0002370758255429084,0.0246783917367937,0.39175732375552497,4240013.777158774,Close
DCBO,1115,2021-01-22,2025-07-01,28.68000030517578,23.920000076293945,92.31999969482422,4.5860222057147814e-05,0.032642635037804735,0.5181857666872489,73953.3874439462,Close
DCGO,1105,2021-02-05,2025-07-01,1.5199999809265137,1.2799999713897705,11.100000381469728,-0.0009096318060018352,0.04001535216893333,0.6352240227820001,725096.0099547511,Close
DCI,11383,1980-05-02,2025-07-01,70.66999816894531,0.1596528887748718,77.33907318115234,0.0006748770342312007,0.017974124455610575,0.28533038006201883,460275.7208995871,Close
DCO,13119,1973-06-20,2025-07-01,82.72000122070312,0.5587026476860046,86.2699966430664,0.0007114825930530773,0.03004712521906656,0.4769833256524037,36753.85997408339,Close
DCOM,6625,1999-03-02,2025-07-01,27.71999931335449,4.244941711425781,35.94683837890625,0.0004795714413531683,0.021707057525507868,0.3445888554448016,49232.10173584906,Close
DCOMP,1329,2020-03-18,2025-07-01,19.239999771118164,11.610481262207031,20.32393264770508,0.0002797353142007653,0.015700056647567222,0.24923067275453592,13394.060195635817,Close
DCTH,1767,2018-06-20,2025-07-01,12.760000228881836,2.25,6076.0,-0.00044178472636860483,0.07333457455588929,1.1641502806656485,202846.71307300508,Close
DD,13349,1972-07-19,2025-07-01,71.44999694824219,1.0306801795959473,94.29240417480467,0.0005099522258316081,0.01960801188507417,0.31126753891383035,2968175.326541314,Close
DDD,9365,1988-04-27,2025-07-01,1.559999942779541,0.5,96.41999816894533,0.0011407231886212078,0.05089173719380439,0.8078812824171754,1193394.3160704751,Close
DDI,929,2021-10-18,2025-07-01,9.529999732971191,7.349999904632568,17.520000457763672,3.347941887379404e-05,0.037169831610399696,0.5900527842915904,24654.740581270184,Close
DDL,973,2021-08-16,2025-07-01,2.039999961853028,1.0800000429153442,36.400001525878906,-0.000341370482938925,0.06338691794473901,1.0062361275398213,769153.2949640288,Close
DDOG,1420,2019-11-05,2025-07-01,132.3300018310547,28.959999084472656,196.55999755859372,0.0016124830441835163,0.036661853443024875,0.5819888808776457,4203369.994366197,Close
DDS,11383,1980-05-02,2025-07-01,450.489990234375,0.3269523978233337,508.1095886230469,0.0010584590816031972,0.029289667344328495,0.46495905466141707,529913.2704910832,Close
DDT,6686,1998-12-01,2025-07-01,25.770000457763672,1.104451298713684,26.290000915527344,0.0004990461781471328,0.01794951065284881,0.2849396480564555,12310.95258749626,Close
DE,13349,1972-07-19,2025-07-01,508.3599853515625,0.6145233511924744,529.802734375,0.000699296143608196,0.019908829233296392,0.3160428662745299,2271666.7754138885,Close
DEA,2582,2015-03-26,2025-07-01,22.36000061035156,19.55060195922852,54.8427619934082,7.961454548743449e-05,0.015238040976786587,0.2418964013543344,257393.48683191324,Close
DECK,7948,1993-12-02,2025-07-01,105.4000015258789,0.0763889998197555,223.1100006103516,0.0013068894842899568,0.03855875392354271,0.6121012424773803,4331087.902742828,Close
DEI,4666,2006-12-12,2025-07-01,15.420000076293944,3.61128830909729,35.108848571777344,0.00029373276998641957,0.023172850046547733,0.36785759035054094,1336209.8954136304,Close
DELL,2197,2016-10-04,2025-07-01,121.7300033569336,12.11187744140625,176.11874389648438,0.0013693336919939503,0.025742372327088415,0.40864749200584205,5891257.364132908,Close
DENN,6879,1998-02-26,2025-07-01,4.519999980926514,0.2599999904632568,23.61000061035156,0.0007267451261358226,0.04141089588285627,0.6573775924465575,534403.3219944759,Close
DEO,8604,1991-05-01,2025-07-01,103.9000015258789,8.643510818481445,203.22857666015625,0.00038502264598679514,0.015195873590424227,0.24122701484782014,415098.45025569503,Close
DERM,877,2021-12-31,2025-07-01,6.96999979019165,1.034999966621399,8.069999694824219,0.00213766361223433,0.060904571673361795,0.9668301021277458,93992.57468643102,Close
DFH,1083,2021-03-10,2025-07-01,26.770000457763672,8.369999885559082,43.72999954223633,0.0007346781475605677,0.035345506471983756,0.561092520530958,317507.6408125577,Close
DFIN,2170,2016-11-10,2025-07-01,61.83000183105469,4.119999885559082,69.9000015258789,0.0009459009735859145,0.029543621798978705,0.468990456649466,239662.33041474654,Close
DFLI,934,2021-10-11,2025-07-01,0.1588000059127807,0.1588000059127807,225.72000122070312,-0.004051836061784403,0.07523201910661664,1.1942712791122039,546163.2119914347,Close
DFP,3011,2013-07-12,2025-07-01,20.549999237060547,8.034012794494629,22.855321884155277,0.0003234327944375579,0.011346572566701369,0.180121255466638,68017.9481899701,Close
DFSC,1091,2021-02-26,2025-07-01,11.420000076293944,0.2169999927282333,28224.0,0.07251683173583313,1.911607532278975,30.34582880860827,89903.24472960587,Close
DG,3897,2010-01-04,2025-07-01,115.3000030517578,19.09247589111328,248.25335693359372,0.0006232944171785287,0.018196361138102215,0.2888582780264322,2814378.117013087,Close
DGICA,5501,2003-08-20,2025-07-01,19.549999237060547,4.07538652420044,20.86000061035156,0.0004951726620439486,0.021427832351818693,0.3401562932285794,36210.22214142883,Close
DGICB,9708,1986-12-16,2025-06-30,17.770000457763672,0.5585342645645142,19.399999618530277,0.0008280659199787854,0.03182083408392485,0.505140080980278,4805.367943963741,Close
DGII,8966,1989-11-22,2025-07-01,35.22999954223633,1.6299999952316284,42.93999862670898,0.0008569009738676204,0.03429242759817505,0.5443754116647552,138162.2463751952,Close
DGLY,4528,2007-07-03,2025-07-01,2.3399999141693115,2.2300000190734863,3539200.0,-0.000189026093303743,0.0723805306707706,1.149005303506453,9501.220848056537,Close
DGX,7146,1997-02-04,2025-07-01,179.3300018310547,2.5931241512298584,182.07000732421875,0.0007503187014902664,0.01866084422191941,0.29623171839429224,1256149.3593618807,Close
DGXX,1091,2021-02-26,2025-07-01,2.6600000858306885,0.3529999852180481,11.100000381469728,0.0014126973641323442,0.07437015398744982,1.1805895944982252,246891.10265811183,Close
DH,919,2021-11-01,2025-07-01,4.050000190734863,2.450000047683716,43.91999816894531,-0.0015392754749331255,0.04275383503269121,0.6786960905446919,728494.8084874864,Close
DHC,6344,2000-04-10,2025-07-01,3.759999990463257,0.5956123471260071,17.11383819580078,0.00048789338737064217,0.031213336212808043,0.4954963512464205,1338457.238965952,Close
DHCNI,3221,2012-09-07,2025-07-01,15.9399995803833,3.8742730617523193,17.304611206054688,0.00044307217367539387,0.024399426626296458,0.3873288899144888,34483.84818379385,Close
DHF,6805,1998-06-12,2025-07-01,2.5799999237060547,0.3254322409629822,2.5999999046325684,0.0002520188319297275,0.013205200955231245,0.20962606644104673,315881.0013225569,Close
DHI,8293,1992-07-23,2025-07-01,133.89999389648438,0.7317577600479126,195.38731384277344,0.0010155926635292236,0.029171021120074542,0.4630756042411805,3686923.83733269,Close
DHIL,7281,1996-07-24,2025-07-01,151.27000427246094,1.0398167371749878,182.3404083251953,0.0016193182616199972,0.04653608078391843,0.7387373804751594,7667.381540997116,Close
DHR,11689,1979-02-15,2025-07-01,201.1000061035156,0.0260752998292446,289.7216491699219,0.0009648827083928508,0.02238015328045883,0.3552739193016027,2898379.8111900077,Close
DHT,4926,2005-11-30,2025-07-01,10.789999961853027,1.597489356994629,55.50748443603516,0.00023008028816950802,0.030025714442431232,0.4766434401102807,1140677.348355664,Close
DHX,4479,2007-09-12,2025-07-01,3.140000104904175,1.2100000381469729,18.32999992370605,0.0004928588724343189,0.03784959028601844,0.6008436187349453,286844.36749274394,Close
DHY,6740,1998-09-15,2025-07-01,2.140000104904175,0.1921310126781463,2.140000104904175,0.0003558473168390672,0.014956082923375962,0.23742045601747613,358790.03100890206,Close
DIAX,2626,2015-01-22,2025-07-01,14.460000038146973,6.216187477111816,15.01477336883545,0.0003300607354636345,0.011110546336595344,0.1763744552201461,91139.90517897943,Close
DIBS,986,2021-07-28,2025-07-01,2.880000114440918,2.380000114440918,20.700000762939453,-0.001309015657740166,0.0375562547034247,0.5961870607215696,171788.8204868154,Close
DIN,8521,1991-08-28,2025-07-01,26.049999237060547,2.836731433868408,83.78527069091797,0.000761381987088788,0.03254185260303874,0.5165858951337625,213107.7243281305,Close
DINO,11383,1980-05-02,2025-07-01,42.11000061035156,0.020570833235979,65.27901458740234,0.0009452484834102939,0.026313299046828515,0.41771067270948714,1273683.0789774226,Close
DIOD,13169,1973-04-09,2025-07-01,55.29999923706055,0.0493829995393753,112.41999816894533,0.001557259197811946,0.04886159735086565,0.7756538115105776,175644.7059002202,Close
DIS,15948,1962-02-16,2025-07-01,123.48999786376952,0.033461183309555,198.5992126464844,0.0006752850354827028,0.019848140337252337,0.31507945991687614,6512386.893403562,Close
DIT,7493,1995-09-21,2025-07-01,115.5999984741211,5.051558494567871,240.1417236328125,0.0009737596692560458,0.036967876759025305,0.5868468504147925,1136.0148138262377,Close
DJCO,9807,1986-07-29,2025-07-01,427.8200073242188,7.0,589.8900146484375,0.0008026818021079995,0.028012130203318945,0.4446787812668587,1723.2177016416845,Close
DJT,908,2021-11-16,2025-07-01,17.729999542236328,12.149999618530272,97.54000091552734,0.0011436116479274126,0.07448661271085909,1.182438319419095,6437139.147577092,Close
DK,4787,2006-06-21,2025-07-01,21.729999542236328,2.3692800998687744,47.40909194946289,0.0007919168299931361,0.0344071174203152,0.5461960561485135,889642.1850846042,Close
DKL,3150,2012-12-20,2025-07-01,42.7599983215332,3.335118293762207,48.04598236083984,0.0009141621375183496,0.027467404354555733,0.4360315264956425,69207.77777777778,Close
DKNG,1459,2019-09-11,2025-07-01,41.9900016784668,9.850000381469728,71.9800033569336,0.0018485742454981823,0.04124462237881847,0.6547380823987375,13575023.57916381,Close
DKS,5680,2002-12-03,2025-07-01,205.94000244140625,3.1482510566711426,246.96095275878903,0.0010433665163333261,0.02660740477947275,0.42237945647589775,1857289.1144366197,Close
DLB,5091,2005-04-07,2025-07-01,75.56999969482422,11.654769897460938,97.6583023071289,0.0005019566214601776,0.020938992225989137,0.3323961968056922,489248.9218228246,Close
DLHC,9816,1986-07-16,2025-07-01,5.880000114440918,0.3600000143051147,94.9375,0.0013791203427295615,0.056409784656561206,0.8954775702718083,12955.019865525672,Close
DLNG,2891,2014-01-02,2025-07-01,3.5999999046325684,0.9871053099632264,14.651117324829102,0.0001235177092518814,0.033530881362287955,0.5322862399525476,106541.9100657212,Close
DLO,991,2021-07-21,2025-07-01,11.1899995803833,6.587819576263428,65.7828598022461,-0.00013953529339556686,0.04867294700047364,0.7726590800392829,1693100.0292633704,Close
DLPN,4657,2006-12-26,2025-07-01,1.1100000143051147,0.8700000047683716,15000.0,0.005468311766550047,0.15245012266652488,2.4200706715014952,71886.01631951901,Close
DLR,5167,2004-12-16,2025-07-01,171.25,5.703697204589844,191.4565887451172,0.0008732954985317609,0.020735373424787915,0.329163848544279,1379023.0787691118,Close
DLTH,2382,2016-01-11,2025-07-01,2.140000104904175,1.6699999570846558,37.63999938964844,-0.00015465420559310092,0.035519496565889264,0.5638545276453345,216699.1931150294,Close
DLTR,7598,1995-04-24,2025-07-01,101.5,1.341564059257507,174.0800018310547,0.0009141354145094753,0.026150152919169996,0.41512080822260133,3163944.1693866807,Close
DLX,11383,1980-05-02,2025-07-01,16.309999465942383,0.5901774168014526,56.06448745727539,0.0005275236765050447,0.021882372621067705,0.3473718963083627,293431.3875076869,Close
DLY,1311,2020-04-14,2025-07-01,15.520000457763672,10.113476753234863,15.834519386291504,0.00026633715066267885,0.00904848732232456,0.1436402831771492,157216.71548436309,Close
DMA,835,2022-03-03,2025-07-01,8.699999809265137,4.548867702484131,9.039999961853027,0.0004528802991691829,0.014109754213380272,0.22398540425309993,30652.22754491018,Close
DMAC,3212,2012-09-20,2025-07-01,3.569999933242798,0.8140000104904175,37.97999954223633,0.0012365514043499487,0.061065280682439674,0.969381278556552,51391.242528019924,Close
DMB,3031,2013-06-13,2025-07-01,10.260000228881836,5.583920001983643,14.212575912475586,0.00013676532793675423,0.009682437811671064,0.1537039352071805,63473.429891125044,Close
DMLP,5606,2003-03-21,2025-07-01,27.924999237060547,1.9559791088104248,33.03985977172852,0.0006727991262635482,0.02012810517166387,0.3195237638830539,58654.82358187656,Close
DMO,3829,2010-04-13,2025-07-01,11.949999809265137,3.3509504795074463,11.949999809265137,0.0003960904518712349,0.011251948965673532,0.17861915236777567,47139.12770958475,Close
DMRC,6400,2000-01-20,2025-07-01,13.56999969482422,4.299895763397217,71.1450424194336,0.0006673178728937712,0.04090517114230376,0.6493494610744298,84233.42140625,Close
DNA,1023,2021-06-04,2025-07-01,11.359999656677246,5.360000133514404,596.7999877929688,-0.0015958998237670429,0.06148290824287172,0.9760109105498507,757389.477028348,Close
DNB,1223,2020-08-18,2025-07-01,9.100000381469728,7.889999866485596,26.78153610229492,-0.0005707333269031417,0.02091084632467442,0.3319493944738651,3118112.568274734,Close
DNLI,1866,2018-01-29,2025-07-01,13.949999809265137,11.470000267028809,93.55999755859376,0.0005971827284746803,0.041606317341513675,0.6604798119292753,685894.2920685959,Close
DNN,5097,2005-03-30,2025-07-01,1.75,0.2000000029802322,14.949999809265137,0.0007219126165983979,0.042740672298905526,0.6784871386236679,4933378.151657838,Close
DNOW,2763,2014-07-08,2025-07-01,14.289999961853027,4.070000171661377,35.0,0.0001270557923332653,0.03014270366984191,0.4785005865210941,1100551.5888526964,Close
DNP,9652,1987-03-10,2025-07-01,9.770000457763672,0.3422527313232422,9.789999961853027,0.0003837206839295659,0.011784159404568288,0.18706773116658404,316583.5702445089,Close
DNTH,1733,2018-08-08,2025-07-01,17.959999084472656,0.3600000143051147,31.940000534057617,0.00867968009776839,0.35794209323612863,5.6821545747881474,306210.9440276976,Close
DNUT,971,2021-08-18,2025-07-01,3.190000057220459,2.569999933242798,18.11679077148437,-0.0009092494303296856,0.03383871107673016,0.5371728851759682,1660955.1678681772,Close
DOC,10071,1985-07-11,2025-07-01,17.8799991607666,0.3248964250087738,30.30034828186035,0.0005471744262769109,0.018235832915173125,0.2894848730620447,1900222.0642438685,Close
DOCN,1040,2021-05-11,2025-07-01,28.020000457763672,19.81999969482422,130.25999450683594,0.0006107530146621069,0.04263791660877608,0.676855942612392,1580015.6923076923,Close
DOCS,976,2021-08-11,2025-07-01,58.380001068115234,19.86000061035156,102.0199966430664,0.0010515038256777333,0.04488609774165014,0.7125447116912653,2097597.3493852457,Close
DOCU,1771,2018-06-14,2025-07-01,77.36000061035156,37.40999984741211,310.04998779296875,0.000794149164656691,0.0364608596751337,0.5787982037281623,3546580.2755505363,Close
DOGZ,1859,2018-02-07,2025-07-01,12.75,2.859999895095825,174.8000030517578,0.001962515928250034,0.07545117078888648,1.1977502042163286,61560.9854760624,Close
DOLE,951,2021-09-16,2025-07-01,14.239999771118164,6.8486762046813965,16.934226989746094,0.0002365654822660303,0.01913286855426279,0.30372487237120355,570968.1671924291,Close
DOMH,11341,1980-05-05,2025-07-01,5.28000020980835,0.8648779988288879,3471184.5,0.0015555912393117178,0.07792354271209925,1.2369978917600053,28932.710343003262,Close
DOMO,1727,2018-08-16,2025-07-01,13.979999542236328,6.429999828338623,97.6999969482422,0.0009674787398800633,0.04654096925450003,0.7388149825398616,531464.7434858135,Close
DOOO,2960,2013-09-24,2025-07-01,50.220001220703125,9.508349418640137,97.72103881835938,0.000595978101301867,0.027128252660057535,0.43064766025343215,57597.752364864864,Close
DORM,8606,1991-04-29,2025-07-01,125.29000091552734,0.358784943819046,142.8300018310547,0.0010549599480658852,0.034344719863893695,0.545205525648257,107109.250522891,Close
DOUG,845,2022-02-16,2025-07-01,2.309999942779541,1.0399999618530271,7.516406059265137,-0.000297698644472109,0.045250877822908826,0.7183354159607078,728664.9573964498,Close
DOV,11383,1980-05-02,2025-07-01,186.16000366210935,0.6350571513175964,205.29885864257807,0.0006519143339577734,0.017717674625505057,0.281259365216675,1142395.433014144,Close
DOW,1547,2019-05-07,2025-07-01,27.82999992370605,16.48705291748047,58.57757568359375,7.189766536888662e-05,0.023078740135478688,0.36636364182697034,5361424.700064641,Close
DOX,6767,1998-08-06,2025-07-01,92.19000244140624,4.769012451171875,94.570068359375,0.0006006856382549347,0.023425549070563035,0.3718690629951003,1056487.7351854588,Close
DOYU,1465,2019-09-03,2025-07-01,6.510000228881836,1.2139742374420166,35.33236312866211,0.00044830801062631815,0.048535812832613684,0.7704821426128394,203495.16791808873,Close
DPG,3467,2011-09-16,2025-07-01,12.40999984741211,3.304440259933472,12.40999984741211,0.0003778286843862034,0.016756257205054415,0.26599733681284926,125044.6691664263,Close
DPRO,1091,2021-02-26,2025-07-01,3.2799999713897705,1.7000000476837158,132.75,0.0019478292697135194,0.1327233384323507,2.1069176799975677,117101.72410632447,Close
DPZ,5244,2004-08-27,2025-07-01,457.5299987792969,2.27643084526062,538.3455200195312,0.0010668441819967093,0.022173428055884837,0.3519922580979221,658387.1317696415,Close
DQ,3672,2010-11-23,2025-07-01,15.300000190734863,0.7400000095367432,124.12999725341795,0.0013626567772234478,0.0514025128397917,0.8159895944273601,1003878.850217865,Close
DRCT,815,2022-03-31,2025-07-01,0.5601999759674072,0.4510000050067901,32.5099983215332,0.009622094509255925,0.3279304148893737,5.205733950789094,604912.2257668711,Close
DRD,7802,1994-07-01,2025-07-01,13.380000114440918,0.7046891450881958,85.02345275878906,0.00072090886568473,0.04259179078750759,0.6761237178998218,197853.46359907716,Close
DRH,5023,2005-07-14,2025-07-01,7.869999885559082,1.6769036054611206,12.419045448303224,0.0005326820594639024,0.031485052648049835,0.4998097159350931,1873914.309974119,Close
DRI,7554,1995-06-26,2025-07-01,219.6000061035156,2.233073711395264,225.77999877929688,0.0007974344841469382,0.02235179046922144,0.35482367363150186,1613878.3705321683,Close
DRIO,2306,2016-04-29,2025-07-01,0.7099999785423279,0.2039999961853027,30.420000076293945,0.008161891797811195,0.4162855639518036,6.608328459616481,148683.8100607112,Close
DRMA,941,2021-09-30,2025-07-01,0.6406000256538391,0.5849999785423279,1500.0,-0.003849246794100387,0.09402687564230217,1.4926303770355691,336064.8586609989,Close
DRRX,6192,2000-11-14,2025-07-01,0.6399999856948853,0.5,154.375,0.0006851740742264472,0.05313564894166755,0.8435022771101085,64936.28956718346,Close
DRS,10050,1985-08-09,2025-07-01,45.09000015258789,0.5571500062942505,149.23660278320312,0.001285483831624825,0.05785464522247493,0.9184140206912389,120181.58646766169,Close
DRTS,1052,2021-04-23,2025-07-01,3.119999885559082,2.009999990463257,15.300000190734863,8.855516667936758e-05,0.04922440435531885,0.7814131941567504,102067.16634980988,Close
DRUG,1042,2021-05-07,2025-07-01,26.57999992370605,0.959999978542328,55.77000045776367,0.0147785120877316,0.4576791885160357,7.265431878379676,411050.8186180422,Close
DRVN,1085,2021-03-08,2025-07-01,18.059999465942383,10.670000076293944,34.41999816894531,-1.0848859915941643e-06,0.026636680266173222,0.4228441904198167,764121.4470046083,Close
DSGN,1037,2021-05-14,2025-07-01,3.5199999809265137,1.9900000095367432,27.6200008392334,-5.431809890020079e-05,0.05408096194115728,0.8585086557567067,289871.56123432977,Close
DSGR,11383,1980-05-02,2025-07-01,28.270000457763672,1.3806232213974,40.84999847412109,0.0005891951146146137,0.02565019887504246,0.4071842838162665,46938.766581744705,Close
DSGX,6615,1999-03-16,2025-07-01,102.03500366210938,0.949999988079071,122.5,0.0009752892566427324,0.03350609414840837,0.5318927551308303,88959.44988662131,Close
DSL,3031,2013-06-13,2025-07-01,12.229999542236328,5.805078983306885,12.412542343139648,0.00026234382637108176,0.01211009141933078,0.19224174149883877,420742.4087759815,Close
DSM,8933,1990-01-11,2025-07-01,5.679999828338623,0.9921693801879884,7.235177040100098,0.00023758764225382693,0.010206160863872429,0.16201778091915958,92236.7734243815,Close
DSP,1069,2021-03-30,2025-07-01,13.3100004196167,3.220000028610229,52.88999938964844,-0.00020264068359704136,0.04276628017263992,0.6788936510167061,182029.53975678203,Close
DSS,7673,1995-01-05,2025-07-01,0.9099000096321106,0.7720000147819519,202785.515625,0.004425421214982105,0.11726674635375046,1.8615518874582846,9243.920370129024,Close
DSU,6824,1998-05-15,2025-07-01,10.630000114440918,1.2342426776885986,10.630000114440918,0.00033342760206684556,0.013911310452308243,0.22083520720692645,132687.71263188747,Close
DSWL,7505,1995-09-05,2025-07-01,2.759999990463257,0.4578521251678467,5.496123313903809,0.0005152536475512937,0.027095305867643294,0.43012464613808005,24389.191738840775,Close
DSX,5068,2005-05-10,2025-07-01,1.4700000286102295,0.881472110748291,27.31029510498047,0.00021927561201602415,0.03354762608877149,0.532552054244831,778360.4838200473,Close
DT,1454,2019-09-18,2025-07-01,54.40999984741211,17.25,78.76000213623047,0.00111804581792302,0.02939779630923271,0.46667554876537337,2632972.8273727647,Close
DTB,1155,2020-11-23,2025-07-01,17.329999923706055,14.322053909301758,21.660587310791016,-9.021857915573392e-05,0.01163098315620555,0.18463613360700604,21409.62077922078,Close
DTE,15948,1962-02-16,2025-07-01,132.42999267578125,0.2095172852277755,138.36558532714844,0.0004434972511850136,0.012536239203391177,0.19900662784914916,590733.0358665664,Close
DTF,8427,1992-01-13,2025-07-01,11.220000267028809,2.4562551975250244,13.022496223449709,0.00020258957758248803,0.007319103994274642,0.1161871739320213,13178.50207665836,Close
DTG,865,2022-01-19,2025-07-01,17.31999969482422,13.999720573425291,21.11083984375,-0.00015852690583844113,0.011440023874800137,0.1816047489921761,26337.566473988438,Close
DTI,846,2022-02-15,2025-07-01,2.880000114440918,1.5800000429153442,10.5600004196167,-0.000858395871624621,0.03397119001869376,0.5392759231823001,57202.32978723404,Close
DTIL,1541,2019-05-15,2025-07-01,4.130000114440918,3.809999942779541,589.7999877929688,-0.0014390676673115906,0.05497910853277281,0.8727662908904765,64882.286826735886,Close
DTM,971,2021-08-18,2025-07-01,104.9499969482422,34.375545501708984,111.9063720703125,0.0012703891200586132,0.01653225274042809,0.2624413761770328,701769.3728115346,Close
DTSS,1809,2018-04-20,2025-07-01,1.9450000524520876,1.4700000286102295,270.0,0.0027390837340032378,0.15464067119007469,2.4548445512702903,152482.46102819237,Close
DTST,3310,2012-05-02,2025-07-01,3.450000047683716,0.0199999995529651,9.989999771118164,0.015478003644027625,0.4827056053333483,7.662713929013599,132293.1501510574,Close
DTW,1794,2018-05-11,2025-07-01,21.170000076293945,13.655343055725098,23.93962860107422,0.00018463631986344355,0.010280135428138238,0.16319209072150975,31939.01226309922,Close
DUK,11383,1980-05-02,2025-07-01,118.87000274658205,0.8181566596031189,122.93190002441406,0.0005134438463725759,0.013458268508137666,0.21364338930038715,1863438.6815426513,Close
DUKB,1650,2018-12-06,2025-07-01,23.770000457763672,16.253435134887695,24.562257766723636,0.0002462819845621293,0.0074431446748720554,0.11815625869191701,45131.64424242424,Close
DUO,1389,2019-12-19,2025-07-01,2.069999933242798,2.069999933242798,169416.0,-0.00015281240726665538,0.16749768665652948,2.658943344430793,101559.29301655867,Close
DUOL,953,2021-09-14,2025-07-01,403.05999755859375,63.0,540.6799926757812,0.0018416070436012555,0.04197301126852601,0.6663008975581892,609182.3347324239,Close
DUOT,2001,2017-07-17,2025-07-01,7.260000228881836,0.1700000017881393,11.31999969482422,0.007704928206912416,0.2887349697216313,4.583525548147206,35501.65817091454,Close
DV,1021,2021-06-08,2025-07-01,15.0600004196167,11.859999656677246,47.060001373291016,-0.00019737533825504462,0.03418783066625379,0.5427149868461711,1581311.6777668952,Close
DVA,7432,1995-12-18,2025-07-01,146.7100067138672,0.8541669845581055,177.35000610351562,0.000774754611393019,0.025574831424398155,0.40598786262814385,1430348.7057319698,Close
DVAX,5343,2004-04-06,2025-07-01,10.0600004196167,1.5,98.5,0.0017853668319882175,0.09371647475974829,1.4877029157837338,1050633.0492232828,Close
DVLT,1708,2018-09-13,2025-07-01,0.6553000211715698,0.6000000238418579,1569000.0,-0.004516535470598094,0.10265410167287202,1.6295833445229537,519695.26405152224,Close
DVN,10031,1985-09-06,2025-07-01,32.650001525878906,0.5120600461959839,79.38680267333984,0.0006400618602406394,0.028670491776263893,0.45512994723550054,3577738.0761638917,Close
DVS,3311,2012-05-01,2025-07-01,3.450000047683716,0.0099999997764825,3.670000076293945,0.0063787331553052376,0.24151471696797672,3.833927274356508,101058.26880096647,Close
DWSN,7830,1994-05-23,2025-07-01,1.409999966621399,0.1018828079104423,27.065187454223636,0.0023656556099117677,0.07790766434510532,1.2367458304982548,40329.81954022989,Close
DWTX,1105,2021-02-05,2025-07-01,4.949999809265137,1.850000023841858,219.25,0.0031739302563477743,0.14441857408280862,2.292573790330018,271791.1113122172,Close
DX,9385,1988-03-29,2025-07-01,12.25,0.1916967332363128,21.881933212280277,0.0006502549319818761,0.03064695242153104,0.4865052872963993,206188.52583910496,Close
DXC,10930,1982-02-18,2025-07-01,15.920000076293944,0.5610113143920898,92.3997573852539,0.000594670594089835,0.02470464203540338,0.39217403432729936,1946462.234126258,Close
DXCM,5053,2005-06-01,2025-07-01,83.58000183105469,0.3474999964237213,162.81500244140625,0.0012274797742587583,0.034634172840533974,0.5498004492028824,2915268.407876509,Close
DXLG,9561,1987-07-20,2025-07-01,1.149999976158142,0.2000000029802322,25.0,0.0009990174640104404,0.04952298811601879,0.7861530644147572,268313.93306139525,Close
DXPE,6797,1998-06-24,2025-07-01,90.04000091552734,0.25,115.1999969482422,0.0018274524893537414,0.05501198059326665,0.8732881186733704,120753.38222745329,Close
DXR,10535,1983-09-09,2025-07-01,9.649999618530272,1.383737325668335,23.780000686645508,0.0007019141882823782,0.037935640801410535,0.6022096283184438,14379.299762695777,Close
DY,10317,1984-07-20,2025-07-01,244.32000732421875,0.8888890147209167,245.7100067138672,0.0011185842111614982,0.034747894339040984,0.5516057220255093,294986.20025201124,Close
DYAI,4359,2008-03-05,2025-07-01,0.9700000286102296,0.0700000002980232,10.260000228881836,0.0031457883978267278,0.08312941580733679,1.319638565161769,128259.42005047029,Close
DYN,1169,2020-11-03,2025-07-01,8.680000305175781,4.360000133514404,47.040000915527344,0.00046767034983785384,0.04942897194543806,0.7846606039753058,796917.8528656972,Close
E,7413,1996-01-16,2025-07-01,32.720001220703125,3.0353267192840576,32.93000030517578,0.0004959541868105297,0.01849468463835658,0.2935940167779484,380955.0631323351,Close
EA,8978,1989-11-06,2025-07-01,159.05999755859375,0.3881895542144775,167.31793212890625,0.0010795623208838278,0.029325955004557154,0.4655351034091697,4323476.354644687,Close
EAD,5590,2003-04-14,2025-07-01,7.099999904632568,0.7904356122016907,7.099999904632568,0.00035377545412752196,0.012637226780978273,0.20060975594396294,216929.8502683363,Close
EAF,1777,2018-06-06,2025-07-01,0.9983999729156494,0.5460000038146973,19.97068214416504,-0.0006247230317473402,0.04438847946638573,0.7046452664661222,2144998.876758582,Close
EAI,888,2011-12-15,2025-07-01,20.3799991607666,20.3799991607666,83.12999725341797,-0.0005172391342911011,0.026284031710155947,0.41724606814325027,58.119369369369366,Close
EARN,3028,2013-06-18,2025-07-01,5.679999828338623,1.950221419334412,7.784913063049316,0.00038213910953009,0.022229867487286312,0.3528882062956793,131408.54557463672,Close
EAT,10420,1984-02-23,2025-07-01,184.0200042724609,0.5068175792694092,189.13999938964844,0.0008996230024013633,0.026597540591256644,0.4222228673424656,1132599.0564299424,Close
EB,1670,2018-11-06,2025-07-01,2.690000057220459,1.840000033378601,33.86000061035156,-0.000602886327494661,0.04077674223163879,0.6473107153218072,1198977.7760479043,Close
EBAY,6700,1998-11-10,2025-07-01,76.0999984741211,1.8214905261993408,79.36000061035156,0.001016246933778824,0.02997843637195514,0.47589292400860034,31465043.141343284,Close
EBC,1149,2020-12-02,2025-07-01,15.65999984741211,9.76234245300293,20.47268867492676,0.0003426281832615736,0.020341733506564447,0.32291500856591643,954418.2140992167,Close
EBF,11383,1980-05-02,2025-07-01,18.489999771118164,0.1627091765403747,21.814327239990234,0.0006246456146518636,0.02068585530992957,0.3283777728404315,68144.56953351489,Close
EBMT,6313,2000-05-24,2025-07-01,17.170000076293945,1.1238166093826294,22.462818145751957,0.0005977790165070704,0.018272249203870744,0.29006296372343965,6676.94345002376,Close
EBON,1226,2020-08-13,2025-07-01,3.299999952316284,2.5799999237060547,353.3999938964844,-0.0006528763714402828,0.07085768473183003,1.1248308736694443,105157.35970636216,Close
EBR,4145,2009-01-08,2025-07-01,7.449999809265137,1.000416278839111,11.033473014831545,0.0006455259022075514,0.033605669664116336,0.5334734674382361,908033.0810615199,Close
EBS,4651,2007-01-05,2025-07-01,6.599999904632568,1.5,134.94000244140625,0.0007131615327744489,0.04158959731787668,0.6602143897825237,621097.5400989035,Close
EBTC,5093,2005-04-04,2025-06-30,39.63999938964844,5.709400177001953,43.83245849609375,0.0006157574843709198,0.025425341786343526,0.40361478819290225,10722.638916159434,Close
EC,4189,2008-11-04,2025-07-01,8.899999618530273,2.5881028175354004,26.31126594543457,0.00043990019650381594,0.025098776116895243,0.3984307189043534,992767.8987825257,Close
ECAT,910,2021-11-12,2025-07-01,16.270000457763672,8.602635383605957,16.270000457763672,0.0003693147725813799,0.011253026171285499,0.17863625247673656,315697.85604395607,Close
ECC,2665,2014-11-24,2025-07-01,7.710000038146973,2.0831820964813232,8.584216117858887,0.0004964852693857039,0.02202952726430819,0.34970790385005923,304719.3178236398,Close
ECCC,984,2021-07-30,2025-07-01,23.229999542236328,16.271085739135742,23.299999237060547,0.0002143931297970513,0.007785888253015495,0.12359714431930885,6171.975609756098,Close
ECCV,827,2022-03-15,2025-07-01,23.17639923095703,17.533836364746094,23.17639923095703,0.000200440055014865,0.005213166022448111,0.0827564450321368,4041.385731559855,Close
ECCW,1037,2021-05-14,2025-07-01,23.56329917907715,18.002273559570312,23.778188705444336,0.00023294926269465895,0.006587083522888564,0.10456670920064629,3433.722275795564,Close
ECCX,813,2022-04-04,2025-07-01,24.637800216674805,18.87420654296875,24.80458068847656,0.0002677734770698484,0.007322761159904221,0.11624522963657673,3412.0947109471094,Close
ECF,9799,1986-08-08,2025-07-01,10.18000030517578,0.336651474237442,12.37427806854248,0.0004007465995272585,0.013578496947497874,0.21555195660677426,23322.852638024287,Close
ECL,13169,1973-04-09,2025-07-01,272.6099853515625,0.5646990537643433,272.6099853515625,0.0005482058177186833,0.016877517204544612,0.2679222796286346,865144.6462905308,Close
ECOR,1732,2018-08-09,2025-07-01,5.239999771118164,3.119999885559082,263.1000061035156,0.0006290951328712821,0.08439819888265147,1.3397798720715912,69778.21016166282,Close
ECPG,6502,1999-08-25,2025-07-01,39.959999084472656,0.203125,72.43000030517578,0.0013508990903889748,0.04681329435295654,0.7431380094575242,191495.3309750846,Close
ECVT,1915,2017-11-15,2025-07-01,7.599999904632568,5.329999923706055,14.350663185119627,0.00012992244440514534,0.02562986643766597,0.40686151637919055,486563.90234986943,Close
ECX,1035,2021-05-18,2025-07-01,2.1700000762939453,0.8230000138282776,10.75,0.00010798368960085373,0.058352158337630806,0.9263117965514117,596109.2019323672,Close
ED,15948,1962-02-16,2025-07-01,100.77999877929688,0.0699863210320472,112.3425064086914,0.0004561137986221415,0.012494061157112688,0.19833707212171242,861072.4430022574,Close
EDAP,6989,1997-09-18,2025-07-01,1.6699999570846558,0.625,20.770000457763672,0.0013659833583788714,0.060066877410137026,0.9535321179565565,98047.73615681786,Close
EDD,4544,2007-06-11,2025-07-01,5.190000057220459,1.6541011333465576,5.923931121826172,0.00016230419748311064,0.013684831766154268,0.21723996952200608,256754.58340669013,Close
EDF,3617,2011-02-11,2025-07-01,5.093500137329102,2.328303337097168,6.50837516784668,0.0002543032046316732,0.017482587119029492,0.2775274667458392,92661.9847940282,Close
EDIT,2333,2016-03-22,2025-07-01,2.25,0.9800000190734864,90.58000183105467,0.00018104392843217715,0.05188405425546858,0.8236338274185142,1426951.495499357,Close
EDN,4542,2007-06-13,2025-07-01,26.18000030517578,1.7100000381469729,62.54999923706055,0.0008881864395895101,0.039813803242327035,0.6320245327611265,64914.6224130339,Close
EDRY,1747,2018-07-19,2025-07-01,9.670000076293944,3.2799999713897705,42.75,0.001258861814653208,0.048932616943520954,0.7767812125928518,40146.72352604465,Close
EDSA,3748,2010-08-06,2025-07-01,2.0299999713897705,1.590000033378601,6732.60009765625,0.00040479177928864706,0.06785367761769219,1.077143739105379,55350.6181963714,Close
EDTK,1208,2020-09-09,2025-07-01,0.8199999928474426,0.7699999809265137,4.380000114440918,-0.0003296967214633438,0.04431822009483718,0.7035299335197873,137006.22433774834,Close
EDU,4694,2006-11-01,2025-07-01,53.59999847412109,5.79891300201416,194.84767150878903,0.001148560574391298,0.03570311307543353,0.5667693493704935,1903021.7239028546,Close
EDUC,11363,1980-06-02,2025-07-01,1.3300000429153442,0.027515223249793,18.34963035583496,0.000970998579496193,0.038639021150776776,0.6133754452075206,18292.919475490628,Close
EEA,9781,1986-09-04,2025-07-01,10.210000038146973,0.8030807375907898,10.229999542236328,0.00038266746489518105,0.019432575939182916,0.3084825796107325,28966.423065126266,Close
EEFT,7091,1997-04-24,2025-07-01,103.98999786376952,1.8125,170.2100067138672,0.0008505030184735238,0.0342520564760796,0.5437345399694761,317483.2284586095,Close
EEIQ,1040,2021-05-11,2025-07-01,0.4900000095367431,0.4900000095367431,9.399999618530272,0.0005043610594365859,0.07765306391543379,1.2327041739746485,156893.7951923077,Close
EEX,2022,2017-06-15,2025-07-01,4.920000076293945,1.5296844244003296,22.091503143310547,1.725935639290792e-05,0.038899404439718635,0.6175089017761041,160718.81948565776,Close
EFC,3671,2010-11-24,2025-07-01,12.970000267028809,2.105876207351685,13.787850379943848,0.0005706629352379786,0.02276138651777967,0.3613258093263808,370616.8074094252,Close
EFOI,7736,1994-10-05,2025-07-01,2.3499999046325684,1.149999976158142,5323.5,0.0008504271689039096,0.06055015325122845,0.9612038840975974,28062.489141675283,Close
EFR,5400,2004-01-14,2025-07-01,12.119999885559082,1.9512556791305544,12.82339572906494,0.00027065689024922767,0.010638208194454737,0.16887631966714015,123824.9912962963,Close
EFSC,5494,2003-08-29,2025-07-01,56.11000061035156,5.609498977661133,61.26755905151367,0.0006604617254949351,0.026136146951474773,0.4148984703782471,71598.93301783764,Close
EFSCP,878,2021-12-30,2025-07-01,19.950000762939453,12.22128963470459,21.18534469604492,0.00014953385442377544,0.01855188818631979,0.2945020949500756,5140.6161731207285,Close
EFSI,5745,2002-08-30,2025-07-01,32.279998779296875,5.901981830596924,35.88252258300781,0.00045806144886374365,0.018041688681321135,0.2864029288945475,1396.4005221932116,Close
EFT,5235,2004-09-10,2025-07-01,12.5600004196167,2.017746925354004,13.04798412322998,0.0002748223859127056,0.011163760924802021,0.17721921061923956,130966.64145176695,Close
EFX,11383,1980-05-02,2025-07-01,263.94000244140625,0.2673631310462951,305.2013854980469,0.0007786216233475088,0.01888722213289152,0.29982535632279533,562861.8114732496,Close
EFXT,3501,2011-07-29,2025-07-01,7.909999847412109,2.837113857269287,15.986438751220703,0.00031555475660699305,0.027592596305982636,0.4380188871133772,37477.11053984576,Close
EG,7452,1995-11-17,2025-07-01,340.8699951171875,13.047426223754885,402.68109130859375,0.0006082012871534441,0.018450038615908354,0.29288528314339113,361631.9747718733,Close
EGAN,6449,1999-11-09,2025-07-01,6.800000190734863,0.209999993443489,685.0,0.0013918576876880266,0.06615612089919701,1.0501958616239884,75471.8936269189,Close
EGO,5613,2003-03-12,2025-07-01,20.36000061035156,2.640000104904175,105.3094711303711,0.0008915849085401151,0.036537007407743995,0.580007011508492,1141241.4584001426,Close
EGP,13169,1973-04-09,2025-07-01,167.9499969482422,0.2226455956697464,204.82058715820312,0.0005474864864786201,0.018768353844594347,0.2979383807451579,91635.12256055888,Close
EGY,8128,1993-03-18,2025-07-01,3.7100000381469727,0.1187909841537475,13.050039291381836,0.002719043773977504,0.07800053979833386,1.2382201826111257,449282.0132874016,Close
EH,1360,2020-02-03,2025-07-01,16.84000015258789,3.630000114440918,124.08999633789062,0.0025496869016984128,0.06718695487907053,1.06655984374643,1238813.6272058825,Close
EHC,9734,1986-11-10,2025-07-01,120.41999816894533,0.260956197977066,122.62999725341795,0.0010905638007773129,0.03393537400100471,0.5387073615277526,656674.2609410314,Close
EHI,5484,2003-09-15,2025-07-01,6.550000190734863,1.0306496620178225,6.903051853179932,0.000291304742371524,0.011392478024986162,0.18084998202529007,99387.89715536105,Close
EHTH,4669,2006-12-07,2025-07-01,4.349999904632568,2.680000066757202,146.08999633789062,0.0005149222148200698,0.0406568135194664,0.6454069060370209,345038.86271150137,Close
EIC,1460,2019-09-10,2025-07-01,13.729999542236328,3.483151912689209,15.588909149169922,0.0005457742743694627,0.02510294596716486,0.39849691322526004,67756.39657534247,Close
EICA,895,2021-12-06,2025-07-01,24.38990020751953,18.57647705078125,24.38990020751953,0.00019676677963793602,0.006294357797359769,0.09991983236804543,3043.754189944134,Close
EIG,4601,2007-03-20,2025-07-01,47.52000045776367,5.731633186340332,52.926307678222656,0.00048449276784046834,0.02022918475640597,0.32112835254617356,177319.902412519,Close
EIM,5714,2002-10-15,2025-07-01,9.670000076293944,2.739452838897705,11.515052795410156,0.00021400113468922233,0.010585389162451718,0.16803784352811324,143052.87556877843,Close
EIX,13119,1973-06-20,2025-07-01,52.880001068115234,0.2582421600818634,86.10509490966797,0.0005212411562739537,0.016944978977834157,0.2689932020793999,1362695.1583962191,Close
EJH,1004,2021-07-01,2025-07-01,2.890000104904175,2.3499999046325684,148500000.0,-0.010704356430368276,0.10366611891516977,1.645648620196729,38183.41434262948,Close
EKSO,2847,2014-03-07,2025-07-01,3.390000104904175,2.819999933242798,8505.0,-0.0008276855608354625,0.06535521399640161,1.0374818586953187,15927.147523709167,Close
EL,7419,1996-01-08,2025-07-01,85.11000061035156,5.898659706115723,351.148193359375,0.000560358680955063,0.020291838719339535,0.3221229533736228,2112662.011322281,Close
ELA,8348,1992-05-05,2025-07-01,6.130000114440918,0.270000010728836,9.960000038146973,0.0013656946096987901,0.051965160685017615,0.8249213520724049,22627.880929563966,Close
ELAN,1670,2018-11-06,2025-07-01,14.43000030517578,8.079999923706055,36.720001220703125,-0.00011274288497491305,0.02790603913065489,0.4429946376992997,5063345.7748503,Close
ELBM,1091,2021-02-26,2025-07-01,1.0700000524520874,0.9810000061988832,23.90399932861328,-0.001336839893537083,0.05454732216971269,0.8659118948734797,67594.32447296058,Close
ELC,839,2022-02-25,2025-07-01,20.239999771118164,18.835769653320312,23.910934448242188,-0.000158072516845641,0.00869174457319834,0.1379771675998683,20671.81168057211,Close
ELDN,2680,2014-11-03,2025-07-01,2.789999961853028,1.1200000047683716,2817.179931640625,-0.0005155076251808974,0.06683719596343725,1.0610075930888705,64433.294029850746,Close
ELEV,975,2021-08-12,2025-07-01,0.3684999942779541,0.2329999953508377,12.979999542236328,-1.1442122623203014e-05,0.08619906288515987,1.368367701845705,880997.8328205128,Close
ELF,2172,2016-11-08,2025-07-01,126.66999816894533,7.300000190734863,218.0,0.0013061837366541544,0.03388519488634595,0.5379107927773737,971266.8581952117,Close
ELLO,7449,1995-11-22,2025-07-01,18.53499984741211,1.7999999523162842,189.375,0.0013297073995878774,0.0588832225247458,0.9347421791673255,3630.414552288898,Close
ELMD,3710,2010-09-30,2025-07-01,21.799999237060547,0.9200000166893004,35.43000030517578,0.0013190383581155433,0.04361449682206439,0.6923586728903958,43430.93935309973,Close
ELME,11383,1980-05-02,2025-07-01,15.9399995803833,0.4030472040176391,25.202125549316406,0.0004724384151430102,0.017260297556285786,0.27399872933344843,244144.99490468242,Close
ELP,6779,1998-07-21,2025-07-01,9.010000228881836,0.2983546257019043,10.083369255065918,0.0007203298962672932,0.030691922204515974,0.48721916047014335,891038.2113881103,Close
ELS,8110,1993-04-14,2025-07-01,61.83000183105469,1.0304570198059082,79.66255950927734,0.0006377271346730973,0.01744766758076766,0.27697313626101117,685621.7667077682,Close
ELSE,11073,1981-07-27,2025-07-01,4.239999771118164,0.2096380442380905,8.5,0.0010557845658664847,0.04266361722893544,0.6772639273092829,10930.458141425088,Close
ELTK,7122,1997-03-11,2025-07-01,10.300000190734863,1.2028762102127075,36.43327713012695,0.0018505543952000334,0.07091376537092789,1.1257211262159554,31930.910839651784,Close
ELTX,1072,2021-03-25,2025-07-01,7.71999979019165,3.299999952316284,181.6999969482422,-0.0004946676922077252,0.06831176524391226,1.0844156547313044,28161.360074626864,Close
ELUT,1154,2020-11-24,2025-07-01,2.130000114440918,1.1299999952316284,16.40999984741211,0.00029200587079522523,0.05802910030851417,0.9211834093269001,65990.92287694974,Close
ELV,5922,2001-12-17,2025-07-01,395.760009765625,18.412254333496094,553.5484008789062,0.0006955926767861,0.01919543124050519,0.3047180242261009,2582470.611279973,Close
ELVA,3863,2010-02-23,2025-07-01,3.4200000762939453,0.5,21.299999237060547,0.001533620593391192,0.05829923824316428,0.9254717160955128,12260.795495728707,Close
ELVN,1299,2020-04-29,2025-07-01,19.649999618530277,0.9900000095367432,54.869998931884766,0.002452838756055998,0.08570255827133648,1.3604859354478678,354056.4403387221,Close
EM,1034,2021-05-19,2025-07-01,1.149999976158142,0.4388654828071594,6.957623481750488,-0.0003984181379322513,0.049710117546984685,0.7891236520386579,145023.5918762089,Close
EMA,3863,2010-02-23,2025-07-01,46.02999877929688,13.377684593200684,46.02999877929688,0.00041236386184985435,0.014271361722156484,0.22655084392243519,10277.93269479679,Close
EMD,5394,2004-01-23,2025-07-01,10.210000038146973,2.104363918304444,10.210000038146973,0.0002983532608106209,0.01182119151104686,0.18765559763218703,153500.8251761216,Close
EME,7637,1995-02-27,2025-07-01,530.8800048828125,1.0972518920898438,535.6395874023438,0.0010496814712239436,0.022891883011831128,0.3633973769477366,432096.6249836323,Close
EMF,9627,1987-04-14,2025-07-01,14.649999618530272,0.2755161225795746,15.495537757873535,0.0005214869855112132,0.018893342499820817,0.29992251413575965,49765.32263425782,Close
EML,11383,1980-05-02,2025-07-01,23.049999237060547,0.5305564403533936,33.936546325683594,0.0005123055319265476,0.020477495549252017,0.3250701641805171,8162.754897654397,Close
EMN,7907,1994-01-31,2025-07-01,78.19999694824219,5.596363544464111,112.68415832519533,0.0004865501852369741,0.019657260622062283,0.31204933837655785,1243892.592892374,Close
EMO,3500,2011-08-01,2025-07-01,47.79999923706055,2.368741512298584,49.42461013793945,0.00046087446177999993,0.02467506912747399,0.3917045789677423,40121.33485714286,Close
EMP,4735,2000-02-18,2025-07-01,20.309999465942383,0.8799999952316284,157.8000030517578,1.122635496347358,8.23209560548642,130.6804664461485,311671.37507919746,Close
EMR,13349,1972-07-19,2025-07-01,135.50999450683594,0.4119748473167419,135.50999450683594,0.0005248743514207439,0.016694114560055227,0.26501085290597154,2290092.0862985994,Close
EMX,4456,2007-10-15,2025-07-01,2.509999990463257,0.3499999940395355,3.7300000190734863,0.0009025532981629568,0.04003478788859527,0.6355325552666624,103710.11871633753,Close
ENB,10372,1984-05-02,2025-07-01,44.91999816894531,0.2433562725782394,47.15999984741211,0.0006098019267705986,0.015072104602664442,0.2392622430780126,1091897.0578480524,Close
ENFY,4297,2008-06-03,2025-07-01,1.1200000047683716,0.7599999904632568,343.6363525390625,-4.292548584618055e-05,0.04746096433946105,0.7534194517531132,26159.68443099837,Close
ENGN,823,2022-03-21,2025-07-01,3.619999885559082,2.880000114440918,28.440000534057617,0.0008738103817969657,0.07277517964572067,1.1552701617637595,79930.06196840826,Close
ENIC,2279,2016-06-08,2025-07-01,3.640000104904175,0.777692973613739,3.9700000286102295,0.00031280909237525756,0.02303346047725955,0.3656448495363833,581808.6191311979,Close
ENJ,3128,2013-01-24,2025-07-01,20.5,10.229536056518556,22.89976119995117,0.00018712132932118087,0.009405672926385118,0.1493104288585689,2356.208120204604,Close
ENLV,2713,2014-09-17,2025-07-01,1.1200000047683716,0.8410000205039978,347.6000061035156,-0.0003543129271999655,0.059542102803433805,0.9452015793343658,90611.58274972356,Close
ENO,2298,2016-05-11,2025-07-01,21.8799991607666,19.988534927368164,26.948829650878903,1.9137557577988117e-05,0.0077976917844784005,0.1237845195723679,10467.65404699739,Close
ENOV,4281,2008-06-25,2025-07-01,33.02000045776367,9.311532020568848,128.95008850097656,0.00036245215224187517,0.02898581121993555,0.46013548822449124,509440.5470684419,Close
ENPH,3299,2012-05-17,2025-07-01,40.90999984741211,0.699999988079071,336.0,0.0017588485227077997,0.05065189162979307,0.8040738521245595,2479316.655653228,Close
ENR,2495,2015-07-30,2025-07-01,21.200000762939453,19.82999992370605,51.93963241577149,0.00010114138172590139,0.02156889890013966,0.3423956552595847,692810.8965931864,Close
ENS,5230,2004-09-17,2025-07-01,88.75,5.285996437072754,110.79753112792967,0.0007226462019492635,0.026262471182517903,0.41690380537765664,319919.600956023,Close
ENSC,1802,2018-05-01,2025-07-01,2.240000009536743,1.659999966621399,86364.0,-0.002034958136155139,0.09124903614083034,1.4485335420178926,138416.59822419533,Close
ENSG,4404,2007-12-28,2025-07-01,150.7899932861328,1.710982322692871,156.6944122314453,0.001183015709906199,0.02469095033408367,0.3919566853069954,311572.02429609443,Close
ENTA,3056,2013-05-08,2025-07-01,7.699999809265137,4.260000228881836,126.37000274658205,0.0002815585495950692,0.034052831939566,0.5405719484974135,233849.43291884818,Close
ENTG,6248,2000-08-25,2025-07-01,82.33999633789062,0.499374508857727,152.57785034179688,0.0008996262675341613,0.033903183997773034,0.5381963610682323,1011935.1373239437,Close
ENTO,2159,2016-11-28,2025-07-01,0.390500009059906,0.2380000054836273,209580.0,-0.0034772829864628315,0.07220415787760734,1.1462054722139658,117919.08198239926,Close
ENTX,1728,2018-08-15,2025-07-01,1.8600000143051147,0.5,6.900000095367432,0.0015302371976320544,0.07130626285802717,1.1319518306624503,534185.3362268518,Close
ENVA,2639,2015-01-02,2025-07-01,112.95999908447266,4.96999979019165,116.48999786376952,0.0011822367280803962,0.03332150754389144,0.5289625336253966,284525.3421750663,Close
ENVB,2523,2015-06-19,2025-07-01,1.2300000190734863,1.0800000429153442,10125000.0,-0.0006842275023934874,0.10299205147606365,1.6349481313321632,74675.88902100673,Close
ENVX,1094,2021-02-23,2025-07-01,10.149999618530272,5.460000038146973,35.81999969482422,0.001130922556965641,0.05976908876107383,0.9488048697044819,4013818.0228519198,Close
ENX,5714,2002-10-15,2025-07-01,9.279999732971191,3.0664756298065186,10.9525785446167,0.00018595828055371035,0.010398435526346356,0.16507004656110894,30653.961848092404,Close
EOD,4562,2007-05-15,2025-07-01,5.429999828338623,1.1777150630950928,5.429999828338623,0.0002720121097014518,0.015081932501147125,0.239418256129786,169980.8189390618,Close
EOG,8968,1989-11-20,2025-07-01,121.19000244140624,1.3763245344161987,135.83152770996094,0.0007730198679236449,0.024360789562475563,0.3867155455409299,3630170.2591436217,Close
EOI,5169,2004-12-14,2025-07-01,20.950000762939453,2.066471576690674,20.965137481689453,0.00043872157285534735,0.013391204146825358,0.21257877556918064,110791.34242600117,Close
EOLS,1825,2018-03-28,2025-07-01,9.199999809265137,2.9200000762939453,38.4900016784668,0.0012783453221393056,0.051687211733829314,0.820509049260312,655512.042739726,Close
EOS,5106,2005-03-16,2025-07-01,24.09000015258789,1.927231311798096,24.209999084472656,0.000482294114212024,0.014099573321351417,0.22382378760250102,138802.5810810811,Close
EOSE,1137,2020-12-18,2025-07-01,4.869999885559082,0.6449999809265137,30.440000534057617,0.00173666840946374,0.07442816980188638,1.1815105670008732,4768262.587510994,Close
EOSEW,1124,2021-01-08,2025-07-01,0.4271999895572662,0.0729999989271164,14.050000190734863,0.0035873262604604146,0.11705932295049316,1.8582591430116038,39338.040925266905,Close
EOT,4017,2009-07-14,2025-07-01,16.350000381469727,8.134198188781738,20.41652107238769,0.0002081254771594904,0.008612928905941545,0.13672600767000573,41220.44734876774,Close
EP,6425,1999-12-14,2025-07-01,5.309999942779541,0.1599999964237213,96.0,0.006916990501076287,0.13515877646694954,2.145579060235906,6059.888560311284,Close
EPAC,6239,2000-09-08,2025-07-01,39.560001373291016,2.910539388656616,51.56999969482422,0.0006050365244119684,0.02408422791634928,0.3823252655139572,487156.40375060105,Close
EPAM,3335,2012-03-27,2025-07-01,179.02999877929688,14.119999885559082,717.489990234375,0.0011070824149308864,0.02772238660145257,0.4400792441797955,435127.53973013494,Close
EPC,6321,2000-05-12,2025-07-01,24.479999542236328,9.729310035705566,99.01117706298828,0.0003789658113522408,0.021539221662558398,0.3419245437181483,661202.6184148078,Close
EPD,6741,1998-09-14,2025-07-01,31.170000076293945,0.5931697487831116,33.62540054321289,0.0007064040376682262,0.016869604084133048,0.2677966627364135,2997348.842011571,Close
EPIX,2558,2015-04-30,2025-07-01,1.7300000190734863,1.399999976158142,245.0,0.0003271581866027137,0.06801761557104173,1.079746173435426,201410.5652853792,Close
EPM,7320,1996-05-29,2025-07-01,4.829999923706055,0.1056662052869796,9774.1259765625,0.003631468153758846,0.10677480507978986,1.6949974831711208,87354.72185792349,Close
EPOW,1070,2021-03-29,2025-07-01,0.9151999950408936,0.5600000023841858,4.190000057220459,0.00023787249429924612,0.05781875808517343,0.917844330047844,156598.34953271027,Close
EPR,6913,1998-01-07,2025-07-01,58.45000076293945,1.9027618169784544,58.80700302124024,0.0007382792468098097,0.02438697749523948,0.3871312660855951,372104.3167944453,Close
EPRT,1733,2018-08-08,2025-07-01,31.989999771118164,6.005452156066895,33.36173629760742,0.001014433943209902,0.025729743173460093,0.4084470104072235,1065634.7778418926,Close
EPSN,4400,2008-01-04,2025-07-01,7.46999979019165,0.2575791776180267,8.390000343322754,0.002844770922767588,0.13921438508516945,2.2099598511488274,31223.054545454546,Close
EQ,1654,2018-11-29,2025-07-01,0.3149999976158142,0.2899999916553497,26.5,0.002979617118992502,0.19157303276000406,3.041127615536403,339847.3966142684,Close
EQBK,2389,2015-12-30,2025-07-01,42.040000915527344,12.54117202758789,48.67274475097656,0.0005171880309725953,0.022201340254434716,0.3524353505133703,49693.9439095856,Close
EQH,1762,2018-06-27,2025-07-01,55.880001068115234,9.099184036254885,56.09999847412109,0.0009751079657689446,0.025023340545759123,0.3972332163369476,3006305.421112372,Close
EQIX,6225,2000-09-28,2025-07-01,795.3800048828125,2.181375026702881,974.6577758789062,0.000902806054721238,0.037825755161578156,0.6004652478645217,566910.6232931727,Close
EQNR,6012,2001-08-03,2025-07-01,25.239999771118164,1.8465665578842163,31.625043869018555,0.0006509129161033749,0.022048035184893955,0.35000170798098845,1855991.6713240186,Close
EQR,7993,1993-09-29,2025-07-01,67.26000213623047,2.673398494720459,81.79620361328125,0.0005691526057225718,0.01907030720116239,0.3027317416792794,1679166.3157763043,Close
EQS,8225,1992-10-28,2025-07-01,1.350000023841858,0.7799999713897705,9.183156967163086,0.00022632338082300834,0.02259545835764997,0.3586917814431467,12801.758905775076,Close
EQT,11383,1980-05-02,2025-07-01,55.720001220703125,0.2985708117485046,60.43999862670898,0.0006741064161659513,0.021192913683662436,0.3364270749829716,2188392.2267416324,Close
EQX,1600,2019-02-20,2025-07-01,5.78000020980835,2.5299999713897705,13.359999656677246,0.0008017887953803779,0.03474085105697176,0.5514939133888962,2593489.72875,Close
ERAS,961,2021-09-01,2025-07-01,1.3600000143051147,1.059999942779541,24.34000015258789,-0.0018065251977770586,0.048542230806227694,0.7705840247854613,1059069.2882414153,Close
ERC,5507,2003-08-12,2025-07-01,9.539999961853027,1.614801287651062,9.897271156311035,0.00030083255418043934,0.010301099816220068,0.16352489006502877,117113.83875068095,Close
ERH,5295,2004-06-16,2025-07-01,11.529999732971191,2.159677743911743,11.550000190734863,0.0004213702237527847,0.017036855320055902,0.2704516937967339,29851.65609065156,Close
ERIC,11003,1981-11-03,2025-07-01,8.550000190734863,0.4102193713188171,78.21662139892578,0.0006733253094521298,0.028128995719134006,0.44653396381697436,5023255.228301372,Close
ERIE,7453,1995-11-16,2025-07-01,352.04998779296875,9.048813819885254,539.8646240234375,0.0006735815838934372,0.01947620032245726,0.3091750952261874,59328.777673420096,Close
ERII,4243,2008-08-19,2025-07-01,12.720000267028809,1.9700000286102293,30.61000061035156,0.0009188189744033453,0.046947025015002586,0.7452609179041514,360382.2891821824,Close
ERJ,6240,2000-09-07,2025-07-01,59.16999816894531,4.110000133514404,59.16999816894531,0.0006064880026458737,0.028104247081274864,0.446141091370597,1137680.7509615384,Close
ERNA,8487,1991-10-16,2025-07-01,1.8200000524520876,1.8200000524520876,333750.0,0.0008347578964300428,0.07175926852882034,1.1391430727469745,6329.588193708024,Close
ERO,1900,2017-12-07,2025-07-01,17.040000915527344,5.0,24.26000022888184,0.001217693709899521,0.03478601123284274,0.5522108089560075,114049.76157894736,Close
ES,13169,1973-04-09,2025-07-01,64.55000305175781,0.8841548562049866,82.8682632446289,0.00036284113831025645,0.0147988404402489,0.23492430898214528,764867.7955805301,Close
ESCA,11383,1980-05-02,2025-07-01,14.18000030517578,0.0516583584249019,21.721200942993164,0.001191544358238149,0.038629477560022184,0.6132239454010133,19463.33734516384,Close
ESE,8718,1990-11-15,2025-07-01,190.72000122070312,1.198480248451233,194.5,0.0008124002425008008,0.022694492742559746,0.36026390356543975,122063.64647855013,Close
ESEA,4786,2006-06-22,2025-07-01,45.56999969482422,1.4205788373947144,913.9129028320312,0.0007292380864368839,0.05022014581848214,0.7972200998466242,31969.5672795654,Close
ESGR,7075,1997-05-16,2025-07-01,337.9100036621094,10.07476806640625,348.3099975585937,0.0007033500048433008,0.02089813009577783,0.3317475305982155,25696.2503180212,Close
ESGRO,1631,2019-01-04,2025-07-01,20.540000915527344,10.720191955566406,23.12802124023437,0.00032100112325026954,0.015660685419428888,0.2486056738837446,14281.499693439608,Close
ESGRP,1734,2018-08-07,2025-07-01,20.600000381469727,10.282310485839844,23.489145278930664,0.0002807191169481845,0.015799576444945767,0.25081050056088294,35798.71799307958,Close
ESI,2907,2013-12-09,2025-07-01,23.1299991607666,5.195628643035889,29.049467086791992,0.0005814301474534141,0.025793170807824606,0.4094538928878893,1970028.6680426556,Close
ESLA,920,2021-10-29,2025-07-01,0.86080002784729,0.7260000109672546,21.25,0.0003948640948604044,0.08948931764458046,1.420598876906546,79304.06413043478,Close
ESLT,7159,1997-01-16,2025-07-01,434.0,4.174941539764404,454.279052734375,0.0008307441081430654,0.020459970235005835,0.32479195844165515,23842.27559715044,Close
ESNT,2900,2013-12-18,2025-07-01,61.43999862670898,14.977632522583008,64.2152099609375,0.0006842590944677445,0.02374966765023461,0.3770142859377391,622579.5889655172,Close
ESOA,4682,2006-11-17,2025-07-01,9.9399995803833,0.1356436163187027,18.74081802368164,0.002313008989329064,0.07089663969013914,1.1254492644615572,35950.65014950876,Close
ESP,11383,1980-05-02,2025-07-01,45.34000015258789,0.2859712541103363,46.220001220703125,0.0006603324869167131,0.021166993562692058,0.3360156058187296,5563.802600368971,Close
ESPR,2989,2013-08-13,2025-07-01,1.0,0.7300000190734863,115.3000030517578,0.0004700688517796439,0.05252961478944081,0.8338817831932855,1613681.142857143,Close
ESQ,1981,2017-08-14,2025-07-01,97.48999786376952,11.322203636169434,97.48999786376952,0.0012715631470603481,0.026297235099170077,0.41745566544601803,28433.05098435134,Close
ESRT,2921,2013-11-18,2025-07-01,8.180000305175781,5.021965026855469,18.536792755126957,0.00010572943425447833,0.020865929658969853,0.33123636451080607,1253227.9500171174,Close
ESS,7787,1994-07-25,2025-07-01,284.7699890136719,4.20296573638916,317.6649169921875,0.00066120334081387,0.017107590354138023,0.27157457765169973,282286.8144343136,Close
ESSA,4557,2007-05-22,2025-07-01,20.1299991607666,6.557791709899902,21.82849884033203,0.00038864231085115815,0.0187477325138078,0.2976110272673715,24486.86921220101,Close
ESTA,1714,2018-09-05,2025-07-01,43.400001525878906,7.559999942779541,88.20999908447266,0.0011867650929632896,0.043019000809181675,0.6829054667494866,199891.3453908985,Close
ESTC,1659,2018-11-21,2025-07-01,83.70999908447266,44.119998931884766,186.77999877929688,0.0008427791959416889,0.036847884736223656,0.5849420361049239,1253715.7462326703,Close
ET,4849,2006-03-23,2025-07-01,17.809999465942383,1.0134327411651611,20.35196685791016,0.0008157874064766284,0.024828289610631625,0.39413687873291986,8626978.542379873,Close
ETB,5044,2005-06-14,2025-07-01,14.420000076293944,1.9919272661209104,14.707510948181152,0.00038233891426976875,0.012872884710139735,0.20435070959421317,76265.8766851705,Close
ETD,8097,1993-05-03,2025-07-01,29.350000381469727,2.2493247985839844,31.865222930908203,0.0006371556316402789,0.026213447441256914,0.4161255776113693,307051.43559342966,Close
ETG,5357,2004-03-17,2025-07-01,20.96999931335449,1.6669811010360718,20.96999931335449,0.0004397138046337177,0.014608961329551909,0.2319100715457232,185330.38715699085,Close
ETI,1690,2015-06-09,2022-03-02,0.1299999952316284,0.050000000745058,15.960000038146973,0.9308905600823161,8.727802708994291,138.5495727602084,53051.93431952663,Close
ETJ,4478,2007-09-13,2025-07-01,9.020000457763672,2.475226640701294,9.039999961853027,0.00029924754875731876,0.011772539651375792,0.1868832733031243,242716.2782492184,Close
ETN,13349,1972-07-19,2025-07-01,355.0400085449219,0.1527769118547439,374.8370666503906,0.0006802481386676633,0.01778663060010476,0.2823540073778924,1631154.5503033935,Close
ETNB,1383,2019-12-30,2025-07-01,9.729999542236328,2.0899999141693115,41.77000045776367,0.0008433363001203306,0.05520145258960726,0.8762958933697395,822011.8835864064,Close
ETO,5275,2004-07-15,2025-07-01,27.229999542236328,2.2153451442718506,27.229999542236328,0.0005244749687732602,0.015120055748837501,0.24002344392513913,49448.620473933646,Close
ETON,1632,2019-01-03,2025-07-01,14.010000228881836,2.0199999809265137,20.25,0.0013409020256098343,0.041090259271915446,0.6522876440439255,198320.30330882352,Close
ETR,13349,1972-07-19,2025-07-01,82.52999877929688,1.0503287315368652,87.2574691772461,0.00039244029419229154,0.015470341818067387,0.2455840628866149,1674490.896097086,Close
ETSY,2535,2015-06-03,2025-07-01,51.36000061035156,6.360000133514404,296.9100036621094,0.0011283037524562637,0.03657438041578346,0.5806002896186051,2976562.6327416175,Close
ETV,5001,2005-08-15,2025-07-01,13.789999961853027,1.6217129230499268,14.138927459716797,0.0004091914971020044,0.013143129056544698,0.20864070559706552,216538.8452309538,Close
ETW,4899,2006-01-10,2025-07-01,8.65999984741211,1.4179891347885132,8.65999984741211,0.000345444686317603,0.013332466597399792,0.21164634587877218,321092.701367626,Close
ETWO,1235,2020-07-31,2025-07-01,3.2300000190734863,1.870000004768372,14.0,-0.00022202524701571487,0.03639155424257229,0.5776980140937829,2197076.1319838054,Close
ETX,3053,2013-05-13,2025-07-01,18.11000061035156,8.023159980773926,19.9466495513916,0.00019345955109942867,0.009131145411100838,0.14495243965764879,29785.773992793973,Close
ETY,4643,2007-01-18,2025-07-01,15.579999923706056,1.581180214881897,15.579999923706056,0.0004374067806570065,0.013870219189922288,0.22018290363894083,398010.02907602844,Close
EU,3605,2011-03-02,2025-07-01,2.759999990463257,0.0299999993294477,7.920000076293945,0.004045381763054727,0.10029620867565828,1.592152953590584,252619.85131761443,Close
EUDA,856,2022-02-01,2025-07-01,3.4200000762939453,0.5009999871253967,10.06999969482422,0.0011934996283158783,0.06962487110456757,1.1052605640456767,193935.80957943926,Close
EVAX,1072,2021-03-25,2025-07-01,2.4800000190734863,1.3049999475479126,634.0,-0.001523161718622262,0.08310930981452916,1.3193193924207827,156626.25186567163,Close
EVC,6232,2000-09-19,2025-07-01,2.4100000858306885,0.0801288411021232,10.416747093200684,0.0009356866146634946,0.05209790468077474,0.8270285976772671,365812.8273427471,Close
EVCM,971,2021-08-18,2025-07-01,10.550000190734863,5.940000057220459,22.920000076293945,-0.00013237935853216033,0.029996918698153078,0.4761863218412187,191468.36972193615,Close
EVER,1728,2018-08-15,2025-07-01,24.420000076293945,4.179999828338623,62.790000915527344,0.0014209855956261648,0.0474602415553102,0.7534079779104248,358163.05034722225,Close
EVF,6676,1998-12-15,2025-07-01,5.71999979019165,0.8918595314025879,6.0492024421691895,0.00027130684337877764,0.010620180238662078,0.16859013474109472,103335.74340922709,Close
EVG,5087,2005-04-13,2025-07-01,11.09000015258789,2.776068687438965,11.09000015258789,0.00024697526033650325,0.009087912151201496,0.1442661329332871,55902.10556320031,Close
EVGN,3646,2010-12-31,2025-07-01,1.340000033378601,0.9700000286102296,199.8999938964844,-7.900840749662732e-05,0.04613081735886343,0.7323040230461646,54806.25397696105,Close
EVGO,1123,2021-01-11,2025-07-01,3.5299999713897705,1.7100000381469729,22.06999969482422,0.0006804160667189622,0.060230454193879145,0.9561288188968291,3727406.552983081,Close
EVGOW,1095,2021-02-22,2025-07-01,0.1999000012874603,0.1389999985694885,8.100000381469727,0.001473818237402369,0.10227987422354722,1.6236426679348288,85002.89680365297,Close
EVH,2500,2015-07-23,2025-07-01,11.630000114440918,3.640000104904175,39.7400016784668,0.0005528979281463836,0.038849364400827806,0.6167145407850972,1110631.7688,Close
EVI,8848,1990-05-14,2025-07-01,23.07999992370605,0.1694947630167007,45.989013671875,0.002110285163319129,0.059911897765343475,0.9510718923661513,10363.868105786618,Close
EVLV,1166,2020-11-06,2025-07-01,6.070000171661377,1.690000057220459,10.899999618530272,0.0011084492809357036,0.054351577371609845,0.8628045425361918,1099431.5969125214,Close
EVM,5714,2002-10-15,2025-07-01,8.890000343322754,2.6029512882232666,10.204222679138184,0.00018421319553089008,0.010127330789051819,0.16076639227631187,53718.066503325164,Close
EVN,6615,1999-03-16,2025-07-01,10.399999618530272,2.124027967453003,11.79090690612793,0.00024988747468867375,0.010849119473320602,0.17222443242260618,61531.85910808768,Close
EVO,5352,2004-03-24,2025-07-01,4.21999979019165,0.2767280042171478,26.524999618530277,0.001262800013067242,0.055311408785282824,0.8780413938629493,650620.1485426009,Close
EVOK,2926,2013-11-11,2025-07-01,2.6600000858306885,2.069999933242798,1707.8399658203125,-0.00019953201121220398,0.06248028484532505,0.991843773271247,15076.545112781954,Close
EVR,4717,2006-09-29,2025-07-01,276.5,4.715083599090576,313.0006408691406,0.0009070723441179434,0.026181990477036888,0.4156262137854059,351728.3430146279,Close
EVRG,13169,1973-04-09,2025-07-01,69.45999908447266,0.9267429709434508,69.45999908447266,0.00038383072523032424,0.013784128892675218,0.21881626253807257,558025.6194092187,Close
EVRI,4939,2005-11-09,2025-06-30,14.239999771118164,1.1399999856948853,25.940000534057617,0.0008639843233995159,0.0403361142240855,0.6403159625497518,756332.5571978133,Close
EVT,5442,2003-11-12,2025-07-01,24.209999084472656,1.852126717567444,24.436691284179688,0.0004449649046643598,0.014210427456002556,0.2255835424350421,159843.69570011026,Close
EVTC,3041,2013-05-30,2025-07-01,36.84999847412109,10.46156406402588,49.78079605102539,0.00043336156636592264,0.019249441413331143,0.3055754091394914,405554.7441631042,Close
EVTL,1137,2020-12-18,2025-07-01,6.380000114440918,2.880000114440918,128.39999389648438,-0.00039209624365175484,0.06556695220076632,1.040843098486121,102469.19525065963,Close
EVTV,1989,2017-08-02,2025-07-01,0.1879999935626983,0.1580000072717666,267.0,-2.5854805276472932e-05,0.08658953514722399,1.374566256841448,99142.62543991956,Close
EVV,5517,2003-07-29,2025-07-01,10.260000228881836,1.8460266590118408,10.260000228881836,0.0002967270690777831,0.01085408245582039,0.1723032173273398,315970.15841943084,Close
EW,6321,2000-05-12,2025-07-01,77.18000030517578,1.0833330154418943,130.67999267578125,0.0008819431276423206,0.02100540342081661,0.3334504418403971,5008752.071982281,Close
EWBC,6610,1999-03-23,2025-07-01,104.80999755859376,2.382589101791382,109.81809997558594,0.0009191271018643111,0.028216113386066975,0.4479169139060031,852184.365204236,Close
EWCZ,947,2021-09-22,2025-07-01,5.619999885559082,3.0999999046325684,29.561037063598636,-0.0009348238010321869,0.03802323575346335,0.6036001550738621,529142.0031678986,Close
EWTX,1038,2021-05-13,2025-07-01,12.81999969482422,5.510000228881836,36.619998931884766,0.0005990117920644794,0.051844080074553524,0.8229992569691257,548013.6310211946,Close
EXAS,6106,2001-03-21,2025-07-01,54.59999847412109,0.3499999940395355,155.00999450683594,0.0012872569364644115,0.04484001011990423,0.7118130933773168,1207397.4788732394,Close
EXC,13120,1973-06-19,2025-07-01,43.40999984741211,0.1286407709121704,46.95088958740234,0.0005040448661346917,0.014905016186945709,0.23660979670830334,3783363.653887195,Close
EXE,1069,2021-03-30,2025-07-01,111.19000244140624,35.00419616699219,122.52999877929688,0.0013440325296801047,0.0222998067066299,0.35399845698331805,2024092.9345182413,Close
EXEEL,1068,2021-03-31,2025-07-01,102.29000091552734,16.996999740600586,114.01000213623048,0.0022643049031024695,0.034084249159338324,0.5410706813998293,22606.75374531835,Close
EXEEZ,1067,2021-03-31,2025-06-30,107.23999786376952,19.739999771118164,107.23999786376952,0.0021367553973139033,0.03318002185026138,0.5267165178688848,29754.639175257733,Close
EXEL,6306,2000-06-05,2025-07-01,43.619998931884766,1.2899999618530271,49.25,0.000929040061566056,0.040309357680965406,0.6398912155955145,2045352.4023152553,Close
EXFY,879,2021-12-29,2025-07-01,2.609999895095825,1.2799999713897705,44.0,-0.0015928365397292464,0.05281741416159992,0.8384504565905668,551793.1592718998,Close
EXG,4545,2007-06-08,2025-07-01,8.779999732971191,1.1922264099121094,8.779999732971191,0.00035837238985986816,0.014576017384142435,0.23138710262517068,843026.9817381739,Close
EXK,4793,2006-06-13,2025-07-01,5.050000190734863,0.8100000023841858,12.800000190734863,0.0010961253002559695,0.044215521100998856,0.7018996375342308,2148613.1118297516,Close
EXLS,4669,2006-12-07,2025-07-01,44.59999847412109,1.0959999561309814,51.79999923706055,0.0008054693404344136,0.024437104086967233,0.38792700106029254,822424.4763332619,Close
EXOD,918,2021-11-02,2025-07-01,29.0,1.0,89.30000305175781,0.012343701854587602,0.17520301897699664,2.781261702965179,14315.81045751634,Close
EXP,7825,1994-05-31,2025-07-01,209.1199951171875,2.0957183837890625,314.23101806640625,0.0008406594710121555,0.02338224720152474,0.37118166713442263,437738.5539936102,Close
EXPD,10237,1984-11-12,2025-07-01,117.9800033569336,0.1134610474109649,129.94790649414062,0.0009159640246619661,0.02219677229456777,0.35236283639852917,1281948.2463612386,Close
EXPE,4985,2005-09-07,2025-07-01,174.0399932861328,7.933824062347412,212.8433074951172,0.0007617769298099359,0.028165342515712767,0.44711095132518186,2351464.2252758276,Close
EXPI,1826,2018-03-27,2025-07-01,9.5,3.2922511100769043,76.29021453857422,0.001327283504928311,0.04413122097322421,0.7005614144927347,977567.7683461118,Close
EXPO,8748,1990-10-04,2025-07-01,76.55999755859375,0.4333694577217102,120.1962661743164,0.000903224844354756,0.030922834124325015,0.49088477355759463,205624.54881115683,Close
EXR,5220,2004-10-01,2025-07-01,150.5,2.849264621734619,196.81781005859372,0.0008495303557099177,0.02065781260874331,0.32793260875985547,850416.2457854407,Close
EXTR,6565,1999-05-26,2025-07-01,18.440000534057617,1.059999942779541,124.0,0.000927082875166115,0.04343618330919718,0.689528033627702,1867261.8613861387,Close
EYE,1895,2017-12-14,2025-07-01,24.200000762939453,9.68000030517578,64.94999694824219,0.0003861945722514792,0.033437653031214966,0.5308062860775593,1024726.6802110818,Close
EYEN,1835,2018-03-14,2025-07-01,10.5600004196167,0.9200000166893004,759.2000122070312,0.00042373723853168137,0.07610045638435477,1.208057293509122,168720.84795640328,Close
EYPT,5106,2005-03-16,2025-07-01,9.550000190734863,2.2799999713897705,327.20001220703125,0.0008435464078758336,0.05832227623730626,0.9258374329147455,151859.24167645906,Close
EZGO,1080,2021-03-15,2025-07-01,0.3210000097751617,0.2919999957084656,292.79998779296875,-0.003534740074280225,0.06676168986785937,1.059808970980659,144323.11574074073,Close
EZPW,8489,1991-10-14,2025-07-01,13.770000457763672,0.25,38.06999969482422,0.000851992989650513,0.03778187621661525,0.5997686912075393,391506.43444457534,Close
F,13349,1972-07-19,2025-07-01,11.350000381469728,0.1103495359420776,19.692279815673828,0.0005545822521094267,0.022547092166309367,0.35792399195824304,24771021.356581017,Close
FA,977,2021-08-10,2025-07-01,17.09000015258789,9.204095840454102,21.73139190673828,0.00036333410906597233,0.02568370220438284,0.4077161326814305,560384.2763561924,Close
FAAS,920,2021-10-29,2025-07-01,0.5697000026702881,0.1889999955892563,12.899999618530272,9.791094769001773e-05,0.08174135811046297,1.2976038323337458,1342761.0967391303,Close
FAF,3763,2010-07-16,2025-07-01,62.540000915527344,6.964111804962158,71.10770416259766,0.0006802875275445102,0.017704422648717938,0.28104899660692273,710289.5163433431,Close
FAMI,1819,2018-04-06,2025-07-01,1.7288000583648682,1.5099999904632568,24168.0,-0.00287073038172924,0.063421589483581,1.0067865211559082,23428.126992853217,Close
FANG,3163,2012-12-03,2025-07-01,140.1999969482422,12.405881881713867,204.5225982666016,0.0011986495281799882,0.030358137946938927,0.48192049964756023,1869601.9276003793,Close
FARM,11383,1980-05-02,2025-07-01,1.3899999856948853,1.0411734580993652,37.0,0.00038813624043116095,0.02751653385075768,0.43681143306957193,47005.28973029957,Close
FARO,6956,1997-11-04,2025-07-01,43.91999816894531,1.350000023841858,96.0999984741211,0.0009361290115244404,0.03939749316384664,0.625415815145433,138809.83941920643,Close
FAST,9505,1987-10-07,2025-07-01,42.86000061035156,0.0131022343412041,42.86000061035156,0.0010454109587937094,0.022401203512518945,0.3556080813760303,8418506.634297738,Close
FAT,1899,2017-12-08,2025-07-01,2.400000095367432,0.82789546251297,7.15059757232666,0.000695268185481368,0.046829067602927106,0.7433884020382604,75287.00947867299,Close
FATBB,934,2021-10-11,2025-07-01,2.619999885559082,2.190000057220459,11.100787162780762,0.0012564709665250948,0.06513229253404117,1.0339430901874913,51008.99250535332,Close
FATBP,1215,2020-08-28,2025-07-01,2.799999952316284,2.240000009536743,14.780648231506348,-0.00042614540752886304,0.028723996417307458,0.4559793070806349,16180.04279835391,Close
FATE,2922,2013-11-15,2025-07-01,1.1399999856948853,0.6800000071525574,117.4000015258789,0.0009403288815358327,0.05353952306646224,0.8499135800811921,1023880.5506502396,Close
FAX,9845,1986-06-04,2025-07-01,16.170000076293945,7.104272842407227,26.64358901977539,0.00011962860414876988,0.011662276764167923,0.18513290423277237,97351.24499746064,Close
FBIN,3434,2011-11-02,2025-07-01,53.400001525878906,10.77546215057373,90.18399047851562,0.0006778641753536884,0.020458293928530623,0.3247653479013279,1517716.0416423995,Close
FBIO,3390,2012-01-06,2025-07-01,1.8200000524520876,1.309999942779541,180.0,0.0002580890079736566,0.05260916707067543,0.8351446365075337,81621.92949852507,Close
FBIOP,1883,2018-01-03,2025-07-01,7.550000190734863,5.0,19.080951690673828,0.00041371292506138524,0.031798952856503485,0.5047927272634513,12917.38449283059,Close
FBIZ,4907,2005-12-28,2025-07-01,52.27999877929688,2.634300947189331,55.7109375,0.0006748270649660547,0.023917289991690013,0.37967520811575517,15430.467699205217,Close
FBK,2176,2016-11-02,2025-07-01,46.720001220703125,14.158448219299316,57.284889221191406,0.0006803049507755971,0.02330554623485715,0.36996407703569845,131527.78446691178,Close
FBNC,9583,1987-06-17,2025-07-01,45.560001373291016,0.9620680809020996,48.43232345581055,0.0007961751267692599,0.0293810718086963,0.4664100555500467,46210.82218511948,Close
FBP,9658,1987-03-02,2025-07-01,21.3700008392334,1.725910782814026,354.216552734375,0.000646751199472277,0.032169812790865955,0.5106799462088163,464058.58262580243,Close
FBRT,895,2021-12-06,2025-07-01,10.84000015258789,7.851006031036377,12.75523281097412,0.00020157058145893242,0.018363177160899698,0.29150640029257036,434966.12737430166,Close
FBRX,2032,2017-06-01,2025-07-01,12.4399995803833,4.179999828338623,6033.75,-0.00016222558945361878,0.07465263307985275,1.1850738110726655,26765.334153543306,Close
FC,8295,1992-07-21,2025-07-01,24.11000061035156,0.6600000262260437,53.83000183105469,0.0005276380167442001,0.03169542459297623,0.5031492670296944,51891.13019891501,Close
FCAP,6631,1999-02-22,2025-07-01,43.7599983215332,3.244940996170044,68.36257934570312,0.0006308621071838862,0.02267335454727822,0.3599283451181619,1858.3542452118836,Close
FCBC,7827,1994-05-26,2025-07-01,40.43999862670898,4.500592231750488,45.67142868041992,0.0005510221311894165,0.023622501740482162,0.37499558970303754,25225.451002938546,Close
FCCO,6587,1999-04-26,2025-07-01,24.979999542236328,3.514380693435669,27.36964988708496,0.00044241741276867326,0.023715293924883044,0.37646861996424863,7871.49430696827,Close
FCEL,8279,1992-08-12,2025-07-01,5.21999979019165,3.7300000190734863,222480.0,0.0006381259027448577,0.056378039908918896,0.8949736380256439,154006.92946007973,Close
FCF,8290,1992-07-28,2025-07-01,16.68000030517578,1.8589787483215328,19.099964141845703,0.0005291863961031832,0.023022369196605334,0.36546878091438967,303437.987092883,Close
FCFS,8544,1991-07-26,2025-07-01,135.5,0.4851821660995483,137.6300048828125,0.0009884261855550695,0.02917633548784563,0.4631599672141675,196720.49321161048,Close
FCN,7300,1996-06-26,2025-07-01,164.27000427246094,1.055556058883667,231.0,0.0009270892398380317,0.028994133657456244,0.460267602824381,373563.4964383562,Close
FCNCA,9714,1986-12-09,2025-07-01,2043.31005859375,13.833024978637695,2346.35693359375,0.0007005897002561663,0.02157378842586276,0.34247327407413897,21912.81747992588,Close
FCNCO,839,2022-02-25,2025-07-01,22.8799991607666,15.582072257995604,23.668041229248047,0.00025256034107301833,0.012487410507605183,0.19823149633378895,23261.356376638854,Close
FCNCP,1304,2020-04-23,2025-07-01,21.25,16.410173416137695,23.31032943725586,0.0002120688974458298,0.010299275826477397,0.16349593512551053,30106.05981595092,Close
FCO,8352,1992-04-29,2025-07-01,6.440000057220459,0.5382583737373352,6.440000057220459,0.0003460265322375188,0.012027893489824037,0.1909368898202832,29175.823036398466,Close
FCPT,2390,2015-12-29,2025-07-01,27.170000076293945,9.157865524291992,29.11444664001465,0.0006435187155697228,0.01990964337555631,0.3160557903822393,490790.5970711297,Close
FCRX,994,2021-07-16,2025-07-01,24.65999984741211,19.594390869140625,24.850000381469727,0.00016796846185320526,0.007042003371533739,0.11178833791653996,7289.8822937625755,Close
FCT,5275,2004-07-15,2025-07-01,10.029999732971191,1.6217272281646729,10.15999984741211,0.0002189504693232061,0.010018339182324134,0.15903620415794303,99233.36606635072,Close
FCUV,2571,2015-04-13,2025-07-01,4.059999942779541,1.6666669845581057,128.53334045410156,0.005878484105045341,0.17967420522182156,2.852239584180736,40791.85880980163,Close
FCX,7512,1995-08-24,2025-07-01,44.04999923706055,1.9724223613739011,54.08308029174805,0.00076147219560597,0.03178025291773825,0.5044958749384215,14756127.864217252,Close
FDBC,6563,1999-05-28,2025-07-01,47.65999984741211,4.829076290130615,62.03922271728516,0.0005073495426523588,0.02241531442912914,0.3558320852327608,2487.665854030169,Close
FDMT,1109,2021-02-01,2025-07-01,4.150000095367432,2.509999990463257,52.66999816894531,-0.0005763606759116596,0.057044729541040506,0.9055570078351974,487966.53832281334,Close
FDP,6930,1997-12-11,2025-07-01,33.27000045776367,2.458165645599365,56.00645446777344,0.000495461054469005,0.02515543552195933,0.39933015907574804,247033.88167388167,Close
FDUS,3495,2011-08-08,2025-07-01,20.36000061035156,2.5913097858428955,22.169946670532227,0.0007820621679178152,0.02099737190776445,0.33332294552327163,109953.51816881259,Close
FDX,11871,1978-05-30,2025-07-01,234.3300018310547,0.930181920528412,306.7894592285156,0.0006905309606475319,0.021297993331902347,0.3380951626855533,1607585.1640973801,Close
FE,6919,1997-12-29,2025-07-01,40.380001068115234,5.918103694915772,43.16824722290039,0.0003579793119170135,0.015877212395017735,0.2520429330610149,2784953.069085128,Close
FEDU,1888,2017-12-26,2025-07-01,11.129899978637695,5.443930149078369,162.42971801757812,8.687899757688608e-05,0.0550446597154705,0.873806883655862,8079.095338983051,Close
FEIM,11318,1980-08-05,2025-07-01,20.75,1.0869319438934326,25.837690353393555,0.0007778497469250959,0.03265621967688482,0.5184014161471878,18765.866495847324,Close
FELE,11383,1980-05-02,2025-07-01,91.7750015258789,0.2495626509189605,109.77082061767578,0.0007803078890350592,0.02299141620454146,0.36497741739838346,114676.27734340684,Close
FEMY,980,2021-08-05,2025-07-01,0.9373999834060668,0.3059999942779541,8.020000457763672,0.0027987495721723287,0.13882518385549508,2.203781473166754,1103821.3551020408,Close
FENC,1925,2017-11-01,2025-07-01,8.300000190734863,3.299999952316284,14.329999923706056,0.0006750626126415229,0.037397990892932824,0.5936747006169518,105277.37714285715,Close
FENG,3520,2011-07-01,2025-07-01,2.1700000762939453,1.1100000143051147,20.77850151062012,0.000337082512264259,0.04261341416553115,0.6764669783843545,54260.87585227273,Close
FER,3206,2012-09-28,2025-07-01,53.380001068115234,2.9273006916046143,53.56999969482422,0.0032878180278891967,0.16112887786777594,2.557841639214207,6596.419525888959,Close
FERG,3863,2010-02-23,2025-07-01,220.88999938964844,15.306506156921388,220.88999938964844,0.0008492328430594963,0.01910595000601591,0.3032975536653067,293231.0507377686,Close
FET,3291,2012-05-30,2025-07-01,19.26000022888184,3.200000047683716,734.4000244140625,8.485660446981906e-05,0.04685030329433816,0.7437255081886134,54527.93649346703,Close
FF,3557,2011-05-10,2025-07-01,4.0,2.1265199184417725,8.798304557800293,0.00047898224493825336,0.027475411285666333,0.4361586325865433,185635.89457407928,Close
FFA,5211,2004-10-14,2025-07-01,20.520000457763672,1.9733966588974,20.520000457763672,0.00040383374139774044,0.013153410461596838,0.20880391784244323,53513.4235271541,Close
FFAI,1179,2020-10-20,2025-07-01,1.7100000381469729,0.8650000095367432,183936.0,-0.000843995910404773,0.165053672662271,2.620145825053376,2409812.2408821033,Close
FFBC,10430,1984-02-08,2025-07-01,25.100000381469727,0.8018083572387695,29.533597946166992,0.0005916712896561546,0.022891844099327468,0.36339675923089115,146503.3129434324,Close
FFC,5608,2003-03-19,2025-07-01,16.3700008392334,1.038077712059021,17.45757293701172,0.000418770505332493,0.01750715167814992,0.2779174170328308,127540.44293865906,Close
FFIC,7417,1996-01-10,2025-07-01,12.25,1.6490923166275024,21.486433029174805,0.0005261531880788782,0.022892556768110226,0.36340807249708923,96677.13199406768,Close
FFIN,7937,1993-12-17,2025-07-01,37.2599983215332,0.4002614617347717,50.56162643432617,0.0007644510036948738,0.02141911123083464,0.3400178497249143,315272.2276678846,Close
FFIV,6526,1999-07-22,2025-07-01,295.9700012207031,1.875,310.6000061035156,0.0009967931451805377,0.036083507163353234,0.5728079183115022,1470339.7116150782,Close
FFWM,2647,2014-12-19,2025-07-01,5.46999979019165,3.761194944381714,27.943878173828125,0.00024946041719062326,0.028650000081758355,0.4548046516698768,283293.21798262186,Close
FGBI,3206,2012-09-28,2025-07-01,8.220000267028809,6.01090145111084,26.324129104614254,0.000393561568479945,0.025625742614062794,0.40679605270896235,9543.75358702433,Close
FGBIP,1019,2021-06-10,2025-07-01,18.440000534057617,13.57175350189209,21.931060791015625,0.00013642969847720086,0.02023174350207914,0.32116897137449035,2109.657507360157,Close
FGEN,2638,2015-01-05,2025-07-01,5.269999980926514,5.159999847412109,1681.25,-0.00014506937223923854,0.05428879613659377,0.8618079213270675,42921.016679302506,Close
FGF,2797,2014-05-19,2025-07-01,16.5,15.25,249.25,-0.00014155015527614673,0.040795737041858605,0.6476122485860621,2519.9381480157313,Close
FGFPP,1795,2018-05-09,2025-06-30,16.635000228881836,9.200228691101074,17.694961547851562,0.000427689551697473,0.02547514256030378,0.4044053509708865,2304.401114206128,Close
FGI,828,2022-03-14,2025-07-01,0.6909999847412109,0.4799999892711639,4.349999904632568,-0.0005976772181913367,0.05012923992965017,0.7957770135992602,51391.4154589372,Close
FHB,2205,2016-09-22,2025-07-01,25.71999931335449,11.024267196655272,27.617467880249023,0.0003593604775923683,0.021074719278023523,0.3345507969608936,782317.4884353741,Close
FHI,6792,1998-07-01,2025-07-01,44.77999877929688,2.5191667079925537,44.77999877929688,0.0005879722565672441,0.02187430498812069,0.3472438266056822,772164.4436101295,Close
FHN,11383,1980-05-02,2025-07-01,21.489999771118164,0.324945718050003,26.861644744873047,0.0006181045701356545,0.022239960693245076,0.35304843097306876,2006567.850742335,Close
FHTX,1143,2020-12-10,2025-07-01,4.869999885559082,2.819999933242798,25.8799991607666,0.0004471376123957466,0.06008405215945169,0.9538047586496553,139917.35258092737,Close
FI,9733,1986-11-11,2025-07-01,172.67999267578125,0.257887989282608,237.7899932861328,0.00086493404824818,0.020878725720774313,0.33143949569457976,3872301.338436248,Close
FIBK,3809,2010-05-11,2025-07-01,30.01000022888184,5.780819892883301,40.031532287597656,0.0005213931427356954,0.01984745092410691,0.3150685158224759,283651.7597794697,Close
FICO,9526,1987-09-08,2025-07-01,1843.1800537109373,0.4903495609760284,2382.39990234375,0.0012283245732809007,0.03067290793342764,0.486917318274178,268458.62933025404,Close
FIGS,995,2021-07-15,2025-07-01,5.650000095367432,3.619999885559082,45.36000061035156,-0.0009639824570492788,0.04458098824309105,0.7077012485562795,3057209.9316582913,Close
FINS,1499,2019-07-16,2025-07-01,13.039999961853027,7.944550514221191,13.416794776916504,0.00016199995589681235,0.014073262797606663,0.22340612098634616,58659.34689793195,Close
FINV,1886,2017-12-28,2025-07-01,9.220000267028809,1.0041369199752808,10.720000267028809,0.0012615859004499704,0.0460138088214533,0.7304465700986129,1085893.5949098621,Close
FINW,872,2022-01-07,2025-07-01,15.56999969482422,7.769999980926514,21.200000762939453,0.000296335467395835,0.024743051161440495,0.3927837603007166,23086.519495412846,Close
FIS,6010,2001-08-07,2025-07-01,82.3499984741211,6.86557149887085,141.3873748779297,0.0005017032671143139,0.019021251568278406,0.301953007649172,2169653.9399334444,Close
FISI,6511,1999-08-12,2025-07-01,26.440000534057617,1.746414303779602,28.928586959838867,0.000611797689519318,0.027730744746099815,0.4402119256127466,34003.93365074489,Close
FITB,11383,1980-05-02,2025-07-01,42.43999862670898,0.1712586879730224,47.13869857788086,0.0007909998533604674,0.025046445751851627,0.39760000011281754,4223021.904243169,Close
FITBI,2875,2014-01-27,2025-07-01,25.26000022888184,12.044435501098633,25.34000015258789,0.00029995272024543526,0.00915343410280291,0.14530626166940483,43951.88730434782,Close
FITBO,1424,2019-10-30,2025-07-01,19.834999084472656,9.267936706542969,23.02734375,0.0002152079182530302,0.018141596805959337,0.28798892120503267,27076.313904494382,Close
FITBP,1435,2019-10-15,2025-07-01,24.38999938964844,12.837510108947754,24.432565689086918,0.0002471356985276781,0.012921611687609566,0.2051242263813633,13559.050174216029,Close
FIVE,3223,2012-09-05,2025-07-01,133.16000366210938,27.5,236.2100067138672,0.0008308097030399118,0.028126297835775887,0.4464911362463833,1057059.9801427242,Close
FIVN,2794,2014-05-22,2025-07-01,26.61000061035156,3.5799999237060547,209.6999969482422,0.0009968884700716795,0.031687420300638945,0.5030222028280213,881462.2219040801,Close
FIX,7013,1997-08-14,2025-07-01,521.6599731445312,1.396876573562622,549.0574951171875,0.000949516758061589,0.029422735537084025,0.4670714467340807,200212.8394410381,Close
FIZZ,8477,1991-10-30,2025-07-01,45.02000045776367,0.1492488086223602,79.76531219482422,0.0009991848767526737,0.028720899805086287,0.45593014988557073,189735.63583815028,Close
FKWL,4473,2007-09-20,2025-07-01,4.090000152587891,0.3300000131130218,25.450000762939453,0.001862332576850898,0.06360469041837259,1.0096931583856001,13018.61860049184,Close
FL,15948,1962-02-16,2025-07-01,24.950000762939453,0.4057098031044006,62.64912796020508,0.0005211616884674297,0.025038714236212484,0.39747726610698486,1134379.2238525208,Close
FLC,5463,2003-10-14,2025-07-01,16.93000030517578,1.1141066551208496,18.727596282958984,0.0003797899363888795,0.015521952061491302,0.24640335010183403,33094.45396302398,Close
FLD,817,2022-03-29,2025-07-01,4.489999771118164,2.690000057220459,11.375,-0.0004316017149459165,0.03212001323419277,0.5098894027546652,140246.26438188495,Close
FLEX,7841,1994-05-06,2025-07-01,48.4900016784668,0.8242279887199402,50.09000015258789,0.0010397934187808963,0.034017223493784235,0.540006681944741,6957574.492156613,Close
FLG,7921,1994-01-11,2025-07-01,10.949999809265137,0.8489163517951965,39.70307540893555,0.0005710104455402596,0.022161631796399604,0.35180499828392986,1348873.6232798889,Close
FLGC,1007,2021-06-28,2025-07-01,0.6000000238418579,0.1850000023841858,344.0,0.016427627741311263,0.5954803932779286,9.452958187370026,184574.32969215492,Close
FLGT,2167,2016-11-15,2025-07-01,19.90999984741211,3.009999990463257,183.8500061035156,0.0015649802314436337,0.04886326931133196,0.7756803530601523,342397.4979233964,Close
FLL,7990,1993-10-04,2025-07-01,3.940000057220459,0.25,12.350000381469728,0.0015521341083285613,0.054673561141034374,0.8679158764167705,67664.28648310388,Close
FLNC,888,2021-12-15,2025-07-01,7.340000152587891,3.609999895095825,36.02000045776367,1.5454293798179434e-05,0.05629109438181194,0.8935934205716374,2200337.7635135134,Close
FLNG,1486,2019-08-02,2025-07-01,21.88999938964844,2.244354009628296,29.3051815032959,0.0012397065081329911,0.031639086299810756,0.5022549243516602,269653.1574697174,Close
FLNT,4371,2008-02-15,2025-07-01,2.049999952316284,1.559999942779541,268.5,0.0002687797227573784,0.05156356717870042,0.8185462527972824,29291.16426447037,Close
FLO,11383,1980-05-02,2025-07-01,16.219999313354492,0.0268327053636312,27.061710357666016,0.0007256480257205684,0.01843652507513062,0.29267076233401224,1517869.3937450584,Close
FLR,6147,2001-01-22,2025-07-01,50.310001373291016,3.400000095367432,82.64338684082031,0.000679440527575108,0.03039748805478053,0.48254516324403496,1987576.635919961,Close
FLS,11383,1980-05-02,2025-07-01,52.34000015258789,0.717574417591095,65.7100601196289,0.000643656227277671,0.02340771325381506,0.3715859281818311,910448.7943424404,Close
FLUT,5610,2003-03-17,2025-07-01,284.760009765625,5.5,298.8099975585937,0.0010406503532714123,0.02710499730439076,0.43027849292696435,105231.2422459893,Close
FLUX,1192,2020-10-01,2025-07-01,1.6399999856948853,1.2100000381469729,20.0,0.0003233667419480687,0.05535938809282375,0.8788030417579316,107629.96140939597,Close
FLWS,6485,1999-09-20,2025-07-01,5.360000133514404,0.8899999856948853,37.970001220703125,0.00047205806356249237,0.036038071851713954,0.5720866550994727,308514.0931380108,Close
FLXS,11383,1980-05-02,2025-07-01,37.36000061035156,0.847111165523529,63.66691207885742,0.0007068931743046154,0.027459036257538146,0.4358986870737101,13755.745936923482,Close
FLYW,996,2021-07-14,2025-07-01,11.630000114440918,8.420000076293945,53.959999084472656,-0.00029398800194466054,0.03737851885692874,0.5933655916282304,1281959.6064257028,Close
FMAO,4853,2006-03-17,2025-07-01,26.209999084472656,4.704633712768555,39.59629821777344,0.0005622439840641075,0.02285622642484923,0.3628313461772039,10176.101380589325,Close
FMBH,6582,1999-05-03,2025-07-01,38.72999954223633,4.960512161254883,42.45793151855469,0.0004592305194755436,0.019401740498732268,0.30799308216873517,13631.258128228503,Close
FMC,11383,1980-05-02,2025-07-01,42.93999862670898,0.3714421391487121,124.8690948486328,0.000625523066273864,0.020359437779298377,0.32319605518269984,1076407.957392603,Close
FMN,5634,2003-02-10,2025-07-01,10.68000030517578,2.970742464065552,14.3287353515625,0.0002288931655993263,0.010100790997904294,0.16034508615296822,19109.864217252398,Close
FMNB,6631,1999-02-22,2025-07-01,14.225000381469728,2.03232479095459,16.63539695739746,0.0005637494396596026,0.028015092124657276,0.4447258003104437,32308.256371587995,Close
FMS,7210,1996-11-01,2025-07-01,28.770000457763672,2.421884059906006,49.725955963134766,0.00034473232033363895,0.019788387962740635,0.3141309203776548,217765.26976421635,Close
FMX,6795,1998-06-26,2025-07-01,103.38999938964844,3.416120767593384,134.46783447265625,0.000623051953226816,0.021139039931520505,0.33557185568080267,694734.7305371597,Close
FMY,5023,2005-07-14,2025-07-01,12.231599807739258,3.882007122039795,12.231599807739258,0.00021742069556765278,0.008943206209164181,0.14196899731810272,13345.51025283695,Close
FN,3744,2010-08-12,2025-07-01,289.1099853515625,9.350000381469728,298.92999267578125,0.0012762204087423594,0.030389257527052776,0.48241450766687616,324173.655982906,Close
FNB,9750,1986-10-17,2025-07-01,15.0600004196167,0.8251297473907471,16.88284683227539,0.0005388037119395622,0.0237899716247245,0.37765409169782554,781386.4558974359,Close
FND,2023,2017-06-14,2025-07-01,81.30999755859375,24.0,143.30999755859375,0.000828507088643315,0.03069379636758935,0.4872489118865946,1270418.2812654474,Close
FNF,4925,2005-12-01,2025-07-01,57.27000045776367,2.287076711654663,65.98758697509766,0.0006891107558316276,0.02198049435511862,0.34892953054741754,2694535.302741117,Close
FNGR,1957,2017-09-18,2025-07-01,2.0,0.1800000071525573,16.0,0.004739977570374966,0.10536044112872113,1.6725451515039453,277404.52324987226,Close
FNKO,1891,2017-12-20,2025-07-01,4.690000057220459,3.180000066757202,31.049999237060547,0.0009978581028723442,0.04675698185244872,0.7422440762252368,787584.8387096775,Close
FNLC,6499,1999-08-30,2025-07-01,26.07999992370605,1.4771486520767212,30.15180969238281,0.0006568416663165454,0.02361755683879572,0.3749170918223176,11474.01030927835,Close
FNV,4385,2008-01-28,2025-07-01,163.25999450683594,8.539776802062988,178.1699981689453,0.000805695943675357,0.023609533209640293,0.3747897206581728,524027.18129988597,Close
FNWB,2587,2015-03-19,2025-07-01,8.0,6.960000038146973,21.80637550354004,9.041481326335841e-05,0.02073615863647274,0.3291763133933465,20779.022419791265,Close
FNWD,6788,1998-07-08,2025-07-01,28.5,7.0254435539245605,45.10066223144531,0.0002819288753502582,0.014176026937483606,0.22503745113320522,1325.8261638185033,Close
FOA,1526,2019-06-06,2025-07-01,23.40999984741211,4.5,116.1999969482422,-2.094415009581617e-05,0.043108910134351204,0.6843327330391519,36462.568152031454,Close
FOF,4643,2007-01-18,2025-07-01,12.710000038146973,1.6773483753204346,12.710000038146973,0.0003390948840819737,0.013518834189199153,0.21460483968083083,77658.3278052983,Close
FOLD,4518,2007-07-18,2025-07-01,5.840000152587891,1.8200000524520876,24.88999938964844,0.0007596266306793749,0.04228645160218775,0.6712766086005456,1796792.2288623285,Close
FONR,10973,1981-12-16,2025-07-01,15.619999885559082,0.6299999952316284,307.5,0.001099804901944222,0.056160891168355785,0.8915265086353987,27438.225097967737,Close
FOR,4381,2008-02-01,2025-07-01,21.100000381469727,2.950000047683716,40.75,0.0005094409869680792,0.03264924684088224,0.5182907258072138,227437.02488016433,Close
FORA,1055,2021-04-20,2025-07-01,1.9700000286102293,1.8600000143051147,14.039999961853027,-0.0006142605523469504,0.04775776083841114,0.7581309501104126,37316.87203791469,Close
FORD,7672,1995-01-06,2025-07-01,6.389999866485596,3.299999952316284,287.20001220703125,0.0015708397582651812,0.0627607991177611,0.9962967992956671,17226.809697601668,Close
FORM,5516,2003-07-30,2025-07-01,34.93000030517578,3.7799999713897705,62.220001220703125,0.0005994749259447587,0.031222061323730822,0.49563485808839924,541427.6858230602,Close
FORR,7159,1997-01-16,2025-07-01,10.270000457763672,6.590017318725586,63.58611679077149,0.0004149336140825154,0.029084967247846108,0.4617095413695571,82183.34879173069,Close
FORTY,6933,1997-12-05,2025-06-30,127.75,2.302011013031006,127.75,0.0007909055485318513,0.029621522101789876,0.4702270856192359,7201.687581133709,Close
FOSL,8080,1993-05-26,2025-07-01,1.5800000429153442,0.7799999713897705,138.3000030517578,0.0008623870996796734,0.04273157745706413,0.6783427624853132,809746.4360148514,Close
FOSLL,880,2021-12-28,2025-07-01,17.100000381469727,9.199999809265137,25.8799991607666,8.4027004057479e-05,0.0329129325327412,0.5224766063968826,17692.2,Close
FOUR,1241,2020-07-23,2025-07-01,97.68000030517578,30.46999931335449,125.66000366210938,0.0014499259491590998,0.03585184295714897,0.5691303630477522,1273407.2860596294,Close
FOX,1552,2019-04-30,2025-07-01,51.59000015258789,18.40404891967773,53.95168685913086,0.00044358543898093356,0.019903457465131374,0.3159575920985379,1289991.4220360825,Close
FOXA,1553,2019-04-29,2025-07-01,55.970001220703125,18.858753204345703,57.72145080566406,0.0005080795532359341,0.02046411409337273,0.3248577401538976,3785859.335479717,Close
FOXF,2959,2013-09-25,2025-07-01,27.93000030517578,13.520000457763672,187.92999267578125,0.0005247595866228079,0.027992912256292052,0.4443737058156045,281450.9912132477,Close
FPAY,3802,2010-05-20,2025-07-01,1.1699999570846558,0.5,10.100000381469728,0.0036878713057186,0.10833227612083428,1.7197215694638512,76868.78695423462,Close
FPF,3011,2013-07-12,2025-07-01,18.700000762939453,7.5254716873168945,19.086408615112305,0.0003509255352511571,0.014766854610879567,0.23441654968220887,174993.1690468283,Close
FPH,2014,2017-06-27,2025-07-01,5.550000190734863,1.9800000190734863,15.109999656677246,-9.15053636383614e-06,0.031014370055268605,0.4923378614134158,172996.26067527308,Close
FPI,2789,2014-05-30,2025-07-01,11.449999809265137,3.485593795776367,13.65768814086914,0.000384329314520534,0.022142983745920924,0.35150896965991324,262205.1312298315,Close
FR,7774,1994-08-11,2025-07-01,48.369998931884766,1.385419249534607,60.19580841064453,0.0006223096930038435,0.025650186472943856,0.4071840869390546,592460.1440699769,Close
FRA,5419,2003-12-16,2025-07-01,13.199999809265137,2.391807556152344,13.495217323303224,0.00027568666250820176,0.01036406178226391,0.16452438029027497,119002.13655656025,Close
FRAF,7829,1994-05-24,2025-07-01,36.630001068115234,4.12371826171875,39.48974990844727,0.00045500815314457386,0.019271109361603093,0.30591937715478296,3100.8354834589345,Close
FRBA,3666,2010-12-02,2025-07-01,15.920000076293944,2.451266050338745,15.920000076293944,0.0008699159693447122,0.026939990355286936,0.42765908881540704,25794.12384069831,Close
FRD,11383,1980-05-02,2025-07-01,16.46500015258789,0.2465766966342926,19.260299682617188,0.0007386196211157297,0.027566141608853054,0.4375989318156908,15705.911798295705,Close
FRGE,1076,2021-03-19,2025-07-01,18.700000762939453,7.425000190734863,564.5999755859375,0.000391937920146488,0.07047740200684353,1.118794072560195,47061.94330855019,Close
FRGT,1950,2017-09-25,2025-06-27,1.8200000524520876,1.784999966621399,6718061.5,-0.0030429787500586523,0.09669400079713794,1.5349696762866498,58544.27384615385,Close
FRHC,1826,2018-03-27,2025-07-01,141.94000244140625,5.980000019073486,183.07000732421875,0.0018843541486367702,0.023587311443127607,0.37443696105086216,199975.33187294632,Close
FRME,9042,1989-08-07,2025-07-01,39.7599983215332,1.740800857543945,44.43129348754883,0.0006063327704885465,0.023677094853282232,0.3758622285016328,81288.11446582615,Close
FRMEP,1189,2020-10-05,2025-06-30,25.5,17.664146423339844,25.850000381469727,0.0003626996060304361,0.011171750310593073,0.17734603818682723,1227.3338940285955,Close
FRO,5978,2001-09-27,2025-07-01,16.5,1.269969820976257,150.4577178955078,0.000993073372957258,0.03807271087492344,0.6043855482786707,898640.3532954166,Close
FROG,1170,2020-11-02,2025-07-01,42.61000061035156,16.940000534057617,71.86000061035156,0.00011624813865231782,0.03368927836608872,0.5348007144353951,1000803.5085470085,Close
FRPH,9792,1986-08-19,2025-07-01,26.959999084472656,1.1123385429382324,33.67499923706055,0.0006812394092504339,0.02783122838738244,0.4418070539667309,20215.64879493464,Close
FRPT,2643,2014-12-26,2025-07-01,71.27999877929688,5.860000133514404,184.82000732421875,0.001082353223468989,0.03153867008280447,0.500660866324881,469557.0794551646,Close
FRSH,914,2021-11-08,2025-07-01,15.18000030517578,10.880000114440918,40.720001220703125,-0.0002801805677060997,0.03832732207791779,0.608427375823475,2582790.090809628,Close
FRST,4661,2006-12-19,2025-07-01,11.039999961853027,2.138580560684204,14.484539031982422,0.0003272265288748058,0.024747561441241548,0.392855358772898,35085.51984552671,Close
FRSX,1989,2017-08-02,2025-07-01,0.5069000124931335,0.4589999914169311,67.91999816894531,-0.0003028192213153237,0.06588497540847334,1.04589156039856,241979.94369029664,Close
FRT,13119,1973-06-20,2025-07-01,94.20999908447266,0.3337976634502411,122.34998321533205,0.0005424545222305469,0.016999919111717846,0.2698653496669169,243974.89397057702,Close
FSBC,1012,2021-06-21,2025-07-01,29.5,17.0859432220459,33.092803955078125,0.0004507276924120117,0.020568118477867544,0.3265087585736993,39708.14920948617,Close
FSBW,3230,2012-08-24,2025-07-01,41.15999984741211,4.226180076599121,48.14730453491211,0.0008893391629574186,0.019149579442181167,0.30399014949291814,19016.43560371517,Close
FSEA,1465,2019-09-03,2025-07-01,11.25,6.260000228881836,13.292654037475586,0.00022080717567182987,0.019567557201065965,0.3106253407143099,7511.091467576792,Close
FSFG,4175,2008-11-24,2025-07-01,25.65999984741211,2.329338788986206,30.05445098876953,0.0007166546654619249,0.016494325838566637,0.2618393052750854,9323.400479041917,Close
FSI,6436,1999-11-29,2025-07-01,4.909999847412109,0.0438309125602245,7.046136379241943,0.0024793006866911096,0.07303880386553618,1.1594550665149912,38980.100994406464,Close
FSK,2786,2014-06-04,2025-07-01,21.030000686645508,4.611380100250244,22.491113662719727,0.0003786641982882689,0.01614157111586725,0.2562394976546886,731774.7742282843,Close
FSLR,4649,2007-01-09,2025-07-01,162.9600067138672,11.770000457763672,311.1400146484375,0.0010713228616285855,0.03776819086939404,0.599551443055422,2956172.0963648097,Close
FSLY,1506,2019-07-05,2025-07-01,6.980000019073486,5.0,128.8300018310547,0.0006863724716323872,0.05272221305155199,0.8369391858202221,4104435.784860558,Close
FSM,4617,2007-02-26,2025-07-01,6.670000076293945,0.3300000131130218,9.539999961853027,0.001104270317205272,0.04287727084186354,0.680655573268392,2073841.4931773879,Close
FSP,5019,2005-07-20,2025-07-01,1.6699999570846558,1.0801780223846436,8.439998626708984,0.00015452730696277747,0.028640631410127924,0.45465592861838194,426838.4728033473,Close
FSS,11383,1980-05-02,2025-07-01,106.11000061035156,0.6634731888771057,106.41999816894533,0.0006881122954430611,0.02228154710536299,0.35370859479936945,200123.32407976806,Close
FSTR,11073,1981-07-27,2025-07-01,22.700000762939453,1.8219810724258425,56.33079528808594,0.0007109217829632083,0.037103452404615135,0.5889990470671989,40633.46319877179,Close
FSV,2503,2015-07-20,2025-07-01,175.69000244140625,25.790590286254883,197.5520782470703,0.0008844079624807597,0.01732985474793379,0.2751029155194285,57698.30523371953,Close
FT,9227,1988-11-10,2025-07-01,7.659999847412109,0.3131451904773712,7.659999847412109,0.00037545635280957445,0.011873015593149487,0.1884782794311935,49333.36815866479,Close
FTAI,2515,2015-07-01,2025-07-01,113.86000061035156,3.772433280944824,173.9966583251953,0.0015337815316385527,0.030629423383148256,0.4862270224387016,636720.4369781312,Close
FTAIN,1043,2021-05-06,2025-07-01,25.34000015258789,14.029216766357422,25.450000762939453,0.0003430009968021514,0.012884776597834133,0.20453948745896408,9989.700862895494,Close
FTCI,1016,2021-06-15,2025-07-01,4.78000020980835,2.049999952316284,133.10000610351562,-0.00030160991583651865,0.07551266501284346,1.198726394758271,158819.7342519685,Close
FTDR,1675,2018-10-30,2025-07-01,58.95000076293945,19.549999237060547,62.38999938964844,0.000688779549982268,0.025158428690768304,0.39937767415755154,713570.8925373134,Close
FTEK,7976,1993-10-22,2025-07-01,2.5199999809265137,0.3899999856948852,37.93000030517578,0.001105551713546081,0.05332307735283673,0.8464776108975982,216119.03071715144,Close
FTF,5458,2003-10-21,2025-07-01,6.46999979019165,1.343890905380249,6.46999979019165,0.00026233251277562854,0.010637759655773854,0.1688691993363221,100170.94118724807,Close
FTFT,4258,2008-07-29,2025-07-01,1.2100000381469729,1.0299999713897705,2900.0,0.0009535499747013768,0.08131754939196402,1.2908760774980905,18491.915688116485,Close
FTHM,1202,2020-09-17,2025-07-01,1.3899999856948853,0.7080000042915344,54.25,-0.000657503938895483,0.052791119953196804,0.8380330489724311,66551.65391014975,Close
FTHY,1226,2020-08-13,2025-07-01,14.75,9.903546333312988,14.850000381469728,0.00015995429442817555,0.008663583668703687,0.13753012709994333,105560.15742251223,Close
FTI,6013,2001-08-02,2025-07-01,34.63999938964844,1.837263822555542,43.47845458984375,0.0007932603151870204,0.027598776396591328,0.4381169930103599,4447133.473973058,Close
FTK,4981,2005-09-13,2025-07-01,14.619999885559082,2.75,320.94000244140625,0.001136952995040927,0.05419654452009357,0.8603434723152482,126711.20799036339,Close
FTLF,4409,2007-12-20,2025-07-01,14.140000343322754,0.0262499991804361,17.5,0.004361804401545253,0.15767255296232802,2.5029741823138827,52830.86414152869,Close
FTNT,3894,2010-01-07,2025-07-01,102.43000030517578,1.5,114.56999969482422,0.001357278204549347,0.025977397672676702,0.4123784037031838,8540565.374422189,Close
FTS,3863,2010-02-23,2025-07-01,47.81999969482422,15.990715026855469,49.7599983215332,0.0003384843297271927,0.01270711107036693,0.20171913464560007,269787.84235050477,Close
FTV,2228,2016-08-19,2025-07-01,53.15999984741211,25.83912467956543,64.65839385986328,0.00036623865371275874,0.01671794481330169,0.2653891464485905,3127150.499102334,Close
FUBO,1542,2019-05-14,2025-07-01,3.7699999809265137,1.0399999618530271,62.0,0.002729596918956662,0.0924018320836252,1.4668336102801292,10944273.25226978,Close
FUFU,859,2022-01-27,2025-07-01,3.259999990463257,2.630000114440918,13.130000114440918,0.000329351520665403,0.06181032596952232,0.9812085058271605,99237.36554132712,Close
FUL,13169,1973-04-09,2025-07-01,61.959999084472656,0.1536826938390731,85.2765884399414,0.0006375004152616841,0.02233581710067166,0.3545701042668057,266657.35089984053,Close
FULC,1464,2019-09-04,2025-07-01,6.840000152587891,2.259999990463257,30.96999931335449,0.0022201132504230297,0.07143818157772017,1.1340459754159404,733799.0566939891,Close
FULT,10001,1985-10-21,2025-07-01,18.520000457763672,1.1223657131195068,21.56981658935547,0.0004806363095401847,0.02185907924736278,0.3470021254642492,593069.6844315568,Close
FULTP,1143,2020-12-10,2025-07-01,18.200000762939453,12.371259689331056,20.975814819335938,1.918674757868035e-05,0.011776191934386454,0.18694125149850732,16284.988626421697,Close
FUN,9588,1987-06-10,2025-07-01,31.8700008392334,0.3482565283775329,58.257080078125,0.0006286863074989281,0.019711908907949903,0.31291685302076544,191596.2483312474,Close
FUNC,8230,1992-10-21,2025-07-01,32.880001068115234,2.3069305419921875,41.28364944458008,0.0006477562384337915,0.02836211418659673,0.45023460476251154,7941.093803159174,Close
FUND,9257,1988-09-29,2025-07-01,7.546000003814697,0.3794749975204468,7.701732158660889,0.0004713823410949684,0.01924039637440023,0.30543182359783083,35213.20773468726,Close
FURY,2797,2014-05-19,2025-07-01,0.5139999985694885,0.3100000023841858,4.6666669845581055,0.0006655036447062983,0.041955276691085674,0.6660193698691055,125033.1959242045,Close
FUSB,6626,1999-03-01,2025-07-01,12.75,2.8449795246124268,23.76651954650879,0.0005097458378001148,0.03123049485808711,0.4957687362958796,5125.609417446423,Close
FUTU,1555,2019-04-25,2025-07-01,121.63999938964844,8.147878646850586,186.6000823974609,0.002538292375868212,0.04854512646962569,0.7706299920168512,3020783.1871382636,Close
FVCB,2521,2015-06-23,2025-07-01,11.899999618530272,4.952746868133545,17.200000762939453,0.000700887125180606,0.027259100141265733,0.4327247996231687,25544.99008330028,Close
FVRR,1488,2019-07-31,2025-07-01,29.700000762939453,17.68000030517578,323.1000061035156,0.0010930430418300292,0.044235900113652166,0.7022231443309049,776424.5443548387,Close
FWONA,3104,2013-02-28,2025-07-01,91.7699966430664,17.534381866455078,95.5199966430664,0.0007008273300141729,0.019908695076235293,0.3160407365972081,805453.0483247422,Close
FWONK,2730,2014-08-22,2025-07-01,101.81999969482422,17.404130935668945,105.2699966430664,0.000724999787423535,0.021205169190047495,0.33662162511548777,1104059.3073260074,Close
FWRD,7926,1994-01-04,2025-07-01,24.799999237060547,0.889170229434967,121.9755859375,0.0007443421066957934,0.02992896962445982,0.47510766373636126,216663.97817310118,Close
FWRG,907,2021-11-17,2025-07-01,17.200000762939453,11.81999969482422,25.520000457763672,0.00024513861189203915,0.029490799731814166,0.4681519323287437,424356.842337376,Close
FXNC,6623,1999-03-04,2025-07-01,20.399999618530277,2.933446884155273,26.292348861694336,0.0004771566869388815,0.022273140240182374,0.3535751399519281,2795.410539030651,Close
FYBR,1012,2021-06-21,2025-07-01,36.43999862670898,12.050000190734863,38.68000030517578,0.0007764744523491428,0.02916833471578977,0.46303295889522955,2034568.1225296443,Close
G,4474,2007-09-19,2025-07-01,44.970001220703125,5.089969158172607,55.35198974609375,0.0004899034043960199,0.01940032927752672,0.3079706797266065,887059.1376843988,Close
GAB,9762,1986-10-01,2025-07-01,5.860000133514404,0.5641708970069885,5.860000133514404,0.00031624904031477924,0.015295428551226984,0.2428074008562214,309731.2611145257,Close
GABC,8050,1993-07-09,2025-07-01,39.93999862670898,2.3766632080078125,45.6146125793457,0.0005646485185659368,0.020742434398339418,0.3292759380244667,29803.183229813665,Close
GAIA,6423,1999-12-16,2025-07-01,4.619999885559082,2.049999952316284,29.34691047668457,0.00042529494316119546,0.03527218285417675,0.5599285441832886,70098.22497275416,Close
GAIN,5004,2005-08-10,2025-07-01,14.15999984741211,0.4822267591953277,14.633769989013672,0.0006908491811657755,0.026174175484748784,0.4155021546288526,126972.86490807353,Close
GAINN,1054,2021-04-21,2025-07-01,25.06480026245117,19.78767204284668,25.06480026245117,0.00018422485338057584,0.005692420938918981,0.09036438097365854,7042.809297912713,Close
GAINZ,937,2021-10-06,2025-07-01,23.170000076293945,18.07789421081543,23.40999984741211,0.0001317428853827684,0.010820484549020508,0.17176986709155093,3990.282817502668,Close
GALT,5710,2002-10-21,2025-07-01,2.220000028610229,0.3600000143051147,36.84000015258789,0.0015967675739270218,0.06409357893560683,1.0174540229982216,221264.34168126094,Close
GAM,11383,1980-05-02,2025-07-01,56.220001220703125,0.6899986267089844,56.220001220703125,0.00047429485301723144,0.013193856510216087,0.20944597895941378,26614.213651937098,Close
GAMB,956,2021-09-09,2025-07-01,11.960000038146973,6.71999979019165,16.75,0.0007123015749471621,0.03513910796993917,0.5578160458866407,168498.05543933055,Close
GAME,1834,2018-03-15,2025-07-01,0.8519999980926514,0.5149999856948853,2385.0,0.021924399884976995,0.5432049976913987,8.623112008913138,72019.15103598691,Close
GANX,1043,2021-05-06,2025-07-01,1.5700000524520874,0.9359999895095824,11.0,-0.0006327578522136214,0.04955760207820733,0.786702544029806,141538.1802492809,Close
GAP,11383,1980-05-02,2025-07-01,22.459999084472656,0.0198481772094964,32.201541900634766,0.0010051698376199578,0.027892095741298042,0.4427732932552703,5365387.087411052,Close
GASS,4931,2005-11-22,2025-07-01,6.420000076293945,1.7300000190734863,16.989042282104492,0.0003993562517230954,0.031120663627428845,0.4940252195608199,97810.87649563982,Close
GATX,13169,1973-04-09,2025-07-01,156.14999389648438,1.1717547178268433,166.3970489501953,0.0005105279847575999,0.019218051116004525,0.3050771036176518,216140.3100463209,Close
GAU,4369,2008-02-20,2025-07-01,1.2999999523162842,0.3600000143051147,9.470000267028809,0.0007025128942355142,0.044432143187105755,0.705338406544168,517663.93270771345,Close
GB,1729,2018-08-14,2025-07-01,7.480000019073486,3.5199999809265137,13.75,0.00034750372091580273,0.03153329384450536,0.5005755211877102,151729.04048582996,Close
GBAB,3657,2010-12-15,2025-07-01,15.079999923706056,5.924934387207031,18.09024429321289,0.00028376146985188374,0.0089046025459362,0.14135618316251877,65979.3368881597,Close
GBCI,10367,1984-05-09,2025-07-01,45.43999862670898,0.0904765874147415,58.4277572631836,0.0009749643129199577,0.02838132094464463,0.45053950259423076,223120.50033760973,Close
GBDC,3794,2010-06-02,2025-07-01,14.5,3.6982903480529785,15.206130981445312,0.00044254101016667747,0.01328191962722483,0.21084393760310768,438495.9048497628,Close
GBIO,1236,2020-07-30,2025-07-01,0.3199999928474426,0.3000000119209289,51.61000061035156,-0.0012572199309576653,0.06259831746798829,0.9937174830682048,363279.72330097086,Close
GBLI,5386,2004-02-04,2025-07-01,31.34000015258789,5.684560775756836,39.352317810058594,0.00033772803360269883,0.0255097050217085,0.40495401303633743,26384.833642777572,Close
GBR,8090,1993-05-12,2025-07-01,1.190000057220459,0.6000000238418579,235.0,0.002747194102863193,0.13018356417406152,2.066600013555507,108037.4283065513,Close
GBX,7761,1994-08-30,2025-07-01,47.0,1.4317843914031982,69.84432220458984,0.000732929714673388,0.032609611858813684,0.5176615399725824,280142.8376497874,Close
GCBC,6508,1999-08-17,2025-07-01,23.57999992370605,0.4707436561584472,36.99092864990234,0.0009442722360599035,0.02729741513201565,0.4333330312452288,8667.857713583282,Close
GCI,2836,2014-03-24,2025-07-01,3.680000066757202,0.6399999856948853,15.562088966369627,0.0006517818183479656,0.04515589406363404,0.7168275955269211,1097047.964739069,Close
GCMG,1576,2019-03-26,2025-07-01,11.550000190734863,5.594992160797119,14.172320365905762,0.0003434227555754107,0.01575325674236003,0.2500751980778169,295062.8565989848,Close
GCO,13169,1973-04-09,2025-07-01,21.38999938964844,1.625,89.25,0.0007019705722555679,0.03606840898023881,0.5725682420848841,173135.8105399043,Close
GCTK,3032,2013-06-12,2025-07-01,6.309999942779541,5.21999979019165,780000.0,0.0029352616755169794,0.13403367145728753,2.1277185719095146,13900.69030343008,Close
GCTS,848,2022-02-11,2025-07-01,1.4299999475479126,1.0099999904632568,44.0,0.0038116871158584715,0.20244262583046282,3.2136770562378323,223360.02594339623,Close
GCV,7580,1995-05-18,2025-07-01,3.819999933242798,0.634499728679657,4.739419937133789,0.00037732305755193825,0.017101807824017764,0.27148278283181804,24038.001319261213,Close
GD,15948,1962-02-16,2025-07-01,294.3800048828125,0.0885621383786201,310.6474609375,0.000638918263846664,0.018963895934571966,0.30104251519071745,1251437.9951718084,Close
GDC,2357,2016-02-17,2025-07-01,3.259999990463257,0.621999979019165,285.0,0.005781959621364655,0.25092635524293266,3.98333240018789,209709.3988120492,Close
GDDY,2546,2015-05-18,2025-07-01,178.39999389648438,23.59000015258789,214.3500061035156,0.0009887313423581302,0.0219104296576115,0.3478172879556847,1330194.5624509035,Close
GDEN,6631,1999-02-22,2025-07-01,30.350000381469727,2.004753828048706,53.66697692871094,0.000846495574332131,0.035740042476767334,0.567355585442468,95757.75885990047,Close
GDEV,1157,2020-11-19,2025-07-01,15.1899995803833,9.40999984741211,90.20885467529295,-0.00019647278047045977,0.05063636232135138,0.8038273319955423,7496.853932584269,Close
GDL,4545,2007-06-08,2025-07-01,8.359999656677246,3.3606979846954346,8.359999656677246,0.00014706960992491775,0.009087643653087504,0.14426187065786442,42231.77117711771,Close
GDO,3890,2010-01-13,2025-07-01,11.8100004196167,4.773560523986816,12.633933067321776,0.00023115137535694339,0.007872021841145625,0.12496447264164079,42081.96580976864,Close
GDOT,3726,2010-09-08,2025-07-01,10.949999809265137,6.340000152587891,92.83999633789062,0.00020467330390840162,0.033520299078708016,0.5321182514086136,510697.0429414922,Close
GDRX,1165,2020-11-09,2025-07-01,4.960000038146973,3.740000009536743,56.9900016784668,-0.000942123012243995,0.04524560618238089,0.7182517312616783,1874490.3716738198,Close
GDS,2143,2016-12-20,2025-07-01,29.46999931335449,5.059999942779541,115.70999908447266,0.0016385518477262404,0.04695101525845226,0.745324261055182,1265944.0405972935,Close
GDV,5400,2004-01-14,2025-07-01,26.26000022888184,2.0956475734710693,26.26000022888184,0.00042113858989846454,0.014327927806895579,0.2274488026795967,201003.6751851852,Close
GDYN,1642,2018-12-18,2025-07-01,11.869999885559082,5.5,42.08000183105469,0.0007560904640984034,0.03564022709588099,0.5657710653934013,412337.7527405603,Close
GE,15948,1962-02-16,2025-07-01,249.0200042724609,0.4672737419605255,257.3900146484375,0.0005239840809496717,0.017355986768651372,0.27551774848787436,5185491.527213444,Close
GECC,2141,2016-12-22,2025-07-01,10.850000381469728,5.342616081237793,24.15985679626465,-3.071365917482954e-05,0.02305262059977323,0.3659490070519477,17896.890705277907,Close
GECCO,975,2021-08-11,2025-06-30,25.01000022888184,19.891834259033203,26.806957244873047,0.0002596957085842502,0.007448904170852538,0.1182476878561656,2064.4102564102564,Close
GEF,7350,1996-04-16,2025-07-01,69.80000305175781,4.186855316162109,70.52879333496094,0.0005956171576355909,0.022890846026428546,0.36338091531480604,161990.87850340136,Close
GEG,6521,1999-07-29,2025-07-01,2.0799999237060547,1.409999966621399,6047.08154296875,0.0002403655496582914,0.04885509101963936,0.7755505267043445,72482.26790369576,Close
GEL,7159,1997-01-16,2025-07-01,16.75,0.4104124307632446,25.510719299316406,0.0008022203563290328,0.03225651335051153,0.5120562749249301,307848.46710434416,Close
GEN,9039,1989-08-10,2025-07-01,29.799999237060547,0.2774996757507324,31.421655654907227,0.0009705548689408012,0.030386195487039854,0.48236589928860385,8549492.613120921,Close
GENC,5494,2003-08-29,2025-07-01,14.300000190734863,1.4333330392837524,24.6299991607666,0.0008022890268348383,0.02793507192192264,0.4434555189726628,22131.170367673825,Close
GENI,1157,2020-11-19,2025-07-01,10.100000381469728,2.25,24.93000030517578,0.0010114779015082623,0.0459005346987053,0.7286483991459918,1959992.4312878132,Close
GEO,7752,1994-09-13,2025-07-01,24.489999771118164,0.5387166738510132,35.349998474121094,0.0008772973246981517,0.028260598695054488,0.44862309629346403,993970.8725490196,Close
GEOS,6910,1998-01-12,2025-07-01,13.649999618530272,3.359999895095825,110.87999725341795,0.0008688815156748827,0.04026449333888441,0.6391790162442295,77237.72460202605,Close
GERN,7243,1996-09-17,2025-07-01,1.3799999952316284,0.8899999856948853,65.9853515625,0.0012144719202825233,0.055641596614579715,0.8832829631565082,2450580.121358553,Close
GES,7237,1996-09-25,2025-07-01,12.479999542236328,0.759061336517334,28.87482643127441,0.0009062328999722537,0.03937351964424737,0.6250352473199694,963985.6918612685,Close
GETY,1167,2020-11-05,2025-07-01,1.75,1.350000023841858,33.93000030517578,1.0651978127850215e-05,0.06213592112064206,0.9863771686148683,652969.5604113111,Close
GEVO,3586,2011-03-29,2025-07-01,1.3300000429153442,0.4799999892711639,153300.0,-4.1306817482376626e-05,0.09222703091353043,1.464058727730406,3874606.020914668,Close
GF,8890,1990-03-14,2025-07-01,11.960000038146973,0.7098531126976013,14.547039985656738,0.000368310801326118,0.017051959926128738,0.2706914719846558,52518.34431946007,Close
GFAI,909,2021-11-15,2025-07-01,1.1200000047683716,0.8399999737739563,76.4000015258789,0.0010554358497546054,0.11690329092355685,1.8557822113725948,923987.5830583058,Close
GFF,13119,1973-06-20,2025-07-01,76.01000213623047,0.5567793846130371,84.72386169433594,0.0012815315811659713,0.04786043295862356,0.7597608194903833,139125.918820032,Close
GFI,11383,1980-05-02,2025-07-01,23.729999542236328,1.3705992698669434,25.709999084472656,0.0007150565996718555,0.033360561384703724,0.5295824941285838,2765305.2494070106,Close
GFL,1307,2020-04-20,2025-07-01,49.459999084472656,15.016242027282717,51.58000183105469,0.001122137929147616,0.020271791293724754,0.3218047103580001,1229333.0328997704,Close
GFR,857,2022-01-31,2025-07-01,4.46999979019165,3.940000057220459,10.789999961853027,-0.0005805180484816245,0.025944891407202814,0.4118623827362117,87407.02917152859,Close
GFS,888,2021-12-15,2025-07-01,39.43999862670898,30.3700008392334,78.94000244140625,2.127810062472847e-06,0.03107687524477839,0.49333010053597887,1835085.9132882883,Close
GGAL,6238,2000-09-11,2025-07-01,49.9900016784668,0.1661998778581619,71.87700653076172,0.0012486173739267785,0.048151720240058725,0.7643848617309046,545986.1094902212,Close
GGB,6586,1999-04-27,2025-07-01,2.9200000762939453,0.1244018226861953,11.34914779663086,0.0009617514467298855,0.03220766301922337,0.5112807999566206,7737642.221986031,Close
GGG,11383,1980-05-02,2025-07-01,87.66999816894531,0.0578853078186512,93.17676544189452,0.0008099592816203486,0.018572002896437127,0.29482140607406343,671728.0470877625,Close
GGN,5065,2005-05-13,2025-07-01,4.409999847412109,1.207172989845276,4.480000019073486,0.00030356205528088697,0.018722641720693302,0.29721272327470144,511988.6594274432,Close
GGR,1057,2021-04-16,2025-07-01,0.2730000019073486,0.1990000009536743,14.75,-0.0023549090049244095,0.04583517579841822,0.727610858769246,406848.5856196783,Close
GGT,7699,1994-11-28,2025-07-01,4.190000057220459,0.9086874723434448,7.718049049377441,0.00026656627362330645,0.017433077327915446,0.2767415231773361,48552.48084166775,Close
GGZ,2747,2014-07-30,2025-07-01,13.449999809265137,4.095322608947754,13.541662216186523,0.0003190493821259919,0.012566636592717763,0.1994891714451317,20892.17910447761,Close
GH,1660,2018-11-20,2025-07-01,50.709999084472656,16.06999969482422,179.10000610351562,0.0011693564946511862,0.04313002239314218,0.6846678797574065,1428147.9120481927,Close
GHC,13169,1973-04-09,2025-07-01,962.3499755859376,1.3675936460494995,1001.5560302734376,0.0005840385650644638,0.01578375053326543,0.2505592720014207,24447.228263345736,Close
GHG,1793,2018-05-14,2025-07-01,2.109999895095825,1.950000047683716,19.06020164489746,-0.00034455304899355514,0.033395483588061985,0.5301368669205061,63664.24651422197,Close
GHI,9856,1986-05-19,2025-07-01,11.289999961853027,0.7988552451133728,14.708394050598145,0.0004399096731989365,0.022946832148282657,0.3642696674465876,21237.277698863636,Close
GHLD,1144,2020-12-09,2025-07-01,19.780000686645508,7.096889972686768,19.780000686645508,0.0008513149787355627,0.029042032083309768,0.46102796676238034,21124.301573426572,Close
GHM,11383,1980-05-02,2025-07-01,49.0,0.4921559989452362,50.56999969482422,0.0008148224331992046,0.030687488632914383,0.48714877970287773,40165.84564701748,Close
GHRS,975,2021-08-12,2025-07-01,12.720000267028809,5.260000228881836,27.899999618530277,0.0010270206346541142,0.0560893794298766,0.8903912949803718,112300.17025641026,Close
GHY,3115,2013-02-12,2025-07-01,13.5,5.281815528869629,13.5,0.00029509892853233076,0.009282807003521158,0.147359992799554,159057.6105939005,Close
GIB,6691,1998-11-23,2025-07-01,105.86000061035156,3.240000009536743,122.43000030517578,0.0006389082026510833,0.022290677642575366,0.3538535375841716,151098.69496338366,Close
GIC,7520,1995-08-14,2025-07-01,28.059999465942383,0.4183634519577026,44.5623779296875,0.0007723766694439289,0.03632339497996436,0.576616019343346,91472.81515957447,Close
GIFI,7072,1997-05-21,2025-07-01,6.710000038146973,2.7100000381469727,45.6147689819336,0.0005496722320775163,0.03454341082593824,0.5483596468882133,71820.32550904977,Close
GIFT,1091,2021-02-26,2025-07-01,1.5,0.375,4.599999904632568,0.002244449864098404,0.0753916171333455,1.196804819242971,17661.828597616866,Close
GIGM,6346,2000-04-06,2025-07-01,1.3899999856948853,0.4199999868869781,48.0,0.0009485254536491683,0.07468530513869441,1.1855924639277584,360704.95099275134,Close
GIII,8918,1990-02-01,2025-07-01,23.229999542236328,0.4166670143604278,72.9000015258789,0.0013591091699841408,0.05581139493173411,0.885978427877875,311846.8272034088,Close
GIL,6767,1998-08-06,2025-07-01,49.56999969482422,0.3284038603305816,54.830509185791016,0.0010080397883498414,0.024407874000165086,0.38746298781741667,749123.4093394415,Close
GILD,8387,1992-03-10,2025-07-01,111.7300033569336,0.1540429890155792,115.76968383789062,0.0011041413614955903,0.029328930753107833,0.46558234195294584,14112155.630738048,Close
GILT,8089,1993-05-13,2025-07-01,7.090000152587891,1.803486466407776,2819.997314453125,0.00015698096741844646,0.03432554301950645,0.5449011026811792,111713.48028186426,Close
GIPR,905,2021-11-19,2025-07-01,1.5,1.350000023841858,6.107630729675293,-0.0010087950354902148,0.0253410771995111,0.402277129346373,20227.49502762431,Close
GIS,11383,1980-05-02,2025-07-01,53.18999862670898,0.330310583114624,84.21900939941406,0.0005369514549084088,0.013487903626040531,0.21411383221265748,3027200.7752789245,Close
GJH,5290,2004-06-23,2025-07-01,9.34000015258789,1.277888298034668,9.539999961853027,0.00040399698628992484,0.014566815797098972,0.23124103195926599,2017.7822306238186,Close
GJO,4899,2006-01-10,2025-07-01,24.750900268554688,10.607226371765137,25.11000061035156,0.0001612555857399957,0.00944140435570567,0.1498776477143953,1339.3237395386814,Close
GJP,4371,2008-02-14,2025-06-30,24.549999237060547,4.823830604553223,24.92234230041504,0.0003227931273714492,0.016460827197131964,0.2613075308281174,621.0706932052162,Close
GJR,4372,2008-02-14,2025-07-01,24.799999237060547,6.563433170318604,25.11000061035156,0.00022459789756703544,0.013269747265637332,0.21065070735333444,734.9812442817932,Close
GJS,4790,2006-06-15,2025-06-30,22.559999465942383,3.882691144943237,22.874340057373047,0.0002737062772312765,0.018379955654322076,0.29177275061839003,2466.5762004175367,Close
GJT,4475,2007-09-18,2025-07-01,22.5,3.261791229248047,22.540058135986328,0.00026761281544005557,0.015855435907971144,0.25169724204609145,1365.048938547486,Close
GKOS,2486,2015-08-12,2025-07-01,102.5199966430664,14.8100004196167,161.22000122070312,0.001034383771422295,0.03384637040096236,0.5372944731787436,531639.5848753017,Close
GL,11245,1980-11-18,2025-07-01,124.9000015258789,1.2669098377227783,132.8199920654297,0.00062341008722511,0.01984921646186681,0.31509654286553385,793746.8048021343,Close
GLAD,5732,2002-09-19,2025-07-01,27.049999237060547,2.179533004760742,29.37772750854492,0.0006131583503554719,0.02404193364312578,0.3816538647409675,64405.93702023727,Close
GLBE,1006,2021-06-29,2025-07-01,32.849998474121094,17.06999969482422,81.69000244140625,0.00043227571175102057,0.04538169068820328,0.7204120058198493,1443695.2614314116,Close
GLBS,4296,2008-06-04,2025-07-01,1.1649999618530271,0.8500000238418579,151275.265625,0.0003048097496266243,0.08627212357411755,1.3695275043272874,86443.96368715084,Close
GLBZ,6415,1999-12-29,2025-07-01,5.260000228881836,1.9141641855239868,12.252422332763672,0.0004923818405856108,0.028973418274598175,0.45993875631624537,1847.795323460639,Close
GLDD,4623,2007-02-15,2025-07-01,11.81999969482422,1.7771308422088623,16.170000076293945,0.000597325337172438,0.03037543873834772,0.48219514119687384,354747.1202682241,Close
GLDG,3340,2012-03-20,2025-07-01,0.7231000065803528,0.270000010728836,2.900000095367432,0.0005330364821127544,0.038463395667773084,0.6105874770960404,315212.53922155686,Close
GLMD,2810,2014-04-30,2025-07-01,1.7799999713897705,1.190000057220459,215.5200042724609,0.0041360525740852866,0.2331073588529598,3.7004646018241347,127671.15338078291,Close
GLNG,5494,2003-08-29,2025-07-01,40.119998931884766,1.812017679214477,59.18844985961914,0.0009304966673540423,0.0348522763807063,0.553262735567035,891866.263924281,Close
GLO,4789,2006-06-19,2025-07-01,5.440000057220459,1.1827638149261477,8.24186897277832,0.00024377225774137792,0.013943246336780974,0.2213421736562089,171552.84046773857,Close
GLOB,2722,2014-09-04,2025-07-01,92.55999755859376,12.1899995803833,354.44000244140625,0.001141489158947423,0.02943577514571748,0.4672784441039071,341887.35451873625,Close
GLP,4936,2005-11-15,2025-07-01,51.63999938964844,1.443642497062683,58.95158386230469,0.0008628582052667015,0.02571989184511504,0.40829062541791555,84876.16268233387,Close
GLPG,3323,2012-04-13,2025-07-01,27.8700008392334,12.90999984741211,274.0299987792969,0.000496453265480618,0.025536980461823698,0.4053869972250053,134113.90129401145,Close
GLPI,2913,2013-11-29,2025-07-01,47.43000030517578,11.196495056152344,50.27896118164063,0.0005276901048153953,0.017712580256517164,0.28117849461610245,1223715.3776175764,Close
GLQ,5044,2005-06-14,2025-07-01,7.170000076293945,1.2610538005828855,9.988659858703612,0.00030959475486079627,0.014359478059945321,0.22794964741982135,65030.61379857256,Close
GLRE,4522,2007-07-12,2025-07-01,14.359999656677246,5.25,35.0,0.00011396923864730472,0.02048639751044322,0.3252114784334731,143619.70521892968,Close
GLSI,1163,2020-11-11,2025-07-01,9.050000190734863,3.4749999046325684,72.22000122070312,0.00857416845975143,0.29772743458783424,4.726276502403958,137880.99398108342,Close
GLTO,1139,2020-12-16,2025-07-01,3.4100000858306885,2.220000028610229,353.75,-0.0020823330250280964,0.06121218393811998,0.971713295444447,26444.2370500439,Close
GLU,5275,2004-07-15,2025-07-01,17.431299209594727,3.561556339263916,17.431299209594727,0.0003506844028264235,0.01347622349348285,0.21392841585649014,11636.979336492892,Close
GLUE,976,2021-08-11,2025-07-01,4.610000133514404,2.5,42.209999084472656,-9.703009707904893e-05,0.0649550373316494,1.031129251082765,429449.6075819672,Close
GLV,5233,2004-09-14,2025-07-01,5.699999809265137,2.2377114295959477,7.468845367431641,0.0001461972852399515,0.014288055379344536,0.2268158475147857,36707.843684311105,Close
GLW,10930,1982-02-18,2025-07-01,52.59000015258789,0.6057478785514832,74.7063217163086,0.0007307833725532403,0.025638892623086638,0.4070048026306544,6675222.953064959,Close
GM,3642,2011-01-06,2025-07-01,52.02999877929688,14.083709716796877,63.71904373168945,0.0004017008039032085,0.021759684357064234,0.3454242804963262,14328152.196595278,Close
GMAB,4014,2009-07-17,2025-07-01,20.739999771118164,0.6539999842643738,48.720001220703125,0.0009197146922947259,0.030053438445947194,0.4770835450221826,261579.0092177379,Close
GME,5850,2002-04-03,2025-07-01,23.68000030517578,0.6387935876846313,86.87750244140625,0.001720934093163776,0.05316163115721394,0.8439147319951859,14437993.486324787,Close
GMED,3212,2012-09-20,2025-07-01,60.20000076293945,10.369999885559082,93.31999969482422,0.0006276773818968431,0.02129138835872314,0.33799031198686263,741514.7359900373,Close
GMGI,2292,2009-12-17,2020-04-13,0.75,0.1500000059604644,136349999104.0,0.045185742393548195,1.1181691712683552,17.750385305251548,32151.05890052356,Close
GMRE,2230,2016-08-17,2025-07-01,6.96999979019165,3.509756803512573,13.528033256530762,0.0003695074142431759,0.02190611686956221,0.3477488245678702,343718.36995515693,Close
GMS,2254,2016-07-14,2025-07-01,108.76000213623048,10.739999771118164,108.76000213623048,0.00104639365356738,0.028178513667762525,0.4473200368820051,374166.79991126887,Close
GNE,3406,2011-12-13,2025-07-01,26.770000457763672,3.0846996307373047,29.777982711791992,0.0009458740392223981,0.030829693226085555,0.48940620763580994,95096.50616559014,Close
GNFT,1542,2019-05-14,2025-07-01,3.7899999618530273,2.7149999141693115,24.34000015258789,-4.7285173644586915e-05,0.04460730212489279,0.7081189684799365,73709.85732814527,Close
GNK,2725,2014-08-29,2025-07-01,13.25,2.4678597450256348,140.74000549316406,-3.504215886154682e-05,0.041404466306937844,0.6572755260930628,436202.19449541287,Close
GNL,2503,2015-07-20,2025-07-01,7.630000114440918,4.7631120681762695,11.957707405090332,0.00018415163844562137,0.021227955854143853,0.3369833521939341,770680.8685577307,Close
GNLN,1526,2019-06-06,2025-07-01,4.389999866485596,3.0799999237060547,25657500.0,-0.004211617078636743,0.12801886515850772,2.032236482004737,37901.78899082569,Close
GNPX,1791,2018-05-16,2025-07-01,0.2669999897480011,0.2230000048875808,471.2000122070313,0.0007932249048283389,0.12442028113204158,1.9751107315687437,607938.3054159688,Close
GNRC,3837,2010-03-31,2025-07-01,146.61000061035156,7.017577171325684,505.7999877929688,0.0010855849028656352,0.027118744106201877,0.4304967166404526,726410.8193901485,Close
GNSS,7831,1994-05-20,2025-07-01,1.75,0.2149636447429657,12.529309272766112,0.0016951350745798423,0.05797847929961983,0.9203798257230024,74416.20482696974,Close
GNT,3595,2011-03-16,2025-07-01,6.329999923706055,1.6866012811660769,6.519999980926514,0.00019979780372838545,0.015811413375175127,0.2509984060029228,80872.73991655077,Close
GNTA,855,2022-02-02,2025-07-01,3.819999933242798,2.549999952316284,8.880000114440918,0.00029168044862676345,0.05067768370278243,0.8044832885901195,7345.847953216375,Close
GNTX,10936,1982-02-09,2025-07-01,22.86000061035156,0.0173323154449462,36.32150268554688,0.0009740835221790228,0.028510935126448776,0.4525970639428761,1790441.9897585954,Close
GNTY,2015,2017-06-26,2025-07-01,44.47999954223633,17.999752044677734,44.47999954223633,0.0005349374801327714,0.02180994194026215,0.3462220948961471,21341.339950372207,Close
GNW,5276,2004-07-14,2025-07-01,7.869999885559082,0.8399999737739563,35.46147537231445,0.0007851540004665675,0.04528397979592099,0.7188608934916824,6202071.758908263,Close
GO,1483,2019-08-07,2025-07-01,12.93000030517578,10.989999771118164,46.63999938964844,-0.00033681631745561343,0.027026335210113862,0.42902977089257915,1353965.2056641942,Close
GOCO,1214,2020-08-31,2025-07-01,5.920000076293945,4.934999942779541,240.0,-0.0011855033426400512,0.058075058008982265,0.9219129652045019,90127.30724876441,Close
GOF,4478,2007-09-13,2025-07-01,14.84000015258789,1.1574203968048096,15.321603775024414,0.0005058602878585722,0.013633729712477855,0.2164287495689313,223372.30906654758,Close
GOGL,7110,1997-03-27,2025-07-01,7.429999828338623,1.368309497833252,51.662715911865234,0.0004772362342389603,0.03186413664777948,0.505827487870823,405750.60759493674,Close
GOGO,2992,2013-08-08,2025-07-01,14.449999809265137,1.399999976158142,34.34000015258789,0.0009660992246741963,0.043341664677691995,0.6880275968683527,1587768.3489304814,Close
GOLF,2146,2016-12-15,2025-07-01,74.19000244140625,13.559621810913086,75.26941680908203,0.0008733773841955516,0.01990058697346717,0.31591202445603406,287156.52376514446,Close
GOOD,5472,2003-10-01,2025-07-01,14.5,1.466972589492798,19.28338432312012,0.0005503362055512875,0.02158751029432801,0.3426911019830321,111997.80701754386,Close
GOODN,1415,2019-11-12,2025-07-01,23.48699951171875,8.056424140930176,23.920000076293945,0.0004540467620554226,0.020992699501842897,0.33324877337871495,7471.4487632508835,Close
GOODO,978,2021-08-09,2025-07-01,20.43000030517578,12.826156616210938,21.36890411376953,0.00013885255512978824,0.013993191802803662,0.22213503334947643,7158.997955010225,Close
GOOG,5217,2004-10-06,2025-07-01,176.91000366210938,3.348965883255005,207.22454833984372,0.0009411739467803568,0.019293026285633917,0.3062672975377173,110833818.45677592,Close
GOOGL,5217,2004-10-06,2025-07-01,175.83999633789062,3.364705801010132,205.89334106445312,0.0009391260356946899,0.019292470762409485,0.3062584788799211,112987290.01648457,Close
GOOS,2052,2017-05-03,2025-07-01,11.0,6.880000114440918,70.05000305175781,0.0004211927815084927,0.03485069290116827,0.5532375986086522,1331040.7894736843,Close
GORO,4695,2006-10-31,2025-07-01,0.6600000262260437,0.1199999973177909,24.00269317626953,0.0009191388158544491,0.044574914707257524,0.7076048341639134,625819.9787007455,Close
GORV,1798,2018-05-07,2025-07-01,0.2460000067949295,0.1400000005960464,25.100000381469727,-0.0007578134562492455,0.05165082503014101,0.8199314282463802,398773.63737486093,Close
GOSS,1574,2019-03-28,2025-07-01,1.25,0.4779999852180481,26.790000915527344,-7.233797929198814e-05,0.054520730212385404,0.8654897606377051,1344778.5260482847,Close
GOTU,1493,2019-07-24,2025-07-01,3.5799999237060547,0.6499999761581421,142.6999969482422,0.0015726115220116366,0.06713747470360562,1.0657743703117821,4777350.770261219,Close
GOVX,1163,2020-11-11,2025-07-01,0.4850000143051147,0.4850000143051147,126.5999984741211,0.0007429780657179141,0.1084729005643376,1.7219539132984512,745358.4634565779,Close
GP,1182,2020-10-15,2025-07-01,0.3860000073909759,0.3799999952316284,32.40999984741211,-0.0013590882642422262,0.05659796772311422,0.898464883842125,251888.6632825719,Close
GPC,11383,1980-05-02,2025-07-01,125.33999633789062,1.026462435722351,174.49305725097656,0.0005385538150559862,0.015322720751015212,0.24324065109645063,542180.4807168585,Close
GPI,6926,1997-12-17,2025-07-01,452.8800048828125,4.833587646484375,482.9829711914063,0.001066215262662848,0.03128034810354148,0.4965601320330099,265419.3907017037,Close
GPJA,1622,2019-01-17,2025-07-01,20.799999237060547,15.95505428314209,23.929933547973636,0.00019248387683706709,0.008738311333488465,0.13871639200240607,19013.00863131936,Close
GPK,8162,1993-01-28,2025-07-01,21.850000381469727,0.4769856929779053,30.11549186706543,0.0007461216834993485,0.034838709613326024,0.5530473698115353,1400214.408233276,Close
GPMT,1982,2017-08-11,2025-07-01,2.5799999237060547,1.333331823348999,11.069619178771973,0.0004170920337223893,0.056648410457742555,0.8992656374297846,555422.4016145308,Close
GPN,6118,2001-03-05,2025-07-01,81.97000122070312,3.837988138198853,211.35289001464844,0.0007002101147350225,0.020920554552632118,0.3321035078149483,1512098.3654789147,Close
GPOR,1002,2021-07-06,2025-07-01,190.9199981689453,60.79999923706055,206.57000732421875,0.0014101616487714795,0.025579161585893892,0.40605660181087067,173232.73453093812,Close
GPRE,4822,2006-05-02,2025-07-01,6.230000019073486,1.0619949102401731,44.69227981567383,0.0004363435821760504,0.04030983159732912,0.6398987387845583,643945.0020738282,Close
GPRK,3666,2010-12-02,2025-07-01,6.619999885559082,1.93475079536438,19.08076477050781,0.0003640999729514954,0.031183862267118924,0.4950284668637251,175299.80905619203,Close
GPRO,2737,2014-08-13,2025-07-01,0.7260000109672546,0.481000006198883,93.8499984741211,-0.0006919111749729628,0.038776436448715396,0.6155568454356093,4289963.536719035,Close
GPUS,6718,1997-02-04,2024-10-22,8.050000190734863,8.050000190734863,2090847744.0,0.0007265590218101728,0.08640281383412605,1.3716021478878526,36.33804703780887,Close
GRAB,1117,2021-01-20,2025-07-01,4.929999828338623,2.309999942779541,17.059999465942383,-0.00013541219576832458,0.040835247163819414,0.6482394523279309,19737932.408236347,Close
GRABW,1111,2021-01-28,2025-07-01,0.3700000047683716,0.135000005364418,6.079999923706055,0.0007555732409637153,0.07957910762840538,1.2632791700472221,50900.2700270027,Close
GRBK,4504,2007-08-07,2025-07-01,65.23999786376953,0.9464750289916992,109.39947509765624,0.001636593460349372,0.06160265206614879,0.9779117848144139,243004.9840142096,Close
GRC,11383,1980-05-02,2025-07-01,37.79999923706055,0.5038775205612183,42.96074676513672,0.0006141692672878537,0.02203961575908056,0.34986805373968327,36797.01396819819,Close
GRCE,3336,2012-03-26,2025-07-01,2.9600000381469727,1.7699999809265137,1953.5999755859373,0.00023496854536046805,0.06616873166299489,1.050396051293099,54100.93195443645,Close
GREE,6242,2000-09-05,2025-07-01,1.2699999809265137,0.6000000238418579,2434.712646484375,0.00029491486921105715,0.059764714454711036,0.9487354297437157,55481.21547580903,Close
GREEL,898,2021-12-01,2025-07-01,8.6899995803833,0.2633934617042541,9.708434104919434,0.0015371582215051919,0.057737240670247644,0.9165502812033571,10926.391982182628,Close
GRF,5361,2004-03-11,2025-07-01,9.880000114440918,1.2092301845550537,10.399999618530272,0.0005025085194303869,0.02122807693482214,0.33698527429011405,4170.302182428652,Close
GRFS,3508,2011-07-20,2025-07-01,9.0,3.9494223594665527,24.66267204284668,0.0003753225633843148,0.023546907670160103,0.37379557103905775,1068619.7676738882,Close
GRI,1069,2021-03-30,2025-07-01,1.3700000047683716,1.2000000476837158,449248.8125,-0.005781100390030926,0.11024956420642587,1.750157574260706,49787.615528531336,Close
GRMN,6142,2001-01-29,2025-07-01,211.1300048828125,3.8129241466522217,241.0633544921875,0.0008860641555462959,0.02341022713839541,0.3716258348623771,1454130.022793878,Close
GRND,1087,2021-03-04,2025-07-01,21.850000381469727,4.650000095367432,36.5,0.002171764204171387,0.07200789539072214,1.14308990182203,463100.0919963202,Close
GRNQ,1739,2018-07-31,2025-07-01,1.5850000381469729,0.7900000214576721,99.0,0.0023592108043016748,0.11004648616516147,1.7469338102971637,179675.4399079931,Close
GRNT,1133,2020-12-24,2025-07-01,6.340000152587891,4.256068706512451,8.556085586547852,4.108032574366427e-05,0.02382820198818099,0.3782609799032504,301353.07590467785,Close
GROV,1005,2021-06-30,2025-07-01,1.1399999856948853,1.024999976158142,50.0,-0.001703240238108141,0.06623887358814395,1.0515095198356414,126978.74626865672,Close
GROW,10092,1985-06-11,2025-07-01,2.4600000381469727,0.273212730884552,22.51272773742676,0.0010557403654691782,0.04525465093422607,0.7183953122459942,108135.36464526357,Close
GROY,1051,2021-04-26,2025-07-01,2.2699999809265137,1.1699999570846558,6.502528190612793,3.761928689663336e-05,0.03689715583225547,0.5857241905064665,727370.5042816366,Close
GRPN,3399,2011-12-22,2025-07-01,34.290000915527344,2.970000028610229,491.6000061035156,0.00047446128206318506,0.049853384924171906,0.7913979511448131,839428.4377758164,Close
GRRR,1008,2021-06-25,2025-07-01,20.030000686645508,2.240000009536743,362.2000122070313,0.0027105655719211986,0.1015666003594868,1.612319796368913,616048.7996031746,Close
GRVY,5098,2005-03-29,2025-07-01,63.15999984741211,1.5,218.97000122070312,0.0010946004791413794,0.04581093781104086,0.7272260926479588,28776.775205963124,Close
GRWG,1826,2018-03-27,2025-07-01,0.9879999756813048,0.8690000176429749,64.58000183105469,0.0006522173245256706,0.05391034629719141,0.8558002163744416,1237592.9901423878,Close
GRX,4505,2007-08-06,2025-07-01,9.5600004196167,1.688421607017517,11.088189125061035,0.00028144752703655295,0.013137559321559694,0.20855228879523238,38531.60399556049,Close
GRYP,1814,2018-04-13,2025-07-01,0.9010000228881836,0.135000005364418,19920.0,-0.000921857728601575,0.1004084269858572,1.5939343640385895,608394.4503858875,Close
GS,6548,1999-06-21,2025-07-01,706.4600219726562,39.01913070678711,707.75,0.0006776649625198268,0.02280803030004803,0.36206625641491796,4916265.164935858,Close
GSAT,4660,2006-12-20,2025-07-01,23.13999938964844,2.25,224.5500030517578,0.0012703063244374844,0.06047562463286048,0.960020778959044,314169.43175965664,Close
GSBC,8917,1990-02-02,2025-07-01,60.95000076293945,0.2295212298631668,65.55831909179688,0.0008503733511732068,0.022726820105196745,0.36077708453792035,26620.634742626444,Close
GSBD,2555,2015-05-05,2025-07-01,11.279999732971191,4.319614410400391,13.35412311553955,0.0003560014731036306,0.019572098709014486,0.310697434917964,336881.68297455966,Close
GSHD,1771,2018-06-14,2025-07-01,104.56999969482422,19.947322845458984,167.8043670654297,0.001637946254393651,0.03778069654697384,0.5997499645325369,226839.13043478262,Close
GSIT,4561,2007-05-16,2025-07-01,3.450000047683716,1.4600000381469729,10.09000015258789,0.0007710368741513985,0.04835253134990607,0.7675726392738342,181943.08265731198,Close
GSK,11374,1980-05-15,2025-07-01,38.95000076293945,0.1090875715017318,43.84719467163086,0.0006559156228443995,0.016984364574368364,0.26961842904140454,2019972.155793916,Close
GSL,4212,2008-10-02,2025-07-01,26.170000076293945,2.002480745315552,42.21184539794922,0.0006850243467608986,0.038004919787562236,0.6033093981290844,181139.66666666666,Close
GSM,3972,2009-09-16,2025-07-01,3.9700000286102295,0.3631706237792969,21.50421905517578,0.0006788296925512537,0.040380805093111226,0.6410254081016563,905998.5146022155,Close
GT,15948,1962-02-16,2025-07-01,10.65999984741211,1.1177600622177124,56.79072952270508,0.0004002710138634464,0.02414399768626548,0.383274081196664,1778072.2723852522,Close
GTBP,1793,2018-05-14,2025-07-01,3.400000095367432,1.7450000047683716,1402.5,-0.00013544689415173315,0.0817534038494424,1.297795052511931,87006.78360290016,Close
GTE,4878,2006-02-09,2025-07-01,4.820000171661377,1.7999999523162842,95.4000015258789,0.0004687318285947025,0.04397785493761441,0.6981268041540103,235771.18081180812,Close
GTEC,1700,2018-09-25,2025-07-01,2.009999990463257,1.190000057220459,15.850000381469728,0.0017224516745955839,0.08241790630641166,1.3083437019923234,492519.23529411765,Close
GTES,1835,2018-03-14,2025-07-01,23.3799991607666,6.050000190734863,23.51000022888184,0.00047778221003948667,0.02575906904580977,0.40891254419852713,1139171.9346049046,Close
GTI,838,2022-02-28,2025-07-01,0.1040000021457672,0.0640000030398368,12.489999771118164,-0.000517715348930976,0.11743318024454598,1.8641939435669515,3222794.8687350834,Close
GTIM,8270,1992-08-25,2025-07-01,1.7999999523162842,0.449999988079071,52.5,0.0014588095744524185,0.06198478080675607,0.9839778905131569,19261.16698911729,Close
GTLB,898,2021-12-01,2025-07-01,45.5099983215332,26.770000457763672,94.83999633789062,0.00034462618029752046,0.04909745476649643,0.7793979319103542,2333531.5144766145,Close
GTLS,4730,2006-09-12,2025-07-01,162.60000610351562,5.260000228881836,239.47000122070312,0.0012154929898174356,0.036964276942160916,0.5867897050936611,447162.79069767444,Close
GTM,1242,2020-07-22,2025-07-01,10.079999923706056,7.409999847412109,77.3499984741211,-0.00041471394534730113,0.038163544628077174,0.6058274894076432,4979211.5136876,Close
GTN,5712,2002-10-17,2025-07-01,4.639999866485596,0.1502713859081268,21.291746139526367,0.0009326048068449636,0.04440242730881395,0.7048666816004682,614678.8515406162,Close
GTX,1673,2018-11-01,2025-07-01,10.720000267028809,1.3238922357559204,19.12727928161621,0.0006563624919734134,0.041380246890891335,0.6568910547825132,864585.5947399881,Close
GTY,13119,1973-06-20,2025-07-01,28.01000022888184,0.019013961777091,31.763145446777344,0.0007977296703492418,0.023884343998193773,0.37915220668283317,74264.14886805396,Close
GUG,869,2022-01-12,2025-07-01,15.619999885559082,9.801278114318848,15.729999542236328,0.00022162815492878006,0.011958329247908727,0.18983259171477934,93280.43728423475,Close
GURE,4668,2006-12-08,2025-07-01,0.7300000190734863,0.5099999904632568,73.69999694824219,0.0009313730332305138,0.05918471879815651,0.9395282841312703,48795.13496143959,Close
GUT,6501,1999-08-26,2025-07-01,5.829999923706055,2.109805107116699,6.735172748565674,0.000230232639161251,0.01675821074555369,0.26602834830687233,85768.80479926165,Close
GVA,8831,1990-06-07,2025-07-01,92.5999984741211,2.8670966625213623,99.74049377441406,0.0006954745377970017,0.026234356505940644,0.41645749872317,318686.5533914619,Close
GWAV,2540,2015-05-27,2025-07-01,0.19200000166893,0.1360000073909759,91800.0,-0.00020959189430818775,0.10152751832699258,1.6116993883366493,538345.2818897638,Close
GWH,1095,2021-02-22,2025-07-01,1.3200000524520874,0.8199999928474426,357.0,-0.0017419546707667952,0.07941853089657207,1.2607300934545755,117419.52146118722,Close
GWRE,3345,2012-03-13,2025-07-01,231.2899932861328,22.770000457763672,257.3699951171875,0.0009380472978962234,0.022163664141442465,0.35183726076129995,613876.173393124,Close
GWRS,2274,2016-06-15,2025-07-01,10.420000076293944,5.75250244140625,18.694215774536133,0.0004679844914245595,0.021138043224434987,0.3355560334463331,27175.549692172382,Close
GWW,13169,1973-04-09,2025-07-01,1052.1199951171875,1.017953395843506,1215.858154296875,0.0006205660117183015,0.01714774562957317,0.2722120228874719,345302.2097349837,Close
GXO,957,2021-09-08,2025-07-01,49.45000076293945,31.530000686645508,103.56999969482422,-0.00018407788011160506,0.02745555826485581,0.4358434756515151,1004478.2654127482,Close
GYRE,4802,2006-05-31,2025-07-01,7.460000038146973,0.8787923455238342,5698.24560546875,0.001192412805853917,0.0762243009401535,1.2100232648843583,25830.182632236567,Close
GYRO,7483,1995-10-05,2025-07-01,8.609999656677246,7.5,132.48077392578125,0.0002588078189367967,0.02603190687306002,0.41324371043345925,863.3793932914606,Close
H,3903,2009-12-23,2025-07-01,145.38999938964844,27.771127700805664,165.97056579589844,0.0006173878546185865,0.020385542049755904,0.32361044762942415,605977.6325903152,Close
HAE,8564,1991-06-27,2025-07-01,76.31999969482422,6.1875,139.47999572753906,0.0005248321008347886,0.021488420522865405,0.3411181006264704,349396.2400747314,Close
HAFC,7829,1994-05-24,2025-07-01,25.479999542236328,3.988183736801148,116.43331146240234,0.0005934634107819014,0.029177030963889145,0.4631710075540912,98162.58244986588,Close
HAIN,7881,1994-03-09,2025-07-01,1.659999966621399,1.4500000476837158,70.1500015258789,0.00041244060636946004,0.02871108821790322,0.4557743957676514,870562.0860296916,Close
HAL,13349,1972-07-19,2025-07-01,21.209999084472656,1.246328830718994,60.37369918823242,0.0005370115169563365,0.02532825751804263,0.4020736232120572,6627919.5931530455,Close
HALO,5325,2004-05-03,2025-07-01,52.91999816894531,1.4299999475479126,70.13999938964844,0.0011610467887410935,0.037348547582919146,0.5928898124031995,952789.1643192489,Close
HAS,11383,1980-05-02,2025-07-01,76.98999786376953,0.0506250411272048,100.42152404785156,0.0008825266428196115,0.021952425347507274,0.34848394886528955,1023797.8950188878,Close
HASI,3037,2013-06-05,2025-07-01,27.40999984741211,5.761791229248047,57.13905715942383,0.0008062096872717295,0.02483452188555056,0.39423581303014604,587560.0592690154,Close
HAYW,1048,2021-04-29,2025-07-01,14.15999984741211,8.130000114440918,27.549999237060547,9.500151983900665e-05,0.027873773447416938,0.4424824358569244,1612047.0419847327,Close
HBAN,11383,1980-05-02,2025-07-01,17.18000030517578,0.4255507886409759,17.669689178466797,0.000659191337204046,0.026106758691198297,0.41443194620930873,5537817.303698498,Close
HBANM,986,2021-07-28,2025-07-01,22.299999237060547,14.42860507965088,24.45093536376953,0.00018397857394027812,0.0134001757683424,0.2127211956455272,15112.778904665314,Close
HBANP,1075,2021-03-22,2025-07-01,17.420000076293945,12.517786026000977,21.181297302246094,1.0491865245898255e-05,0.014819190336968586,0.2352473535777021,62198.88372093023,Close
HBB,1918,2017-11-10,2025-07-01,18.010000228881836,5.993613243103027,30.79143524169922,0.0004818778621388328,0.03684021559684959,0.5848202922916019,40283.52450469239,Close
HBCP,4175,2008-11-24,2025-07-01,53.2400016784668,7.163099765777588,53.2400016784668,0.0006265827777390423,0.01838629481855225,0.2918733817308283,16047.11377245509,Close
HBI,4701,2006-10-23,2025-07-01,4.659999847412109,1.0771318674087524,26.488025665283203,0.00042388596957407726,0.02854340991445145,0.45311258522048375,5159297.383535418,Close
HBIO,6075,2001-05-04,2025-07-01,0.449999988079071,0.2800000011920929,10.765731811523438,0.0003516397293509129,0.04091652039962582,0.6495296249490665,266293.78288065846,Close
HBM,4087,2009-04-02,2025-07-01,10.630000114440918,1.3441920280456543,17.330686569213867,0.0008645331326833616,0.03639693586750681,0.5777834447411397,1003428.7007585026,Close
HBNC,5874,2002-02-27,2025-07-01,15.869999885559082,1.2527315616607666,20.126338958740234,0.0006329159412801653,0.020436898070970377,0.3244256991921797,67896.30149812734,Close
HBT,1404,2019-11-27,2025-07-01,25.94499969482422,7.487207889556885,25.94499969482422,0.0006917020290594832,0.023246907829616987,0.3690332212104411,39458.04843304843,Close
HCA,3566,2011-04-27,2025-07-01,389.5299987792969,13.199344635009766,412.9236450195313,0.001005867033335995,0.02105221713288991,0.3341935864809595,2391485.4178351094,Close
HCAT,1459,2019-09-11,2025-07-01,4.050000190734863,3.5799999237060547,58.63999938964844,-0.0006461656596239867,0.039617098194615535,0.6289019369338721,593583.1391363948,Close
HCC,2032,2017-06-01,2025-07-01,44.38999938964844,5.731006145477295,74.52452087402344,0.0015017896047772935,0.0328845040787315,0.5220253186800765,816782.0866141733,Close
HCI,4192,2008-10-30,2025-07-01,146.47999572753906,2.574694395065308,171.27999877929688,0.001285078501273561,0.027157637076801515,0.43111412340818367,95425.26240458015,Close
HCKT,6783,1998-07-15,2025-07-01,25.420000076293945,1.115384817123413,31.908559799194336,0.0008001560404980292,0.0387371718394293,0.6149335390866264,174567.0942061035,Close
HCM,2304,2016-05-03,2025-07-01,15.40999984741211,7.650000095367432,42.93999862670898,0.0008193649414196163,0.038517151039900624,0.6114408171737397,201712.97743055556,Close
HCSG,10446,1984-01-17,2025-07-01,15.529999732971191,0.2081556767225265,47.293548583984375,0.0008011850245504517,0.02778895076898159,0.44113591758085446,387957.15336013783,Close
HCTI,899,2021-11-30,2025-07-01,0.0270000007003545,0.006000000052154,24.549999237060547,0.0010667657830570787,0.14394731802906355,2.285092832397759,26264034.171301447,Close
HCWB,959,2021-09-03,2025-07-01,3.75,3.75,189.1999969482422,0.00048206369548052335,0.1301832507100977,2.066595037469348,78603.57664233577,Close
HCXY,1665,2018-11-13,2025-07-01,25.030000686645508,13.250797271728516,25.290000915527344,0.0003457265670005327,0.011660233970529945,0.1851004758890969,2896.2162162162163,Close
HD,11000,1981-11-06,2025-07-01,373.1600036621094,0.0225276332348585,426.0023193359375,0.0011171708957562671,0.022498602475856267,0.3571542419857066,7342543.9772727275,Close
HDB,5989,2001-09-06,2025-07-01,76.70999908447266,1.050355315208435,81.65484619140625,0.0009512769935090838,0.024045204287701807,0.38170578461401783,2124314.3429620974,Close
HDSN,7684,1994-12-19,2025-07-01,8.260000228881836,0.3100000023841858,26.125,0.0017265095104888287,0.060343993024998065,0.9579311919645669,200276.1452368558,Close
HE,13169,1973-04-09,2025-07-01,11.170000076293944,0.471204936504364,46.45580291748047,0.0003088295523504175,0.01555035376847824,0.24685421322281703,350644.72625104414,Close
HEI,11383,1980-05-02,2025-07-01,321.510009765625,0.0854481384158134,328.0,0.0009866716147563263,0.02479399802946853,0.39359251675799545,311563.08117368,Close
HELE,12315,1976-08-24,2025-07-01,31.06999969482422,0.0416669994592666,262.8900146484375,0.0008748460137027442,0.03165546994513979,0.502515006658316,196537.8156719448,Close
HEPS,971,2021-08-18,2025-07-01,2.789999961853028,0.6079999804496765,12.020000457763672,-0.00033911331034719406,0.048900082484978076,0.7762647440747843,729214.7270854788,Close
HEQ,3511,2011-07-15,2025-07-01,10.649999618530272,3.691621780395508,10.649999618530272,0.0002653447164857382,0.01134258353356289,0.18005793152870192,45946.05525491313,Close
HES,11383,1980-05-02,2025-07-01,141.14999389648438,2.737074136734009,162.23887634277344,0.0005913197045425649,0.023687158795534374,0.37602198863208136,2224456.4526047613,Close
HESM,2038,2017-05-23,2025-07-01,37.959999084472656,4.098694801330566,43.0492057800293,0.0008356780967475252,0.02543439598559383,0.40375851915012506,431588.07654563297,Close
HFBL,4504,2007-08-07,2025-07-01,13.220000267028809,2.0906729698181152,19.49124526977539,0.000571669118166102,0.023602766472335092,0.3746823020335916,3037.1225577264654,Close
HFFG,1931,2017-10-24,2025-07-01,3.299999952316284,1.7000000476837158,34.810001373291016,0.0003845169309672448,0.04403360485967526,0.6990118067303157,74626.46297255308,Close
HFRO,1889,2017-12-22,2025-07-01,5.260000228881836,4.367461204528809,9.2385835647583,-0.00013483413534459712,0.014353418839940324,0.22785346028418785,269457.96717840125,Close
HFWA,6797,1998-06-24,2025-07-01,24.809999465942383,3.6616387367248535,30.53989028930664,0.000374375942596134,0.019509047293139313,0.30969652472066667,75003.39855818743,Close
HGBL,8092,1993-05-10,2025-07-01,2.190000057220459,0.0599999986588954,363.125,0.006314070119449302,0.12745504731275906,2.0232861511771905,22945.399777558083,Close
HGLB,1560,2019-04-17,2025-07-01,8.710000038146973,2.0910861492156982,8.961016654968262,0.0003983448231995949,0.017901366109369644,0.2841753771222718,98350.0,Close
HGTY,993,2021-07-19,2025-07-01,10.149999618530272,7.570000171661377,18.799999237060547,0.00043760611628957535,0.02910300280622443,0.4619958469829085,128570.49345417926,Close
HGV,2101,2017-02-22,2025-07-01,43.119998931884766,10.529999732971191,55.0,0.0005457754890208856,0.02717720906651809,0.4314248191129003,894625.7020466444,Close
HHH,3651,2010-12-23,2025-07-01,68.2300033569336,35.56720733642578,152.52621459960938,0.0003168181215683684,0.02203106130094255,0.3497322559266787,238125.22569159133,Close
HHS,7934,1993-12-22,2025-07-01,3.900000095367432,1.1699999570846558,210.48443603515625,0.00020544783934682762,0.029987489683728115,0.4760366408775573,22488.822157801864,Close
HI,4310,2008-05-14,2025-07-01,20.989999771118164,8.713815689086914,50.57353210449219,0.0003366903067591251,0.0213633880987127,0.33913327242570485,319596.9837587007,Close
HIFS,9171,1989-02-01,2025-07-01,261.3999938964844,0.5352980494499207,414.9775695800781,0.0008646446911176881,0.026912618507243514,0.42722457419832416,4095.6220695671136,Close
HIG,7400,1996-02-02,2025-07-01,126.5999984741211,2.6438968181610107,131.14266967773438,0.0007761592753406939,0.031437381800564164,0.4990529646916844,3183346.0,Close
HIHO,7150,1997-01-29,2025-07-01,1.649999976158142,0.1355612128973007,4.3048834800720215,0.001821426016662694,0.06516883499518797,1.0345231837744233,22466.013986013986,Close
HII,3558,2011-05-09,2025-07-01,246.30999755859372,18.433738708496094,287.5486145019531,0.0007364788845768197,0.017806262008416125,0.28266564632355945,355094.6037099494,Close
HIMS,1424,2019-10-30,2025-07-01,47.959999084472656,3.109999895095825,68.73999786376953,0.0022416928452171185,0.04765236262604772,0.7564578053591463,6055224.578651685,Close
HIMX,4810,2006-05-18,2025-07-01,8.930000305175781,0.4508814215660095,12.403037071228027,0.0009436466543758036,0.03850887415713876,0.6113094257332272,2181936.8191268193,Close
HIO,7926,1994-01-04,2025-07-01,3.990000009536743,0.6027413010597229,3.990000009536743,0.0002859927156576409,0.011551872271608143,0.1833802872471476,239286.083774918,Close
HIPO,1090,2021-03-01,2025-07-01,28.0,6.900000095367432,295.375,-0.0010906328037654075,0.046541539632680866,0.7388240370127801,129074.60917431193,Close
HITI,1091,2021-02-26,2025-07-01,2.299999952316284,1.0399999618530271,10.904999732971191,-0.0003724366436554722,0.04192038498960932,0.6654654812795475,349106.4280476627,Close
HIVE,3591,2011-03-22,2025-07-01,2.069999933242798,0.1000000014901161,26.850000381469727,0.003946669192766848,0.14854347020365807,2.358054486248474,1046637.2041214147,Close
HIW,7786,1994-07-26,2025-07-01,31.26000022888184,2.859457015991211,37.40815734863281,0.0005033107379230715,0.020292334714833993,0.3221308270580013,587479.7328538402,Close
HIX,6786,1998-07-10,2025-07-01,4.340000152587891,0.610546886920929,4.85747766494751,0.0003381353495876045,0.012871376942358232,0.204326774522705,239129.44297082227,Close
HL,11383,1980-05-02,2025-07-01,5.96999979019165,0.463991105556488,31.78333282470703,0.0006933055091994711,0.039614928040145166,0.628867486799661,3358869.212861284,Close
HLF,5134,2005-02-03,2025-07-01,9.25,2.779532194137573,61.470001220703125,0.0006542862366708467,0.030350628717880055,0.48180129433179464,2915600.8765095444,Close
HLI,2452,2015-09-30,2025-07-01,181.5500030517578,17.14664077758789,188.64112854003903,0.0011080140881623303,0.017106210084493544,0.2715526665503707,306905.6688417618,Close
HLIO,7131,1997-02-26,2025-07-01,34.88999938964844,0.97640860080719,111.42847442626952,0.0008821127087266825,0.03038056703757005,0.4822765504232199,110919.58126489974,Close
HLIT,7544,1995-07-11,2025-07-01,9.81999969482422,1.0299999713897705,152.375,0.0010233235068592545,0.04504905831171641,0.7151316305426934,979993.9819724284,Close
HLLY,1119,2021-01-15,2025-07-01,2.0999999046325684,1.7699999809265137,14.520000457763672,-0.0005295351594995618,0.04177866544994716,0.6632157533323597,485257.81948168005,Close
HLMN,1115,2021-01-22,2025-07-01,7.5,6.550000190734863,13.34000015258789,-2.433115602586966e-05,0.023464977791904446,0.37249497454219616,1165898.4753363228,Close
HLNE,2063,2017-04-18,2025-07-01,144.7899932861328,15.679112434387209,199.53787231445312,0.0013385209545317262,0.022848720851797746,0.36271219889875644,230803.2961706253,Close
HLT,2871,2014-01-31,2025-07-01,268.9599914550781,33.56486892700195,273.1306457519531,0.000808250991700558,0.018003098564499602,0.28579032978149926,2594686.096482062,Close
HLX,7011,1997-08-18,2025-07-01,6.420000076293945,1.0,46.84000015258789,0.0007320949955511037,0.038456871878016725,0.6104839151442344,1403469.8901725858,Close
HMC,11383,1980-05-02,2025-07-01,29.200000762939453,0.6207990050315857,37.68000030517578,0.0005185421566219562,0.019099194469812435,0.303190312852703,536052.6223315471,Close
HMN,8432,1992-01-06,2025-07-01,43.040000915527344,3.1605498790740967,43.63018798828125,0.0004994661210613609,0.02172706887139475,0.3449065257124999,177145.7542694497,Close
HMST,3333,2012-03-29,2025-07-01,13.100000381469728,4.440401554107666,52.082122802734375,0.0004095657373861763,0.02734388476332247,0.4340707137729571,167537.41374137413,Close
HMY,7801,1994-07-05,2025-07-01,13.979999542236328,0.4809284806251526,17.989999771118164,0.0008989555255685105,0.03837929526496071,0.6092524245900289,2763013.267529804,Close
HNI,11383,1980-05-02,2025-07-01,51.15999984741211,0.6368457078933716,56.66451644897461,0.000643941978153153,0.02315733507017939,0.3676112977361349,152671.1938856189,Close
HNNA,5078,2005-04-26,2025-07-01,12.520000457763672,0.5228087902069092,16.704069137573242,0.0008914651975861915,0.03657351787232127,0.5805865971656294,8797.829460417488,Close
HNNAZ,891,2021-12-10,2025-07-01,24.75,19.687135696411133,24.850000381469727,0.00020852608429302262,0.009800963204772382,0.15558546749233407,1060.4938271604938,Close
HNRG,7829,1994-05-24,2025-07-01,15.34000015258789,0.4623284637928009,19.399999618530277,0.002746895883757965,0.07961531414570434,1.2638539306908991,86554.41946608762,Close
HNST,1012,2021-06-21,2025-07-01,5.079999923706055,1.100000023841858,16.43000030517578,-3.243098416311975e-05,0.04632628463739071,0.7354069698967673,1545222.8260869565,Close
HNW,4519,2007-07-17,2025-07-01,12.550000190734863,1.8421454429626465,12.550000190734863,0.00032768030336341334,0.011659754801729622,0.18509286932020683,31690.086302279266,Close
HOFT,5757,2002-08-14,2025-07-01,11.279999732971191,3.305248260498047,38.85073471069336,0.000585998932454943,0.028216551088805362,0.44792386222156677,57634.86190724336,Close
HOG,9789,1986-08-22,2025-07-01,25.049999237060547,0.1408110857009887,56.53763198852539,0.0008226321753690487,0.02551616582342547,0.40505657508401666,1964299.0908162224,Close
HOLO,946,2021-09-23,2025-07-01,4.795000076293945,4.25,103680.0,0.007143810883231324,0.3789688147169701,6.015943430340105,290319.9355179704,Close
HOLX,8866,1990-04-18,2025-07-01,65.33000183105469,0.453125,87.66999816894531,0.0009167470989950734,0.032506612068825824,0.5160264689961839,1777421.125648545,Close
HOMB,4752,2006-08-10,2025-07-01,29.36000061035156,2.42568039894104,31.674304962158203,0.0007062601121705183,0.022052674170227254,0.35007534959015396,598841.425925926,Close
HON,15948,1962-02-16,2025-07-01,238.7700042724609,0.4606602787971496,238.7700042724609,0.0005096747998749485,0.018252690601545937,0.28975248053697894,2062070.8043641837,Close
HONE,2230,2016-08-17,2025-07-01,11.979999542236328,5.871768951416016,14.22347640991211,0.00043701033092831865,0.019648372882399772,0.3119082498833709,178778.44932735426,Close
HOOD,952,2021-09-15,2025-07-01,92.33000183105467,6.889999866485596,93.62999725341795,0.0017881830769500048,0.04286606963894202,0.6804777596845013,17310319.43277311,Close
HOOK,1526,2019-06-06,2025-07-01,1.25,0.7400000095367432,195.1000061035156,-0.0012335468085306147,0.05574719897851608,0.8849593487135251,79487.89646133683,Close
HOPE,6865,1998-03-18,2025-07-01,11.149999618530272,0.9899144768714904,15.686381340026855,0.0006671421349854002,0.026965154733472198,0.4280585609348617,393819.0495265841,Close
HOTH,1569,2019-04-04,2025-07-01,1.2200000286102295,0.5899999737739563,202.5,0.0001897405289975029,0.09309270284246357,1.477800843575966,799738.6233269599,Close
HOUR,839,2022-02-25,2025-07-01,1.590000033378601,0.8399999737739563,5.360000133514404,0.002326618768489962,0.0928076651990486,1.4732760112633585,382548.3909415971,Close
HOUS,3164,2012-11-30,2025-07-01,3.740000009536743,2.289999961853028,51.19644546508789,-9.477564722318016e-05,0.03471619244062401,0.5511024699897097,1752610.208596713,Close
HOV,10504,1983-10-24,2025-07-01,114.16999816894533,5.429999828338623,1829.75,0.0009301543328984307,0.04059870468529604,0.6444844568918768,59947.16679360244,Close
HOVNP,4893,2006-01-19,2025-07-01,16.229999542236328,0.2786085605621338,17.260000228881836,0.0012992938844304793,0.052030413985400294,0.8259572161026375,11716.758634784386,Close
HOWL,1014,2021-06-17,2025-07-01,1.0499999523162842,0.6299999952316284,20.309999465942383,-0.0004601874648817208,0.06569866018203467,1.0429338978708316,276291.4201183432,Close
HP,11235,1980-12-03,2025-07-01,15.920000076293944,1.10526442527771,69.93551635742188,0.000496545672524201,0.027031891712560496,0.42911797763437787,953754.5705384958,Close
HPE,2406,2015-12-04,2025-07-01,20.479999542236328,5.379115581512451,24.0484676361084,0.0007362091757948065,0.022727476960235308,0.3607875117883971,13282589.09019119,Close
HPF,5651,2003-01-15,2025-07-01,15.859999656677246,1.7921432256698608,17.75646209716797,0.0003921719239370678,0.01639240273546701,0.26022132617316374,51823.34100159264,Close
HPI,5494,2003-08-29,2025-07-01,15.949999809265137,1.7496707439422607,18.06134986877441,0.0004099656013029769,0.01717367295987375,0.2726236064962829,64752.62104113578,Close
HPK,1750,2018-07-16,2025-07-01,9.9399995803833,4.042827129364014,36.737735748291016,0.0008925143111776292,0.04161170364802779,0.6605653168944045,224526.91428571427,Close
HPKEW,1749,2018-07-17,2025-07-01,0.4000000059604645,0.3499999940395355,25.90999984741211,0.004818696097111326,0.11623940099545009,1.8452432854864487,12342.88164665523,Close
HPP,3745,2010-08-11,2025-07-01,2.740000009536743,1.8600000143051147,30.79610061645508,-6.503205544332387e-05,0.02393535953334767,0.3799620531969417,1293926.5687583445,Close
HPQ,15948,1962-02-16,2025-07-01,25.5,0.017619689926505,38.1451416015625,0.0006666757483430353,0.02258465910773765,0.3585203486654624,14371710.924692752,Close
HPS,5513,2003-08-04,2025-07-01,14.289999961853027,1.466795802116394,16.146089553833008,0.00037981648111898314,0.016383657076927315,0.2600824931478786,73757.46417558499,Close
HQH,9588,1987-06-10,2025-07-01,15.729999542236328,0.2062651515007019,18.39583778381348,0.0005404144750982934,0.017572985341280132,0.27896249403606443,77069.81643721319,Close
HQI,5435,2003-11-21,2025-07-01,10.06999969482422,0.5537810921669006,96.9116668701172,0.002148508524232294,0.06878472268446528,1.09192362134183,8218.929714811407,Close
HQL,8317,1992-06-18,2025-07-01,12.90999984741211,0.5204169154167175,14.845921516418455,0.0004536124452800235,0.016803792777421278,0.26675194063032026,56678.718287844174,Close
HQY,2713,2014-09-17,2025-07-01,102.88999938964844,15.869999885559082,114.51000213623048,0.0010078190120271669,0.02836629309715325,0.45030094291101397,659038.4445263545,Close
HR,8046,1993-07-15,2025-07-01,15.8100004196167,2.0547444820404053,27.908979415893555,0.0004208790059091077,0.018624527372840146,0.29565520628790104,779089.4730300771,Close
HRB,13169,1973-04-09,2025-07-01,55.77999877929688,0.0546611286699771,64.91162872314453,0.0006933952798643539,0.021649857413792016,0.34368083182141007,1871440.435872124,Close
HRI,4650,2007-01-08,2025-07-01,138.57000732421875,4.346164703369141,236.39280700683597,0.0009543279505804747,0.03819573986477951,0.6063385729459346,1098793.2451612903,Close
HRL,11383,1980-05-02,2025-07-01,30.700000762939453,0.0993811413645744,49.89613342285156,0.0006222395093799431,0.016047752471559467,0.2547501728476109,1242020.7151014672,Close
HRMY,1189,2020-10-06,2025-07-01,32.029998779296875,19.200000762939453,60.90999984741211,0.0005599584664166299,0.03335013878508642,0.5294170404889708,495298.40201850294,Close
HROW,4434,2007-11-14,2025-07-01,30.770000457763672,0.75,131.60000610351562,0.0036622082253502117,0.09165817574782596,1.4550284319275952,153925.63351375732,Close
HROWL,1009,2021-06-24,2025-07-01,25.524999618530277,17.97511100769043,25.589000701904297,0.0003206277946326698,0.006511662598541259,0.10336943914380477,7667.88899900892,Close
HRTG,2760,2014-07-11,2025-07-01,23.649999618530277,1.3200000524520874,26.020000457763672,0.0008093988307656577,0.034652518782312715,0.5500916819999653,230569.6739130435,Close
HRTX,9501,1987-10-13,2025-07-01,2.1700000762939453,0.5400000214576721,1270.0,0.0006546212888430871,0.050415325072199445,0.8003184744451153,424812.84191137773,Close
HRZN,3656,2010-12-16,2025-07-01,7.230000019073486,2.992835283279419,12.117254257202148,0.000418987906907834,0.019756988136068458,0.31363246358214414,132738.53938730853,Close
HSBC,6497,1999-09-01,2025-07-01,60.27000045776367,9.837900161743164,61.09000015258789,0.0003368878440031556,0.016987950685604283,0.2696753567924289,1728829.7368016008,Close
HSDT,2672,2014-11-13,2025-07-01,8.595000267028809,8.595000267028809,26135170.0,-0.002319260752355291,0.08049858610133499,1.2778754382987174,3256.123877245509,Close
HSIC,7429,1995-12-21,2025-07-01,74.4800033569336,2.120098114013672,91.95999908447266,0.0005932491238313295,0.02096076895961118,0.33274189173487956,1523908.637770898,Close
HSII,6553,1999-06-14,2025-07-01,46.5,7.1834235191345215,49.67975234985352,0.0006589954653950822,0.0289187088828321,0.45907027164628955,143105.53944758125,Close
HSON,5576,2003-05-05,2025-07-01,8.59000015258789,6.619999885559082,267.2928771972656,0.00030888029934167345,0.037276665484264386,0.5917487194626521,11142.446197991392,Close
HST,11383,1980-05-02,2025-07-01,15.869999885559082,0.1749222576618194,19.60074234008789,0.0006851799394222942,0.024125565656548754,0.3829814817959324,3809384.3832908724,Close
HSTM,6310,2000-05-30,2025-07-01,27.729999542236328,0.7121779322624207,37.47005462646485,0.001135663013463781,0.04048506585292575,0.6426804963534876,90679.66719492868,Close
HSY,11383,1980-05-02,2025-07-01,175.80999755859375,0.3592089712619781,259.92755126953125,0.000664255253447547,0.015505724199643505,0.24614574078127652,918689.941140297,Close
HTB,3229,2012-08-27,2025-07-01,38.0,11.424510955810549,38.02029800415039,0.0005361784337955057,0.017935610044795377,0.28471898274456364,51109.662434190155,Close
HTBK,6747,1998-09-03,2025-07-01,10.239999771118164,1.5328949689865112,16.070924758911133,0.0004676552334632258,0.02841604649005513,0.4510907535380143,100159.00622498889,Close
HTCO,911,2021-11-11,2025-07-01,0.1879999935626983,0.1850000023841858,10.270000457763672,-0.00026243806847704406,0.0853001717108933,1.3540982468287839,214851.0428100988,Close
HTCR,816,2022-03-30,2025-07-01,0.4199999868869781,0.3993296921253204,3.636752843856812,0.0012742720240263986,0.09155346836249698,1.4533662537155214,530831.0049019608,Close
HTD,5339,2004-04-13,2025-07-01,23.549999237060547,1.4705688953399658,23.598363876342773,0.00046114805409217235,0.014376112384302312,0.22821370913267844,100371.97977149278,Close
HTFB,1028,2021-05-27,2025-07-01,24.920000076293945,20.032230377197266,25.0,0.0001870906828370153,0.006745443891735867,0.10708060212163682,2074.3190661478598,Close
HTGC,5014,2005-07-27,2025-07-01,18.34000015258789,0.7071231603622437,20.9455509185791,0.0006872651583990001,0.02085687864051289,0.33109268404711223,525175.7479058636,Close
HTH,5343,2004-04-06,2025-07-01,31.31999969482422,6.037245273590088,36.18342590332031,0.00034308766730057385,0.019822478151749416,0.31467208535124136,355126.55811341945,Close
HTHT,3807,2010-05-13,2025-07-01,33.43000030517578,2.3935205936431885,56.74435424804688,0.0010651244119131806,0.03010513924400258,0.47790426974761135,1211597.8986078277,Close
HTLD,9704,1986-12-23,2025-07-01,8.930000305175781,0.1679655313491821,25.58411407470703,0.0006194492307676222,0.023121700568700825,0.3670456175620986,376905.3477947238,Close
HTO,13349,1972-07-19,2025-07-01,53.36000061035156,0.174178197979927,78.27725982666016,0.0005427409315750664,0.01643601884220311,0.26091371040264716,40989.737058955725,Close
HTOO,1110,2021-01-29,2025-07-01,0.2090000063180923,0.1930000036954879,21.149999618530277,-0.0018394852304132031,0.0724710891787761,1.1504428752541542,531126.7567567568,Close
HTOOW,1109,2021-02-01,2025-07-01,0.0109999999403953,0.0049999998882412,9.359999656677246,0.004556096692378501,0.16064808704459502,2.5502093215095347,20819.477006311994,Close
HTZ,971,2021-08-18,2025-07-01,7.050000190734863,2.619999885559082,35.060001373291016,0.0003601271179093763,0.04948404634411878,0.7855348829503993,5573171.163748712,Close
HUBB,13222,1972-11-10,2025-07-01,410.510009765625,0.5124235153198242,467.5191345214844,0.001088904248764381,0.07822081090690128,1.2417168780568169,141309.46195734382,Close
HUBC,843,2022-02-18,2025-07-01,1.825000047683716,1.825000047683716,1236.0,-0.002494448451902253,0.10885728694221587,1.728055857877812,144796.83867141162,Close
HUBG,7340,1996-04-30,2025-07-01,35.060001373291016,0.5069679021835327,52.69394302368164,0.0007372907702053465,0.028220917187041696,0.44799317188236487,513688.3242506812,Close
HUBS,2664,2014-11-25,2025-07-01,557.8599853515625,27.520000457763672,852.0800170898438,0.0015000458075851038,0.03096127111608766,0.491494941885691,532130.2177177178,Close
HUDI,1082,2021-03-11,2025-07-01,1.2899999618530271,1.2699999809265137,180.0,0.005768934590984996,0.1580721768006653,2.509318014079164,267167.83733826247,Close
HUIZ,1320,2020-03-31,2025-07-01,2.0299999713897705,1.7000000476837158,65.0,-0.0005727892772828255,0.06336144529747074,1.0058317618003834,28238.575757575756,Close
HUM,10930,1982-02-18,2025-07-01,252.5800018310547,1.685110569000244,547.8262329101562,0.0007437105020582047,0.024414927490513754,0.3875749585054421,1154573.891125343,Close
HUMA,1117,2021-01-20,2025-07-01,2.2799999713897705,1.149999976158142,16.989999771118164,0.00020799158895244672,0.056014834424740194,0.889207929709934,1330841.8084153985,Close
HUN,5094,2005-04-04,2025-07-01,11.0600004196167,1.2148061990737915,35.593048095703125,0.0004566049988915971,0.030962078874850505,0.49150776465852597,2922913.506085591,Close
HURA,3075,2013-04-11,2025-07-01,2.470000028610229,1.8799999952316284,177625.0,0.00018896878968306563,0.09129088868568551,1.4491979305704243,35635.610081300816,Close
HURC,11269,1980-10-14,2025-07-01,19.799999237060547,1.0986796617507937,50.70829391479492,0.0007889104054576937,0.03924208374164657,0.6229487670502072,28114.988020232497,Close
HURN,5179,2004-11-30,2025-07-01,137.27999877929688,11.989999771118164,153.61000061035156,0.000765124757965777,0.026413644298211962,0.4193036041919283,191790.3649353157,Close
HUSA,5866,2002-03-11,2025-07-01,11.140000343322754,4.329999923706055,2555.0,0.002763152679242005,0.09946248876847157,1.5789180603655846,50498.60245482441,Close
HUT,1806,2018-04-25,2025-07-01,18.479999542236328,2.0299999713897705,79.5,0.0026245599950935144,0.07307628148275483,1.1600500052443419,1924024.396456257,Close
HUYA,1761,2018-06-28,2025-07-01,2.319999933242798,1.2189399003982544,26.8236026763916,-0.00017502067214964244,0.047001502174982814,0.746125716008796,2442892.3339011925,Close
HVT,11383,1980-05-02,2025-07-01,21.6299991607666,0.1987260580062866,38.84488296508789,0.0007586585646418198,0.026532589030602037,0.4211917932819199,84194.66748660283,Close
HWBK,6477,1999-09-30,2025-07-01,29.399999618530277,3.22380805015564,34.867435455322266,0.0005442260467084535,0.025002572806312986,0.3969035386937428,5500.840666975451,Close
HWC,8548,1991-07-22,2025-07-01,59.310001373291016,1.7211360931396484,60.02272415161133,0.0006700809454153409,0.022887006181808695,0.36331995967118247,276806.1008423023,Close
HWCPZ,1233,2020-08-04,2025-07-01,23.43000030517578,16.90917205810547,24.884763717651367,0.00021616327644002187,0.010255618399963284,0.16280289496488598,13661.151662611517,Close
HWKN,11382,1980-05-05,2025-07-01,144.1699981689453,0.3437348008155823,144.1699981689453,0.001081899390683028,0.03354381944864582,0.5324916257062116,32642.409066947814,Close
HWM,2144,2016-12-19,2025-07-01,176.22000122070312,10.460082054138184,186.1300048828125,0.0013555357579395017,0.02584118627234058,0.4102161147570563,3409148.7406716417,Close
HXL,11383,1980-05-02,2025-07-01,57.150001525878906,1.2324230670928955,82.45277404785156,0.0005758875859808506,0.029770238650286954,0.47258788763821474,383454.45401036635,Close
HY,3172,2012-11-19,2025-07-01,41.36000061035156,19.743389129638672,88.1694564819336,0.0004597042953134914,0.027137898240668545,0.4308007790987175,65910.52963430012,Close
HYFM,1110,2021-01-29,2025-07-01,3.5799999237060547,1.559999942779541,932.0,-0.0031048507511421174,0.05847743459036298,0.9283004954108802,62145.67567567567,Close
HYI,3658,2010-12-14,2025-07-01,11.970000267028809,4.83771276473999,11.979999542236328,0.0002487533295531868,0.0083444931471854,0.1324647221060116,76086.19464188081,Close
HYLN,1348,2020-02-20,2025-07-01,1.3700000047683716,0.5410000085830688,55.84999847412109,0.00019185596093434596,0.05867542492995125,0.931443494614143,2443084.7922848663,Close
HYMC,1804,2018-04-27,2025-07-01,3.140000104904175,1.7599999904632568,158.1999969482422,0.00023794611376542387,0.07805865606994024,1.239142749821906,344666.60753880267,Close
HYMCL,1156,2020-11-20,2025-07-01,0.0189999993890523,0.0070000002160668,2.299999952316284,0.007699802040769445,0.16016463609933626,2.5425347756760117,45279.58477508651,Close
HYPR,1078,2021-03-17,2025-07-01,0.6869999766349792,0.5450000166893005,10.920000076293944,-0.0007607976211134904,0.05929692464747953,0.9413094967690032,419350.27829313546,Close
HYT,5526,2003-07-16,2025-07-01,9.829999923706056,1.0769027471542358,9.829999923706056,0.00036939336904602245,0.011699186655733204,0.18571883059677294,309300.6152732537,Close
HZO,6779,1998-07-21,2025-07-01,26.68000030517578,1.190000057220459,66.4800033569336,0.0008114101275892618,0.03740041060543327,0.5937131123620746,216892.7865466883,Close
IAC,8136,1993-03-08,2025-07-01,38.880001068115234,0.1086872145533561,143.70494079589844,0.0011433469437077035,0.033169232881369824,0.5265452482973456,11027547.031588003,Close
IAE,4562,2007-05-15,2025-07-01,6.949999809265137,1.480128526687622,7.039999961853027,0.00026345362552456793,0.015626155845590073,0.24805753389221732,46360.19289785182,Close
IAF,9929,1986-02-03,2025-07-01,4.510000228881836,0.2334021180868148,4.510000228881836,0.0004396316799205505,0.019008822785427475,0.30175570683803526,48909.52764628865,Close
IAG,5494,2003-08-29,2025-07-01,7.28000020980835,0.9800000190734864,21.919233322143555,0.0007304219198610653,0.03665465572989217,0.5818746207239005,4690809.028030579,Close
IART,7485,1995-10-03,2025-07-01,13.25,1.5625,76.62999725341797,0.0005850601817329195,0.03240580209813756,0.5144261603234827,436929.7261189045,Close
IAS,972,2021-08-17,2025-07-01,8.399999618530273,6.380000114440918,26.399999618530277,-0.00013524951590993588,0.03541229816431665,0.5621528057763059,855802.2633744855,Close
IAUX,1020,2021-06-09,2025-07-01,0.6299999952316284,0.3499999940395355,3.0899999141693115,-0.0002762838273972133,0.04349619267441285,0.6904806527678751,2515720.3921568627,Close
IBCP,10000,1985-10-22,2025-07-01,33.599998474121094,0.705869734287262,172.30081176757812,0.0007379736685804498,0.032573583756395165,0.5170896115773286,39679.0797,Close
IBEX,1197,2020-09-24,2025-07-01,29.0,10.859999656677246,30.549999237060547,0.0013852991810113788,0.03192055565256059,0.5067231118060345,71068.25396825396,Close
IBIO,4210,2008-10-06,2025-07-01,0.75,0.699999988079071,29250.0,0.0018936349964935634,0.09855096874684348,1.5644481286118799,119640.1244655582,Close
IBKR,4536,2007-06-21,2025-07-01,56.31999969482422,1.9725580215454104,58.50356674194336,0.0008190639983462884,0.022023489283607773,0.34961205387793337,2809604.0343915345,Close
IBM,15948,1962-02-16,2025-07-01,291.20001220703125,0.7928858399391174,294.7799987792969,0.00046029678820594286,0.015870123758279207,0.2519304044413471,5079988.173125157,Close
IBN,6320,2000-05-15,2025-07-01,33.619998931884766,0.3683286607265472,34.38999938964844,0.0008842653678710767,0.02972518757561299,0.4718727239989137,7973610.170886076,Close
IBOC,7475,1995-10-17,2025-07-01,69.20999908447266,2.075745820999145,74.30187225341797,0.0007256376776185214,0.022751942548738684,0.3611758909655497,172029.97177257526,Close
IBP,2829,2014-04-02,2025-07-01,194.6699981689453,10.258893013000488,265.5576477050781,0.0013883670927478426,0.029455644779143624,0.46759386475603265,219091.55178508308,Close
IBRX,2464,2015-09-14,2025-07-01,2.569999933242798,0.9990000128746032,42.25,0.001533328002679553,0.06983052994043085,1.1085252968533803,1993994.4805194805,Close
ICAD,10182,1985-01-31,2025-07-01,3.7200000286102295,1.1399999856948853,133.75,0.001112985364415257,0.05294959637018175,0.8405487841004955,61256.5252406207,Close
ICCC,9580,1987-06-22,2025-07-01,6.619999885559082,0.40625,15.625,0.0018781481028182336,0.06596122110020992,1.0471019232318106,10086.66043841336,Close
ICCM,932,2021-10-13,2025-07-01,1.0199999809265137,0.5289999842643738,8.100000381469727,0.0004642740613940212,0.08377115499111976,1.3298258588829008,768656.9742489271,Close
ICE,4902,2006-01-05,2025-07-01,181.8600006103516,6.7696075439453125,183.47000122070312,0.000974550074593518,0.02421651460580574,0.3844252516063521,4849188.310893513,Close
ICFI,4685,2006-11-14,2025-07-01,87.16000366210938,12.751302719116213,175.2908172607422,0.0005866678919693068,0.021419400338282813,0.34002243916337455,108221.17395944503,Close
ICHR,2117,2017-01-30,2025-07-01,21.07999992370605,14.510000228881836,62.18000030517578,0.0008962163881935827,0.038972969778294946,0.6186767153220272,416678.8852149268,Close
ICL,5069,2005-05-09,2025-07-01,7.0,1.766255497932434,16.894317626953125,0.0005956819401344524,0.025649212216651698,0.4071686210998809,257019.86585125272,Close
ICLR,6791,1998-07-02,2025-07-01,148.8800048828125,3.0,346.20001220703125,0.0008237008831680642,0.02633021598074772,0.4179792207100627,369192.78456781036,Close
ICMB,2834,2014-03-26,2025-07-01,2.753999948501587,0.6837475895881653,3.541151762008667,0.00031742569530362894,0.02666579934225805,0.4233064414221872,36057.09774170783,Close
ICU,1044,2021-05-05,2025-07-01,0.4850000143051147,0.3319999873638153,308.75,-0.0026500477793961552,0.0806172204386317,1.2797587000193578,437329.72796934866,Close
ICUI,8339,1992-05-18,2025-07-01,134.9499969482422,3.555556058883667,309.75,0.0007999613397051153,0.02741394682029378,0.4351829144474834,128953.07890634368,Close
IDA,13169,1973-04-09,2025-07-01,115.62999725341795,1.4618018865585327,118.9499969482422,0.0003851552641622596,0.013270923284742796,0.21066937607787514,156190.9940010631,Close
IDAI,1060,2021-04-13,2025-07-01,2.7300000190734863,0.1650000065565109,95.0,0.013189027867850393,0.43112116035216674,6.8438362513765965,1615424.2641509434,Close
IDCC,10963,1981-12-31,2025-07-01,221.8500061035156,1.5654261112213137,234.6999969482422,0.0012932046162756755,0.04273012359636943,0.6783196831622785,390991.2250296452,Close
IDE,3844,2010-03-22,2025-07-01,11.640000343322754,3.522978544235229,11.6899995803833,0.0003435865048425883,0.013159111190207013,0.2088944141036096,69491.25910509886,Close
IDN,6408,2000-01-07,2025-07-01,5.170000076293945,0.8199999928474426,151.36000061035156,0.0010371424995201837,0.05568527022182955,0.8839762601783493,46941.18461298377,Close
IDR,6425,1999-12-14,2025-07-01,12.859999656677246,0.2939999997615814,18.90999984741211,0.004228554237464692,0.09289552937024365,1.474670811740168,13837.971517509728,Close
IDT,6034,2001-07-03,2025-07-01,69.0,0.3563360869884491,69.0,0.0009666266656501244,0.03913921541138386,0.6213157829322498,143404.9340404375,Close
IDXX,8535,1991-08-08,2025-07-01,542.6500244140625,0.84375,705.760009765625,0.001074966578502583,0.024935548717376535,0.39583956426668365,868977.9964850615,Close
IDYA,1502,2019-07-11,2025-07-01,21.1200008392334,3.0299999713897705,47.130001068115234,0.001813222362171752,0.04882754645750168,0.7751132703360137,491044.67376830895,Close
IEP,9525,1987-09-09,2025-07-01,8.3100004196167,0.9308304786682128,32.99750900268555,0.00047405001386907836,0.023401813241353344,0.37149226838759586,129547.93364829397,Close
IESC,6866,1998-03-17,2025-07-01,289.29998779296875,1.850000023841858,405.93499755859375,0.0009234716270700589,0.04223753839284984,0.6705001354741407,38943.06306437518,Close
IEX,9054,1989-07-20,2025-07-01,180.19000244140625,1.1919244527816772,241.79739379882807,0.0006599043291504345,0.01756881776418339,0.2788963358006585,293481.12569030264,Close
IFBD,1022,2021-06-07,2025-07-01,1.059999942779541,0.930999994277954,20280.0,-0.005125526380609089,0.09460248475160261,1.5017678883691234,101830.77005870841,Close
IFF,12708,1975-02-04,2025-07-01,75.08999633789062,1.5886026620864868,140.40257263183594,0.0004221054464166892,0.01734812938912183,0.2753930164547234,504053.1161473088,Close
IFN,7863,1994-04-05,2025-07-01,16.559999465942383,0.4984053671360016,18.3759822845459,0.00055719497585388,0.02053163415275637,0.32592958786772214,200264.75899783798,Close
IFRX,1888,2017-12-26,2025-07-01,0.800000011920929,0.7310000061988831,51.61000061035156,0.0008940865210680933,0.06576755737648836,1.0440276069261587,536000.8474576271,Close
IFS,1476,2019-08-16,2025-07-01,37.65999984741211,14.989812850952148,38.130001068115234,0.0004542365252063494,0.023914246471022742,0.3796268937229811,81194.71544715448,Close
IGA,4916,2005-12-14,2025-07-01,9.970000267028809,1.5281391143798828,10.039999961853027,0.0003679629744621904,0.013255027850025051,0.21041704387440865,62741.74125305126,Close
IGC,4773,2006-07-12,2025-07-01,0.3000000119209289,0.1400000005960464,59.400001525878906,0.0025487259846443777,0.10764616492357,1.708829891865663,857699.5265032474,Close
IGD,5065,2005-05-13,2025-07-01,5.829999923706055,1.1982908248901367,5.829999923706055,0.00028019059404874817,0.013815505979343131,0.2193143583472067,321697.8084896348,Close
IGI,3992,2009-08-18,2025-07-01,16.670000076293945,8.046969413757324,19.551088333129883,0.00022138376250134824,0.009711903850287494,0.1541716940689883,32636.072144288577,Close
IGIC,1784,2018-05-25,2025-07-01,23.40999984741211,4.671114444732666,26.38329696655273,0.0009303487220856206,0.02596163748644917,0.41212821850293907,58858.29596412556,Close
IGMS,1421,2019-11-04,2025-07-01,1.2899999618530271,1.0199999809265137,121.2300033569336,0.00047617182504323626,0.07075248161044957,1.1231608258915218,295682.7586206897,Close
IGR,5339,2004-04-13,2025-07-01,5.320000171661377,0.5418925881385803,6.326288223266602,0.00040070116915954385,0.019483200448042276,0.30928621877485246,388035.9056002997,Close
IGT,8849,1990-05-11,2025-07-01,16.290000915527344,0.1606675237417221,31.291215896606445,0.000843573262105188,0.027951236107656922,0.4437121174662554,3027808.6902474854,Close
IH,1153,2020-11-25,2025-07-01,2.640000104904175,1.1431492567062378,27.312763214111328,-0.0006902442843380683,0.05001498586849989,0.7939632866067633,33349.349522983524,Close
IHD,3532,2011-06-15,2025-07-01,5.889999866485596,2.32741117477417,5.949999809265137,0.00018195713031267323,0.012636347814432555,0.20059580278261865,71423.21630804078,Close
IHG,5559,2003-05-29,2025-07-01,117.31999969482422,5.047029972076416,133.59979248046875,0.0007060853561986996,0.020464953012350563,0.3248710575798105,151771.01888828925,Close
IHRT,1476,2019-08-16,2025-07-01,1.8600000143051147,0.859000027179718,27.93000030517578,-1.8793914360504817e-05,0.05120332654321185,0.8128276099954267,881869.1734417344,Close
IHS,898,2021-12-01,2025-07-01,6.340000152587891,2.380000114440918,14.329999923706056,-0.00016452691781936347,0.03695923850132969,0.5867097223250516,377848.77505567926,Close
IHT,13169,1973-04-09,2025-07-01,2.1700000762939453,0.480216920375824,11.12777614593506,0.0006343018241476823,0.03862692271384097,0.6131833884752121,31941.08892095072,Close
IIF,7860,1994-04-08,2025-07-01,28.209999084472656,0.6323542594909668,28.3700008392334,0.0005894932171622902,0.02077590467229477,0.32980726215166106,89834.93638676844,Close
III,4593,2007-03-30,2025-07-01,4.800000190734863,0.7905802130699158,8.327340126037598,0.00038844343081593597,0.029828574686816867,0.4735139435090027,130408.83953842804,Close
IIIN,8349,1992-05-04,2025-07-01,37.970001220703125,0.0915156155824661,39.31710052490234,0.0011138658560717561,0.03937097709522004,0.6249948856054344,100139.14241226495,Close
IIIV,1733,2018-08-08,2025-07-01,27.809999465942383,14.0,36.27000045776367,0.0008389064886967319,0.03076437783509775,0.48836935794777786,181724.40854010388,Close
IIM,8114,1993-04-07,2025-07-01,11.699999809265137,1.6525661945343018,13.903630256652832,0.00023222093735156632,0.008657502567617466,0.13743359261291382,78275.5237860488,Close
IINN,963,2021-08-30,2025-07-01,0.8140000104904175,0.4300000071525574,9.59000015258789,0.002448429493450482,0.12109126627915329,1.9222642590992476,1074979.5430944965,Close
IIPR,2123,2017-01-20,2025-07-01,56.68999862670898,9.888572692871094,212.37368774414065,0.0012057456399538198,0.03076868549183824,0.48843773987859046,286248.37494112103,Close
IKNA,1038,2021-05-13,2025-07-01,1.3200000524520874,1.0299999713897705,19.770000457763672,-0.000693702176706055,0.05857389503847089,0.9298317575531645,160533.14065510596,Close
IKT,1101,2021-02-11,2025-07-01,1.950000047683716,0.8100000023841858,46.97999954223633,-0.0008307515070819528,0.062353867358855466,0.9898369578878367,116200.72207084468,Close
ILLR,1455,2019-09-17,2025-07-01,0.7400000095367432,0.550000011920929,24.070247650146484,0.00046761429147016846,0.08129402763566525,1.2905026811926943,420643.23573883163,Close
ILMN,6235,2000-09-14,2025-07-01,98.1500015258789,0.8754860162734985,510.5447387695313,0.0009011968900236165,0.03551543706308337,0.5637900850361087,1413142.8834001604,Close
ILPT,1843,2018-03-02,2025-07-01,4.610000133514404,1.6510305404663086,26.56842803955078,-0.00017363223951699614,0.030861529663465885,0.48991159541144175,538493.6516549105,Close
IMAB,1337,2020-03-06,2025-07-01,2.3399999141693115,0.6200000047683716,84.43000030517578,0.00030876205583402075,0.05845882618863357,0.9280050961912458,484102.24382946896,Close
IMAX,7784,1994-07-28,2025-07-01,27.32999992370605,0.5799999833106995,43.220001220703125,0.0009182627266340026,0.036553186555347894,0.5802638475144015,573012.0375128469,Close
IMCC,1252,2020-07-08,2025-07-01,2.700000047683716,1.194000005722046,615.3599853515625,0.0015489325418384353,0.11068090873674316,1.7570049564003511,38213.20287539936,Close
IMCR,1072,2021-03-25,2025-07-01,32.84000015258789,18.940000534057617,75.36000061035156,0.0003834214449230877,0.03403127163074673,0.5402296892054602,291256.0634328358,Close
IMDX,2356,2016-02-18,2025-07-01,3.039999961853028,1.9600000381469729,154.0,0.0008219083839402523,0.07509929216810492,1.192164304282718,26440.685483870966,Close
IMG,1231,2020-08-06,2025-07-01,0.2790000140666961,0.277999997138977,1398.5999755859375,0.0008284786287334962,0.19411387920328485,3.0814623023875467,706649.2745735175,Close
IMKTA,9483,1987-11-06,2025-07-01,66.05000305175781,1.6089831590652466,98.92528533935548,0.0006284339512406339,0.023489371787740708,0.3728822172209915,55441.326584414215,Close
IMMP,3286,2012-06-06,2025-07-01,1.649999976158142,0.6700000166893005,21.833332061767575,0.0015851594586569764,0.08421051754441772,1.3368005231914253,379416.2477175898,Close
IMMR,6413,1999-12-31,2025-07-01,7.909999847412109,0.8983086943626404,66.80024719238281,0.0008685203209243091,0.04830560980533479,0.7668277828454344,320066.4899423047,Close
IMMX,854,2022-02-03,2025-07-01,2.190000057220459,0.75,7.269999980926514,0.0015066460659188085,0.06771877149409926,1.0750021707851793,468912.41217798594,Close
IMNM,1158,2020-11-18,2025-07-01,8.46500015258789,2.2100000381469727,43.2400016784668,0.0017415991644801157,0.06585788435506273,1.0454615032580845,377432.0379965458,Close
IMNN,6593,1999-04-16,2025-07-01,0.7799999713897705,0.4000000059604645,132580.234375,0.0008899465408084878,0.07731045728297739,1.2272654622926429,172716.1340816017,Close
IMO,11383,1980-05-02,2025-07-01,80.44000244140625,0.6107898950576782,81.91000366210938,0.0005329093701452153,0.01839252916274132,0.29197234887669943,394980.7432135641,Close
IMOS,5501,2003-08-20,2025-07-01,18.1200008392334,0.4384995996952057,34.79465103149414,0.0009252897697613509,0.03697980035123818,0.5870361315731714,108662.3912015997,Close
IMPP,862,2022-01-24,2025-07-01,3.059999942779541,1.2100000381469729,112.5,0.0013675392594781105,0.09132184325863879,1.4496893191822717,865128.6728538283,Close
IMPPP,862,2022-01-24,2025-07-01,24.670000076293945,12.358558654785156,24.905000686645508,0.0009124012793760958,0.015332939047746555,0.24340286152829343,2046.0556844547564,Close
IMRN,1993,2017-07-27,2025-07-01,1.7000000476837158,1.4809999465942385,20.0,0.004493015229559696,0.20359510600779004,3.231972111878669,219782.4887104867,Close
IMRX,951,2021-09-16,2025-07-01,3.440000057220459,1.0299999713897705,32.84000015258789,0.0003764427741121838,0.07294854648283192,1.1580222749832527,782308.6225026288,Close
IMTE,1949,2017-09-28,2025-07-01,1.0,0.5400000214576721,335.0,0.005423593836258982,0.2471258344190798,3.923001002473268,105140.09235505387,Close
IMTX,1613,2019-01-31,2025-07-01,5.539999961853027,3.5,17.0,0.00015388982770453958,0.03219822502119636,0.5111309763826979,311233.84996900184,Close
IMUX,2785,2014-06-05,2025-07-01,0.6899999976158142,0.6600000262260437,1332.4000244140625,0.0008183477513138026,0.07391761812059301,1.1734058103199843,382545.3482944345,Close
IMVT,1482,2019-08-08,2025-07-01,16.149999618530273,3.380000114440918,52.709999084472656,0.0014855267101564456,0.04950908441454085,0.7859323499962737,926445.4116059379,Close
IMXI,2045,2017-05-12,2025-07-01,10.539999961853027,7.159999847412109,27.030000686645508,0.00033258521084407824,0.024237309038404358,0.3847553529902159,226143.4718826406,Close
INAB,951,2021-09-16,2025-07-01,2.069999933242798,2.069999933242798,256.5,-0.0012989501938108388,0.09780148356986305,1.5525504202741631,40927.184016824394,Close
INBK,4807,2006-05-23,2025-07-01,27.71999931335449,2.4775631427764893,51.08589172363281,0.0006854724485724305,0.030500190066397353,0.48417550713534,23665.88308716455,Close
INBKZ,1486,2019-08-02,2025-07-01,24.53499984741211,10.145402908325195,24.649999618530277,0.0004118433218767804,0.019010115576418067,0.301776229258785,2213.3916554508746,Close
INBS,1101,2021-02-11,2025-07-01,1.6799999475479126,1.0700000524520874,1920.0,-0.0004819411967454026,0.13680300858259498,2.1716804358898867,358207.0154405086,Close
INCR,1583,2019-03-15,2025-07-01,1.4800000190734863,0.449999988079071,9.149999618530272,0.0032951792843150182,0.12180591228885834,1.933608912801993,37349.77890082123,Close
INCY,7934,1993-12-22,2025-07-01,68.7300033569336,1.71875,152.66000366210938,0.001213348066662939,0.03950234190138335,0.6270802372542403,1238185.0390723469,Close
INDB,9826,1986-07-01,2025-07-01,65.33999633789062,0.4397399127483368,84.91739654541016,0.0009062059151245704,0.03737826779496269,0.5933616061430754,75055.67372277631,Close
INDI,1409,2019-11-20,2025-07-01,3.650000095367432,1.600000023841858,15.850000381469728,0.00019327316138737652,0.04331403661147097,0.687589014913794,1868917.8140525196,Close
INDO,1356,2020-02-07,2025-07-01,3.059999942779541,1.5499999523162842,61.5,0.0034057826368316156,0.09742237328716902,1.5465322311093084,1253663.348082596,Close
INDP,2459,2015-09-21,2025-07-01,11.149999618530272,7.559999942779541,21392.0,-0.0008927761002760641,0.06138859799067104,0.97451378170941,12594.82309882066,Close
INDV,2609,2015-02-17,2025-07-01,14.65999984741211,0.4149999916553497,24.774999618530277,0.004565183844506874,0.1451652457399264,2.3044268354245427,129756.11345343043,Close
INFA,889,2021-12-14,2025-07-01,24.309999465942383,14.09000015258789,38.83000183105469,2.26944366033975e-06,0.029821782926267647,0.47340612765273754,1312210.3487064117,Close
INFU,4372,2008-02-14,2025-07-01,6.179999828338623,0.9100000262260436,22.920000076293945,0.0007811201106456057,0.03675797959488918,0.5835148362315812,55332.73101555352,Close
INFY,6585,1999-04-28,2025-07-01,18.899999618530277,0.4000900089740753,24.191112518310547,0.000981199682389553,0.028127776330263834,0.4465146066187626,11241668.519362187,Close
ING,7800,1994-07-06,2025-07-01,22.0,1.7910552024841309,25.51644897460937,0.0006908651954768998,0.02984285804480371,0.4737406847877233,2010709.641025641,Close
INGN,2828,2014-04-03,2025-07-01,7.099999904632568,4.210000038146973,282.9200134277344,0.00032894008245766364,0.035045285329390545,0.5563266576412063,263204.5615275813,Close
INGR,6897,1998-01-30,2025-07-01,136.8800048828125,6.134251594543457,153.0484619140625,0.0005861052885222421,0.02011380500191688,0.3192967557259146,478966.0142090764,Close
INKT,897,2021-12-02,2025-07-01,7.340000152587891,4.630000114440918,106.5,-0.0003003219738333849,0.07809752329456258,1.2397597478849183,12185.730211817168,Close
INLX,3326,2012-04-10,2025-07-01,12.119999885559082,0.0799999982118606,626.5,0.0108629986832796,0.46616593825616837,7.400154853889475,2648.3114852675885,Close
INM,2774,2014-06-20,2025-07-01,3.0899999141693115,1.8600000143051147,31185.0,0.0003882793649050889,0.08664917721488143,1.3755130453136435,97204.21124729632,Close
INMB,1578,2019-03-22,2025-07-01,2.0899999141693115,2.0899999141693115,27.850000381469727,0.0009572823989501467,0.060062410397094194,0.9534612063228688,262856.90747782,Close
INMD,1449,2019-09-25,2025-07-01,14.829999923706056,7.429999828338623,97.86000061035156,0.0008616750605407208,0.03972384246996297,0.6305964497725667,1675820.4968944099,Close
INN,3586,2011-03-29,2025-07-01,5.210000038146973,2.312121629714966,14.596235275268556,0.0002905461486611352,0.025432060484396862,0.4037214442180018,691527.8304517568,Close
INNV,1054,2021-04-21,2025-07-01,3.950000047683716,2.625,26.040000915527344,-0.000684318058146376,0.0447803773418694,0.7108664523733083,158417.1726755218,Close
INO,6648,1999-01-27,2025-07-01,2.039999961853028,1.4600000381469729,2292.0,0.0012259477033594599,0.07365867792579531,1.1692952621607442,203722.98465703972,Close
INOD,7995,1993-09-27,2025-07-01,47.38999938964844,0.09375,64.16999816894531,0.001996726693904458,0.061976599753296835,0.983848020315663,155830.51907442152,Close
INSE,2617,2015-02-04,2025-07-01,8.390000343322754,1.899999976158142,16.299999237060547,0.000633711436590757,0.03718596568159443,0.590308904731688,89230.95147115017,Close
INSG,6154,2001-01-10,2025-07-01,8.829999923706055,1.7999999523162842,2287.5,0.000678608910952688,0.05606277156064281,0.8899689081509121,89464.40380240494,Close
INSM,6275,2000-07-19,2025-07-01,97.62000274658205,2.640000104904175,195.0,0.0014048510339843068,0.05472960261438063,0.8688055072262496,552486.115059761,Close
INSP,1767,2018-06-20,2025-07-01,130.80999755859375,35.65999984741211,326.0799865722656,0.0013731638425282398,0.0363936857417434,0.5777318505941418,375120.8262591964,Close
INSW,2133,2017-01-05,2025-07-01,37.02999877929688,8.39470386505127,57.06290817260742,0.0010468522015185308,0.028673461339590513,0.45517708759188874,405095.73370839196,Close
INTA,972,2021-08-17,2025-07-01,48.81999969482422,13.729999542236328,74.0999984741211,0.0009487933691431868,0.034201922703154274,0.5429386909968013,400569.23868312757,Close
INTC,11383,1980-05-02,2025-07-01,22.850000381469727,0.1205158680677414,62.08333206176758,0.0007518797394761995,0.025473845238100347,0.40438475661936285,51233771.4486515,Close
INTG,11383,1980-05-02,2025-07-01,11.550000190734863,0.9629629850387572,58.68999862670898,0.0006827821777256902,0.03063985708018335,0.4863926522443607,2576.440481419661,Close
INTT,7021,1997-08-04,2025-07-01,7.260000228881836,0.1160330548882484,26.90999984741211,0.0012171118895540638,0.05033907377043775,0.799108022555477,43121.59236575986,Close
INTU,8099,1993-04-29,2025-07-01,779.6099853515625,1.9368913173675537,787.6300048828125,0.001146596670639319,0.028745831628187033,0.45632593030750696,3317337.9553031237,Close
INTZ,8303,1992-07-09,2025-07-01,2.369999885559082,0.3600000143051147,3380.0,0.0037505561806103717,0.10384289384350484,1.6484548351871644,72928.25436589184,Close
INUV,6736,1998-09-21,2025-07-01,4.889999866485596,1.7000000476837158,608.0,0.0028993475059655395,0.08627417144028525,1.3695600131948757,46776.4046912114,Close
INV,867,2022-01-14,2025-07-01,4.760000228881836,3.130000114440918,13.850000381469728,-0.0003394394676694486,0.03138228139054318,0.49817827279936516,51579.58477508651,Close
INVA,5185,2004-11-19,2025-07-01,19.790000915527344,4.328864097595215,31.99007797241211,0.0005118768323221041,0.02867706689863772,0.4552343240673464,718133.168948891,Close
INVE,6943,1997-11-21,2025-07-01,3.0799999237060547,1.559999942779541,1285.0,0.0006374850398205905,0.05139477568017808,0.8158667708262102,43102.89356186087,Close
INVH,2082,2017-03-21,2025-07-01,32.779998779296875,13.898715019226074,40.46333312988281,0.0004372562050037832,0.016454892225081546,0.2612133160676162,3371759.9423631122,Close
INVX,6931,1997-12-10,2025-07-01,15.68000030517578,5.849999904632568,119.37999725341795,0.00044549441010421464,0.030050549066066485,0.47703767753853726,345911.6000577117,Close
INVZ,1225,2020-08-14,2025-07-01,1.4800000190734863,0.4869999885559082,16.0,-0.00013417805870306933,0.05381754088557259,0.8543269761376554,2456100.326530612,Close
INZY,1207,2020-09-10,2025-07-01,4.0,0.8209999799728394,27.899999618530277,0.0004948523479353647,0.07409304577073092,1.1761906379320803,464617.72990886495,Close
IOBT,882,2021-12-23,2025-07-01,1.3799999952316284,0.6819999814033508,8.739999771118164,-0.00044968037213513054,0.056281047792659224,0.8934339359131022,146780.61224489796,Close
IONQ,1095,2021-02-22,2025-07-01,40.09999847412109,3.0999999046325684,51.06999969482422,0.0029687172296368365,0.06270673059511649,0.9954384881076211,8481921.00456621,Close
IONS,8559,1991-07-05,2025-07-01,39.93999862670898,2.799999952316284,86.13999938964844,0.0009430460919099715,0.03916663856983205,0.6217511120767567,911283.7831522374,Close
IOR,9704,1986-12-23,2025-07-01,18.950000762939453,0.1588496267795562,19.0,0.0008868123657613065,0.03752332895795452,0.5956643807160966,2174.160140148392,Close
IOSP,6793,1998-06-30,2025-07-01,87.06999969482422,2.200554132461548,129.297607421875,0.0007361776204621816,0.027552325053719576,0.437379600802538,105503.73914323568,Close
IOT,855,2022-02-02,2025-07-01,39.15999984741211,8.699999809265137,60.959999084472656,0.0015757694313519829,0.041832725144995885,0.6640739243866652,3062558.7134502926,Close
IOVA,3666,2010-12-02,2025-07-01,1.7400000095367432,1.0,159.0,0.0028696170271136426,0.09331233946131101,1.4812874668096065,2039927.917075832,Close
IP,15948,1962-02-16,2025-07-01,49.45000076293945,0.5580772757530212,59.02191162109375,0.0004402116606039338,0.019263794967877963,0.3058032647540555,1990983.288312014,Close
IPA,5876,2002-02-25,2025-07-01,1.090000033378601,0.0049999998882412,42.75,0.15381922760160743,11.403043880266194,181.01770977804804,147393.74540503745,Close
IPAR,9389,1988-03-23,2025-07-01,134.39999389648438,0.1116329133510589,149.89010620117188,0.0012349941801917223,0.034991265300569716,0.5554691162687475,103015.69197997657,Close
IPDN,3068,2013-04-22,2025-07-01,2.700000047683716,1.0199999809265137,920.0,0.0009546230665103472,0.07874738884408368,1.250076043662885,31766.770534550196,Close
IPG,11383,1980-05-02,2025-07-01,25.1299991607666,0.3419221937656402,37.44718933105469,0.0006070878733982051,0.02167634368832454,0.3441012883948279,2693696.8198190285,Close
IPGP,4632,2007-02-02,2025-07-01,71.05000305175781,6.829999923706055,263.3399963378906,0.0006039591148864893,0.02789521957858227,0.4428228826348121,362239.52936096716,Close
IPHA,1400,2019-12-04,2025-07-01,1.8450000286102293,1.440000057220459,8.199999809265137,0.0005881924328077122,0.056947589339666475,0.9040149549443429,159608.42857142858,Close
IPI,4293,2008-06-09,2025-07-01,36.11000061035156,6.699999809265137,708.0087280273438,0.0003712698816992518,0.04411308941041349,0.700273584856266,136684.8194735616,Close
IPM,4660,2006-12-20,2025-07-01,1.909999966621399,0.6299999952316284,143.85000610351562,0.005907998550897353,0.11807873963370777,1.8744418811684207,126645.24248927039,Close
IPSC,980,2021-08-05,2025-07-01,0.5429999828338623,0.3889999985694885,31.93000030517578,-0.002825365694650376,0.050129833035085,0.795786428856151,248086.83673469388,Close
IPW,1006,2021-06-29,2025-07-01,0.656000018119812,0.3700000047683716,8.180000305175781,0.0008405234965033632,0.08358017021371571,1.3267940695316398,213483.1013916501,Close
IPWR,2884,2014-01-13,2025-07-01,4.480000019073486,1.5299999713897705,112.5,0.0005819367437702579,0.058543812695665144,0.9293542151656553,46567.7080443828,Close
IQ,1791,2018-05-16,2025-07-01,1.7599999904632568,1.5299999713897705,44.20000076293945,-0.00027695637491078885,0.0477908043272298,0.7586554992335973,13247712.786152987,Close
IQI,8218,1992-11-06,2025-07-01,9.449999809265137,1.582632541656494,11.152101516723633,0.00022768987393984838,0.008296267118878228,0.13169915764028475,74434.2054027744,Close
IQST,1722,2018-08-23,2025-07-01,9.880000114440918,3.119999885559082,280.0,0.0066641472066783424,0.14577790344450697,2.3141524749753097,13493.885598141696,Close
IQV,3022,2013-06-26,2025-07-01,162.61000061035156,41.58000183105469,282.6099853515625,0.00060268867989106,0.01801802106817072,0.2860272171834126,1124000.8272667108,Close
IR,2012,2017-06-29,2025-07-01,85.30000305175781,18.833425521850582,105.29882049560548,0.0009254636089878135,0.02155552801604498,0.34218339905484313,2243110.8349900595,Close
IRBT,4907,2005-12-28,2025-07-01,3.140000104904175,1.830000042915344,161.16000366210938,0.00029417408288113947,0.039018557587485216,0.6194003993576295,619827.7766456084,Close
IRD,4906,2005-12-29,2025-07-01,0.9399999976158142,0.7099999785423279,2880.0,0.0009339683079181876,0.07044781304392234,1.118324362335544,102963.53444761517,Close
IRDM,4315,2008-05-07,2025-07-01,30.59000015258789,5.237097263336182,64.77410888671875,0.0006185181246693511,0.025636668126179152,0.40696948983699777,750352.7230590961,Close
IREN,874,2022-01-05,2025-07-01,15.229999542236328,1.059999942779541,17.780000686645508,0.002984820636614715,0.07702087775196878,1.2226685297497017,6850458.23798627,Close
IRIX,7357,1996-04-04,2025-07-01,0.8899999856948853,0.550000011920929,17.0,0.0007541234566476326,0.04706144536539203,0.7470772846564834,35146.758189479406,Close
IRM,7368,1996-03-20,2025-07-01,99.93000030517578,1.015944242477417,125.19245910644533,0.0008083810956688288,0.019987370523329568,0.3172896706009978,1364253.3310260586,Close
IRMD,2724,2014-09-02,2025-07-01,60.5099983215332,6.229770183563232,62.28462600708008,0.0011991915691306353,0.03252097604277293,0.5162544900135998,49876.87224669603,Close
IRON,1194,2020-09-29,2025-07-01,51.130001068115234,17.950000762939453,540.0,-0.00042316745194764685,0.045961391475122265,0.7296144705219458,157176.07202680068,Close
IROQ,3483,2011-08-24,2025-07-01,24.520000457763672,9.16861629486084,25.38999938964844,0.00041185258178785036,0.016237035975616824,0.2577549553217468,3153.0864197530864,Close
IRS,7650,1995-02-07,2025-07-01,14.369999885559082,2.224376678466797,28.11549568176269,0.0004175127303952349,0.028264363862086552,0.4486828664671328,67639.39294117647,Close
IRT,2956,2013-09-30,2025-07-01,17.59000015258789,3.809592008590698,25.089662551879883,0.0006568062545769519,0.0185131477472231,0.29388710954488795,1085702.8416779432,Close
IRTC,2152,2016-12-07,2025-07-01,145.9499969482422,25.1200008392334,268.4599914550781,0.0015595865421633142,0.04002283054677919,0.6353427383499419,391862.68587360595,Close
IRWD,3843,2010-03-23,2025-07-01,0.699999988079071,0.5699999928474426,17.64656639099121,-0.0001976305828088425,0.03244107587910102,0.5149861142368644,1633108.52042675,Close
ISBA,4853,2006-03-17,2025-07-01,28.61000061035156,7.537056446075439,38.66499710083008,0.00025827135359207724,0.018516944058136534,0.2939473741123465,1671.1250772717906,Close
ISD,3280,2012-06-14,2025-07-01,14.199999809265137,5.87980842590332,14.199999809265137,0.0002913168661791781,0.00873372757771564,0.13864362713533274,130406.7987804878,Close
ISOU,2004,2017-07-12,2025-07-01,7.21999979019165,0.6800000071525574,20.76000022888184,0.0023924948812395763,0.06061620704349969,0.9622524555426119,13035.566367265468,Close
ISPC,981,2021-08-04,2025-07-01,0.9610000252723694,0.8600000143051147,408.3999938964844,-0.0019100104003862677,0.0832584787664537,1.3216873761215295,134912.37003058105,Close
ISPO,1070,2021-03-29,2025-07-01,3.559999942779541,3.1700000762939453,1853.0,0.0024444088127946574,0.20800454367594043,3.3019697648280677,66608.35046728973,Close
ISPOW,1070,2021-03-29,2025-07-01,0.0109999999403953,0.003000000026077,4.389999866485596,0.009327867329387974,0.1811603189409697,2.8758309081057,97170.18691588785,Close
ISRG,6264,2000-08-03,2025-07-01,537.989990234375,0.7444440126419067,610.4500122070312,0.0012359079452557526,0.03005891236661925,0.4771704408189511,3841995.785440613,Close
ISSC,6230,2000-09-21,2025-07-01,13.829999923706056,1.4135193824768066,14.204873085021973,0.0008735175353690444,0.0376878144659624,0.5982755072068744,77134.08507223114,Close
ISTR,2734,2014-08-18,2025-07-01,20.440000534057617,8.24083137512207,25.931550979614254,0.0004527185077342061,0.022524944977074746,0.35757241622851965,21369.45866861741,Close
IT,7956,1993-11-19,2025-07-01,406.7000122070313,3.5045857429504395,551.7999877929688,0.0009264201174172469,0.02602092560097812,0.41306938814341215,493344.28104575165,Close
ITGR,6191,2000-11-15,2025-07-01,121.29000091552734,14.539999961853027,144.36000061035156,0.0005375297246344585,0.023825215109928986,0.3782135646809431,216510.85446616056,Close
ITIC,9685,1987-01-21,2025-07-01,215.4900054931641,1.063171625137329,270.9126892089844,0.0009907749428041152,0.034386087341642786,0.5458622139991975,3559.891584925142,Close
ITOS,1207,2020-09-10,2025-07-01,10.0,5.039999961853027,47.86000061035156,5.716388432802308e-05,0.04287222172227045,0.6805754209796931,417402.40265120135,Close
ITP,4433,2007-11-15,2025-07-01,0.1899999976158142,0.1599999964237213,143.7854461669922,0.001794034490451881,0.08290970331563675,1.3161507374839332,190776.0532370855,Close
ITRG,1202,2020-09-17,2025-07-01,1.5399999618530271,0.4550000131130218,3.9800000190734863,0.0005099851068706033,0.05735390192704767,0.9104649673089379,189861.0648918469,Close
ITRI,7933,1993-12-23,2025-07-01,132.57000732421875,3.3125,132.77999877929688,0.0008305973622989236,0.03374395208629048,0.5356686328368226,324245.1657632674,Close
ITRM,1751,2018-07-13,2025-07-01,0.975000023841858,0.6499999761581421,156.0,-9.967441145571119e-05,0.07455563650036097,1.1835340381085104,369746.1216447744,Close
ITRN,4937,2005-11-14,2025-07-01,38.790000915527344,2.864787340164185,42.72558975219727,0.0005892576481635812,0.021042366970430024,0.33403721999950486,42032.489366011745,Close
ITT,7400,1996-02-02,2025-07-01,158.55999755859375,2.457366466522217,158.55999755859375,0.000719953385684509,0.01908736820939335,0.3030025767886503,2041187.3927027027,Close
ITUB,5843,2002-04-12,2025-07-01,6.789999961853027,0.2379191815853119,6.809999942779541,0.0007864431690712875,0.028241143856819157,0.44831426031085797,25458136.42375492,Close
ITW,13155,1973-04-30,2025-07-01,255.19000244140625,0.2391985654830932,273.5116577148437,0.0006313156132831583,0.017352134474250505,0.2754565952101041,1235634.3291524136,Close
IVA,1217,2020-08-26,2025-07-01,2.9800000190734863,1.64900004863739,19.0,-7.56202091379684e-05,0.04819228623892339,0.7650288269989896,38349.71240755957,Close
IVDA,3921,2009-11-27,2025-07-01,2.049999952316284,1.2799999713897705,150.39999389648438,0.006196030219950559,0.13849204285158365,2.1984930236795455,16960.708747768425,Close
IVF,1137,2020-12-18,2025-07-01,0.8450000286102295,0.8450000286102295,2256.0,-0.00036961964406397534,0.13902334396723895,2.206927167419436,178268.5813544415,Close
IVR,3992,2009-08-18,2025-07-01,7.909999847412109,4.864527225494385,84.87975311279297,0.00014714763347598646,0.029361402931401565,0.4660978218027084,441587.6503006012,Close
IVT,2818,2014-04-17,2025-07-01,27.36000061035156,0.0082971239462494,51.5678825378418,0.9329950116968488,49.33641088327331,783.1912426658502,132512.97374024132,Close
IVVD,946,2021-09-23,2025-07-01,0.7210000157356262,0.3580000102519989,47.040000915527344,0.0011431182241340748,0.11837847195055146,1.8791999841899663,2362308.456659619,Close
IVZ,7478,1995-10-12,2025-07-01,16.170000076293945,2.843843936920166,26.68033790588379,0.0006072552146614748,0.027471025638010956,0.4360890125883388,2615875.8357849694,Close
IX,6706,1998-11-02,2025-07-01,22.76000022888184,1.944000005722046,31.46767807006836,0.0005092620145207222,0.024790731972262354,0.39354066970718393,123910.55770951387,Close
IXHL,803,2022-04-19,2025-07-01,0.2090000063180923,0.0850000008940696,8.729999542236328,0.01193572608541963,0.36976926664369575,5.8699051320837015,4592629.638854296,Close
IZEA,3334,2012-03-28,2025-07-01,2.5299999713897705,0.5360000133514404,2064.0,0.0018086818510321683,0.09429063518337835,1.4968174299452177,221304.24955008997,Close
J,11383,1980-05-02,2025-07-01,132.64999389648438,0.2632945477962494,147.0369110107422,0.0007715639583129315,0.02330867505943311,0.37001374558604205,773188.0373363788,Close
JACK,8357,1992-04-22,2025-07-01,19.09000015258789,1.3619292974472046,110.5647201538086,0.00048155598837695075,0.026008084887056197,0.4128655481292486,523392.29388536554,Close
JAGX,2216,2015-06-29,2024-07-26,32.0,32.0,1867556224.0,-0.0031567581109188413,0.11164717725874768,1.7723439936539545,2081.5198555956677,Close
JAKK,7305,1996-06-19,2025-07-01,20.71999931335449,3.034286975860596,288.7121276855469,0.0007116468010601606,0.041301657352457825,0.6556434845364347,59087.10814510609,Close
JAMF,1209,2020-09-08,2025-07-01,9.390000343322754,9.09000015258789,48.65999984741211,-0.0006742722398242902,0.029859349895230192,0.47400248479704976,570644.0860215054,Close
JANX,985,2021-07-29,2025-07-01,23.21999931335449,5.849999904632568,66.83499908447266,0.0022303735755063556,0.08973740458968675,1.4245371350681841,386304.1624365482,Close
JAZZ,4517,2007-07-19,2025-07-01,109.44000244140624,0.550000011920929,193.0200042724609,0.0013550400975228887,0.04915490535994446,0.7803099318079736,651229.4221828647,Close
JBGS,1975,2017-08-22,2025-07-01,17.030000686645508,11.792987823486328,34.068084716796875,-8.123783832191018e-06,0.0198686766458156,0.31540546370871025,864007.9493670886,Close
JBHT,10450,1984-01-11,2025-07-01,151.0800018310547,0.9640674591064452,215.90823364257807,0.0007469855192985711,0.023659622559676994,0.37558486443935263,933311.2727272727,Close
JBI,1355,2020-02-10,2025-07-01,8.760000228881836,6.059999942779541,15.760000228881836,0.00025061201726171413,0.026108851802455944,0.4144651733204335,977380.0,Close
JBIO,972,2021-08-17,2025-07-01,10.845000267028809,6.760000228881836,1048.712646484375,0.000854634219205595,0.06829082007520795,1.084083160485945,27556.577160493827,Close
JBK,5311,2004-05-21,2025-07-01,25.81999969482422,3.198634624481201,28.26526641845703,0.0003543054165749425,0.014447848830858855,0.22935248991784699,1952.8337412916587,Close
JBL,8064,1993-06-18,2025-07-01,216.13999938964844,0.3760329782962799,218.1000061035156,0.001328053906264037,0.03540841209844316,0.5620911163930278,2157537.301587302,Close
JBLU,5810,2002-05-30,2025-07-01,4.380000114440918,2.8399999141693115,31.226667404174805,0.00032193967550933037,0.0322246554104187,0.5115505458043196,7154716.15232358,Close
JBSS,8420,1992-01-22,2025-07-01,66.27999877929688,1.5637376308441162,119.65093994140624,0.0007496693922531016,0.03153788427035352,0.500648391938947,47081.87648456057,Close
JBTM,4230,2008-09-08,2025-07-01,123.04000091552734,5.056755542755127,171.25547790527344,0.0009493272111878079,0.027691689637466998,0.4395919449835323,186992.6477541371,Close
JCE,4562,2007-05-15,2025-07-01,15.510000228881836,1.2235156297683716,15.52195930480957,0.0004803882524814735,0.014721659331389024,0.23369909686241266,54146.010521701006,Close
JCI,9479,1987-11-12,2025-07-01,104.66999816894533,2.253964900970459,105.62000274658205,0.0006630045563655008,0.022635376380244744,0.359325460406838,4165507.357210676,Close
JCTC,7319,1996-05-30,2025-07-01,3.7200000286102295,0.3315970003604889,13.34000015258789,0.0007702378344007595,0.031551686396393275,0.5008674938973379,15645.101789862003,Close
JD,2761,2014-07-10,2025-07-01,32.70000076293945,17.48569107055664,96.9834213256836,0.0005698162948249838,0.0304598715057238,0.48353546982676626,12315152.553422673,Close
JEF,11383,1980-05-02,2025-07-01,55.560001373291016,0.0219476204365491,80.67179870605469,0.0009077496657052201,0.02176778067097806,0.3455528054952399,875068.3366423614,Close
JELD,2085,2017-03-16,2025-07-01,4.289999961853027,3.359999895095825,41.810001373291016,-0.00029726206899247413,0.03573536547640266,0.5672813403633878,757019.3285371703,Close
JEQ,8244,1992-10-01,2025-07-01,7.5,1.631289839744568,7.539999961853027,0.00023555201319297854,0.017428261788044908,0.2766650788517803,44168.61960213489,Close
JFIN,1511,2019-06-27,2025-07-01,16.239999771118164,1.3296751976013184,18.90999984741211,0.002744539350109625,0.07508893624733327,1.1919999091369649,393859.9602911979,Close
JFR,5318,2004-05-12,2025-07-01,8.479999542236328,1.2963659763336182,8.593812942504883,0.0002736330493634005,0.011129361428216392,0.17667313554009123,246092.7980443776,Close
JFU,1444,2019-10-02,2025-07-01,1.2799999713897705,1.0099999904632568,266.0,-0.0012714887383030423,0.07097099167818677,1.1266295656807008,38212.44806094183,Close
JG,1709,2018-09-12,2025-07-01,10.989999771118164,1.899999976158142,188.3999938964844,0.0003861008503096787,0.06760742857937328,1.0732346568094953,51066.28730251609,Close
JGH,2632,2015-01-13,2025-07-01,13.010000228881836,5.0613532066345215,13.010000228881836,0.0003188425936507458,0.009982690211232048,0.15847029428591308,69864.77963525835,Close
JHG,2001,2017-07-17,2025-07-01,39.459999084472656,9.107712745666504,45.03926086425781,0.0005396731645472693,0.022643364331028662,0.3594522651943936,1120725.7371314343,Close
JHI,11383,1980-05-02,2025-07-01,13.890000343322754,0.4691021144390106,14.751172065734863,0.0003459121449346358,0.011109335671836883,0.17635523651291435,11206.869893701134,Close
JHS,11383,1980-05-02,2025-07-01,11.31999969482422,0.584290087223053,13.191469192504885,0.0002892917880888709,0.010424327817244563,0.16548107393665132,13398.181498726171,Close
JHX,5928,2001-12-07,2025-07-01,28.07999992370605,1.3026516437530518,42.0,0.0008085306985510678,0.024805340775854844,0.3937725772747314,81718.62348178138,Close
JILL,2057,2017-04-26,2025-07-01,15.199999809265137,1.523689031600952,55.91935729980469,0.0007877388425074724,0.052213630907193054,0.8288656945688919,145359.55080213904,Close
JJSF,9895,1986-03-24,2025-07-01,118.5500030517578,1.4510586261749268,176.32073974609375,0.0006529463483876343,0.02481519170536618,0.39392895593275035,68698.85800909551,Close
JKHY,9946,1986-01-09,2025-07-01,182.08999633789065,0.0397950746119022,203.2432098388672,0.0011310857077731027,0.030469945975009752,0.4836953970686958,406693.0524834104,Close
JKS,3773,2010-07-01,2025-07-01,21.59000015258789,1.7794283628463743,77.50694274902344,0.0013579341061232698,0.0473730980591926,0.7520246177958014,1167150.596342433,Close
JLL,7000,1997-09-03,2025-07-01,256.8800048828125,8.49140453338623,284.760009765625,0.0006619101581159528,0.02637200645218079,0.418642623877567,314688.3714285714,Close
JLS,3888,2010-01-15,2025-07-01,18.75,6.611603260040283,18.75,0.00027607173095250433,0.00764368789351756,0.12133978359385575,34184.02777777778,Close
JMIA,1530,2019-05-31,2025-07-01,4.670000076293945,1.7300000190734863,65.51000213623047,0.0010557052860394169,0.06577683313470918,1.0441748550230017,4211039.738562091,Close
JMM,9162,1989-02-14,2025-07-01,6.25,0.6456999182701111,6.358304977416992,0.00029939418216440213,0.010544175373943787,0.16738359491824048,17727.777777777777,Close
JMSB,2062,2017-04-19,2025-07-01,19.100000381469727,9.516229629516602,28.45075225830078,0.0004041115252424567,0.023789870558798113,0.3776524873259821,12335.560135790494,Close
JNJ,15948,1962-02-16,2025-07-01,155.9199981689453,0.0395328700542449,168.7964630126953,0.0005914329005187525,0.014366196665525254,0.22805630197695115,5713856.094808127,Close
JNPR,6511,1999-08-12,2025-07-01,39.95000076293945,3.389366626739502,185.9178924560547,0.000604773034643464,0.03259739099726604,0.5174675398098102,8023059.806481339,Close
JOB,11383,1980-05-02,2025-07-01,0.1899999976158142,0.1800000071525573,131.7463836669922,0.0010329689990748844,0.055279653436367135,0.8775372933267873,145294.11244838795,Close
JOBY,1132,2020-12-28,2025-07-01,9.8100004196167,3.180000066757202,15.699999809265137,0.0009984302165591086,0.04919085199313539,0.7808805669193332,6717030.388692579,Close
JOE,8850,1990-05-10,2025-07-01,48.2599983215332,4.355175971984863,78.95913696289062,0.0004360897777230989,0.020316681576420217,0.3225173215037736,334558.790960452,Close
JOF,8857,1990-05-01,2025-07-01,9.75,1.3206329345703125,9.75,0.00028386486408611184,0.02062394178488717,0.3273949261001101,70279.34966693011,Close
JOUT,9470,1987-11-25,2025-07-01,31.11000061035156,3.922240734100342,139.02223205566406,0.0005426857708482877,0.028091080919071386,0.44593208502512777,21231.488912354806,Close
JOYY,3137,2013-01-10,2025-07-01,51.02999877929688,11.013214111328123,124.0432357788086,0.0011553763194170575,0.037153831078652264,0.5897987837244993,1088430.3155881416,Close
JPC,5567,2003-05-16,2025-07-01,8.09000015258789,0.6866083741188049,8.09000015258789,0.00035285505558326695,0.015212123725204134,0.24148497774021363,329970.07364828454,Close
JPI,3217,2012-09-13,2025-07-01,20.809999465942383,8.662637710571289,20.809999465942383,0.0003049517175979169,0.0100512042456107,0.15955792086361492,60847.31115946534,Close
JPM,11383,1980-05-02,2025-07-01,290.4100036621094,1.1614104509353638,290.4100036621094,0.0007313013461915519,0.022182246646219244,0.35213224887955613,11944481.795220943,Close
JQC,5506,2003-08-13,2025-07-01,5.449999809265137,0.5701175928115845,5.533016204833984,0.00030824644560865867,0.01365727814790414,0.216802569392347,465855.13984743913,Close
JRI,3280,2012-06-14,2025-07-01,13.5600004196167,4.450403213500977,13.5600004196167,0.00038869407357361614,0.012726430960019672,0.20202582838587027,74386.40243902439,Close
JRS,5908,2002-01-08,2025-07-01,7.869999885559082,0.6305679678916931,9.461187362670898,0.00044696610024287084,0.01911545364610586,0.303448419274674,78131.6519972918,Close
JRSH,1766,2018-06-21,2025-07-01,3.2799999713897705,2.540839433670044,6.725590705871582,-4.0130941756816604e-05,0.02788655977845173,0.44268541256951843,20112.51415628539,Close
JRVR,2619,2015-02-02,2025-07-01,5.699999809265137,3.495471477508545,50.49342727661133,-2.8630062377492744e-05,0.02586379816253728,0.41057506738585775,250688.1252386407,Close
JSM,5377,2004-02-18,2025-07-01,18.549999237060547,2.329929828643799,20.233274459838867,0.00039037307096097886,0.018222189009586835,0.2892682827754869,25977.55253859029,Close
JSPR,1342,2020-02-28,2025-07-01,5.739999771118164,3.470000028610229,164.1999969482422,0.0017654592761923622,0.14071159095438485,2.233727257497289,110664.46348733234,Close
JTAI,907,2021-11-17,2025-07-01,3.5799999237060547,2.3399999141693115,2576.25,-0.003081604288496778,0.10342764038304779,1.641862890862594,441201.77728776186,Close
JVA,5040,2005-06-20,2025-07-01,4.25,0.5587750673294067,28.065189361572266,0.0008405644218785749,0.04384527130187224,0.696022104185467,100058.69047619047,Close
JWEL,1045,2021-05-04,2025-07-01,2.5899999141693115,1.0160000324249268,344.79998779296875,8.018729451278884e-05,0.09293785144945796,1.4753426539195773,51590.1004784689,Close
JXG,3066,2013-04-24,2025-07-01,1.600000023841858,0.8100000023841858,1647.0,0.13957957986364966,7.6580891738335035,121.56839683151725,51262.46934116112,Close
JXN,928,2021-10-19,2025-07-01,89.26000213623047,20.369314193725582,110.75959777832033,0.0018944488276954384,0.02936327115245578,0.46612747889252976,983837.2844827586,Close
JYNT,2641,2014-12-30,2025-07-01,11.5600004196167,1.909999966621399,107.3000030517578,0.0009464123369602999,0.037327763264354226,0.5925598715746432,99497.19803104884,Close
JZXN,1002,2021-07-06,2025-07-01,0.99099999666214,0.8769999742507935,1549.0799560546875,-0.0028853377238763074,0.09109822694981573,1.4461395203288077,63113.82335329341,Close
K,13169,1973-04-09,2025-07-01,79.86000061035156,0.377766340970993,82.30827331542969,0.0004925442830778192,0.015401651687858023,0.24449364087426317,1265819.0275647354,Close
KAI,8188,1992-12-21,2025-07-01,325.20001220703125,5.872926235198975,422.0450744628906,0.0006710480525796027,0.02560536283539152,0.40647253375212994,46383.005007327796,Close
KALA,1965,2017-09-06,2025-07-01,4.840000152587891,2.944999933242798,1326.5,-0.00046339408475855185,0.08112980216517095,1.2878956826694714,131087.2651399491,Close
KALU,4743,2006-08-23,2025-07-01,82.2300033569336,9.863263130187988,119.44136810302734,0.000581880334039131,0.025432163611664844,0.40372308131262863,162235.35736875396,Close
KALV,2540,2015-05-27,2025-07-01,11.59000015258789,4.199999809265137,126.55999755859376,0.0006234608922790984,0.0537400385602289,0.8530966648643237,220273.86535433072,Close
KAR,3878,2010-02-01,2025-07-01,24.739999771118164,3.3621184825897217,26.745668411254883,0.0007027294939433018,0.022174166609197028,0.3520039822682862,1840701.6395048995,Close
KARO,1034,2021-05-19,2025-07-01,48.4900016784668,18.04009056091309,63.09999847412109,0.000980207214657174,0.035632311428929274,0.5656454080761085,18246.808510638297,Close
KAVL,1091,2021-02-26,2025-07-01,0.4909999966621399,0.4729999899864197,725.760009765625,0.0006395172380332773,0.15377309832416505,2.4410722589857436,549980.5536205316,Close
KB,5912,2002-01-02,2025-07-01,82.79000091552734,14.699999809265137,97.5,0.000463462139388856,0.025790328517430714,0.4094087729266729,270264.24221921514,Close
KBH,9771,1986-09-18,2025-07-01,55.36000061035156,1.558024764060974,88.59806060791016,0.0007869955348922198,0.030305559672391003,0.4810858454146481,1963640.0061406202,Close
KBR,4650,2007-01-08,2025-07-01,48.150001525878906,7.949756145477295,71.37889862060547,0.000535789091694072,0.026033865547672615,0.41327480342900463,1694821.1182795698,Close
KC,1260,2020-06-25,2025-07-01,12.329999923706056,1.899999976158142,72.05999755859375,0.0014475463432124405,0.06544073811881274,1.0388395120493,2271311.111111111,Close
KD,892,2021-12-09,2025-07-01,41.959999084472656,8.229999542236328,43.45000076293945,0.0014554852157951737,0.03270751222262659,0.5192156600680525,1987866.3677130046,Close
KDP,4282,2008-06-24,2025-07-01,33.56999969482422,1.291230082511902,37.10346984863281,0.0007215101777223777,0.015603714626031849,0.24770129057580897,3777772.933208781,Close
KE,2647,2014-12-19,2025-07-01,19.6299991607666,9.369999885559082,31.11000061035156,0.00048732300777247397,0.024481081207156693,0.3886251162006812,83272.68605969021,Close
KELYA,11383,1980-05-02,2025-07-01,12.279999732971191,2.6423568725585938,28.917539596557617,0.00042851142722160647,0.02427823773283465,0.3854050758719106,106562.29456206624,Close
KELYB,10274,1984-09-20,2025-07-01,12.109999656677246,8.050981521606445,36.612823486328125,0.000476526362773953,0.0327704609799713,0.5202149406117005,719.9946466809422,Close
KEN,2597,2015-03-05,2025-07-01,42.900001525878906,0.6729657649993896,42.900001525878906,0.0019588289923301327,0.04677968233329562,0.7426044351870118,10118.944936465152,Close
KEP,7687,1994-12-14,2025-07-01,13.739999771118164,5.524588584899902,28.309999465942383,0.00028071135084841245,0.02487091421010208,0.39481352327251523,467648.926759464,Close
KEQU,11383,1980-05-02,2025-07-01,59.40999984741211,1.031585931777954,69.66999816894531,0.0007445283602039351,0.028212035322053543,0.4478521766467422,3944.2875340419923,Close
KEX,11383,1980-05-02,2025-07-01,115.0999984741211,0.9050264358520508,130.5500030517578,0.000649401715949976,0.026116149281558497,0.4145810172098518,262469.47201967845,Close
KEY,9451,1987-12-23,2025-07-01,17.8700008392334,1.3704228401184082,22.470134735107425,0.0005864089399757303,0.02538785397917966,0.4030196877031858,6419616.102952069,Close
KEYS,2657,2014-12-05,2025-07-01,164.47000122070312,21.18000030517578,207.92999267578125,0.0007808183130542125,0.019470028882174993,0.3090771266488796,1146541.512984569,Close
KF,10261,1984-10-09,2025-07-01,26.899999618530277,0.9688441753387452,31.007421493530277,0.0005553637841508416,0.022455869716929394,0.3564758804679695,14640.924861124648,Close
KFFB,5082,2005-04-20,2025-07-01,2.859999895095825,2.1600000858306885,7.89777135848999,0.00018145746260235128,0.023367989826731328,0.37095533832611055,2981.1688311688313,Close
KFRC,7486,1995-10-02,2025-07-01,43.0099983215332,1.224719524383545,73.98303985595703,0.0009856853533158866,0.03563475749861765,0.5656842382286185,181709.97862676997,Close
KFS,5996,2001-08-27,2025-07-01,14.079999923706056,1.4500000476837158,88.13680267333984,0.00034783878469039626,0.031774394966387995,0.504402882843631,21815.747998665778,Close
KFY,6604,1999-03-31,2025-07-01,73.91000366210938,4.982553482055664,78.66346740722656,0.0006672392939220241,0.027584135775118812,0.4378845803496257,330118.20109024836,Close
KG,4283,2008-06-23,2025-07-01,25.31999969482422,8.0,348.1654663085937,0.000491259865352759,0.041593905766000944,0.6602827842761643,16487.526266635537,Close
KGC,11131,1981-05-04,2025-07-01,15.529999732971191,1.0533175468444824,26.57599830627441,0.000909492265455699,0.039882267861473066,0.6331113748963293,5086056.608840176,Close
KGEI,3863,2010-02-23,2025-07-01,8.199999809265137,0.1599999964237213,64.30000305175781,0.0037198626652616374,0.15324452910696465,2.4326814827893655,10466.810768832514,Close
KHC,2480,2015-08-20,2025-07-01,26.61000061035156,15.806561470031738,66.0671157836914,-9.780191602273029e-05,0.017002685211859075,0.2699092601453681,6575743.75,Close
KIDS,1905,2017-11-30,2025-07-01,21.86000061035156,14.529999732971191,72.93000030517578,0.0005259187628640074,0.031625229682453536,0.5020349573704215,123060.62992125984,Close
KIM,8427,1992-01-13,2025-07-01,21.18000030517578,0.8864991664886475,24.925106048583984,0.0006001485606425765,0.021269153537800612,0.33763734514722027,2595537.2018511924,Close
KIND,881,2021-12-27,2025-07-01,1.5800000429153442,1.3600000143051147,8.829999923706055,-0.0010425726563644108,0.042262847381025224,0.6709019032060212,1790562.2020431329,Close
KINS,6426,1999-12-13,2025-07-01,15.585000038146973,0.0292374659329652,21.670000076293945,0.0032729858360366045,0.15387016339013232,2.442613119138992,23701.714908185495,Close
KIO,2968,2013-09-12,2025-07-01,12.539999961853027,4.89508867263794,13.808783531188965,0.0003151476782970484,0.009970294571469633,0.15827351960499572,99854.17789757412,Close
KIRK,5735,2002-09-16,2025-07-01,1.1399999856948853,0.5474522709846497,33.060001373291016,0.0004730459351758448,0.04294229938707298,0.681687869420859,252238.55274629468,Close
KITT,948,2021-09-21,2025-07-01,0.9010000228881836,0.847000002861023,381.9599914550781,-0.0027732881620734047,0.09294974423596412,1.4755314460525228,948911.3607594937,Close
KKR,3731,2010-08-31,2025-07-01,132.4499969482422,5.811955451965332,166.59869384765625,0.001085044191413769,0.0222423825047538,0.35308687603891487,3015736.4245510586,Close
KKRS,1021,2021-06-08,2025-07-01,17.459999084472656,14.26229763031006,21.61029624938965,-9.54822971156506e-05,0.010951581564159445,0.17385096768963393,41308.814887365326,Close
KLAC,11240,1980-11-25,2025-07-01,898.8499755859375,0.3190745711326599,902.9400024414062,0.001138357095944129,0.032096467321321355,0.5095156229755666,2675493.6832740214,Close
KLIC,13169,1973-04-09,2025-07-01,35.70000076293945,0.034399926662445,69.48158264160156,0.001138641488619226,0.039246721557633056,0.6230223900965676,637896.2715468145,Close
KLRS,1203,2020-09-16,2025-07-01,2.5799999237060547,2.359999895095825,1076.6300048828125,-0.0024155457637135814,0.05870989589445535,0.9319907042113252,26238.72485453034,Close
KLTR,958,2021-09-07,2025-07-01,2.0,0.8140000104904175,12.380000114440918,-0.0009665562140327682,0.04387130821849925,0.6964354274232789,314483.9248434238,Close
KLXE,1685,2018-10-16,2025-07-01,1.950000047683716,1.649999976158142,171.0,-0.0006796311733619629,0.06344704080824658,1.0071905484095218,193025.55489614242,Close
KMB,11383,1980-05-02,2025-07-01,131.61000061035156,0.6847808957099915,146.02731323242188,0.0005621815344239963,0.01419065713888342,0.2252696983804134,1554356.4432926294,Close
KMDA,3007,2013-07-18,2025-07-01,7.760000228881836,2.9844846725463867,17.012535095214844,0.00019544653824636436,0.02671205507175885,0.4240407283640132,63007.94812105088,Close
KMI,3584,2011-03-31,2025-07-01,28.32999992370605,7.193512916564941,30.56014633178711,0.0003483561933825474,0.01832480978506971,0.2908973370831446,12863795.675223215,Close
KMPR,8830,1990-06-08,2025-07-01,64.73999786376953,3.9375290870666495,80.00598907470703,0.0004922036942116586,0.0200996937154508,0.31907274599790403,195500.21517553795,Close
KMT,13169,1973-04-09,2025-07-01,23.940000534057617,0.5379713177680969,42.42113494873047,0.0005179270558581348,0.021728000707342578,0.3449213181495839,408281.67666489485,Close
KMX,7113,1997-03-24,2025-07-01,70.27999877929688,0.71875,154.85000610351562,0.0007749705493240053,0.031046378620608786,0.49284598163570026,1872696.007310558,Close
KN,2828,2014-04-03,2025-07-01,17.729999542236328,9.979999542236328,33.540000915527344,7.654198104968372e-05,0.02363059810609289,0.3751241155226142,923311.9519094767,Close
KNDI,4452,2007-10-19,2025-07-01,1.090000033378601,0.4799999892711639,21.600000381469727,0.0010162506902409315,0.054826018022347045,0.8703360543784534,844176.7295597484,Close
KNOP,3043,2013-05-28,2025-07-01,6.260000228881836,4.209847927093506,16.531465530395508,0.0002202592442127932,0.025189157332737636,0.3998654762262171,117985.24482418665,Close
KNSA,1751,2018-07-13,2025-07-01,27.239999771118164,5.239999771118164,30.93000030517578,0.001121394443237306,0.04152034295323209,0.6591150108261915,357932.95259851514,Close
KNSL,2211,2016-09-14,2025-07-01,479.3900146484375,19.270681381225582,547.0158081054688,0.0017493562006846443,0.02449950341262829,0.3889175596463563,139834.7354138399,Close
KNTK,1632,2019-01-03,2025-07-01,43.220001220703125,3.352635622024536,64.48104858398438,0.00115022783169802,0.06297724645726155,0.9997327942892256,292195.9007352941,Close
KNW,4794,2006-06-05,2025-07-01,1.7999999523162842,0.050000000745058,180.0,0.006754378687330889,0.15685631897885627,2.4900168695224476,138778.8222778473,Close
KNX,7689,1994-12-12,2025-07-01,46.09000015258789,1.1702734231948853,61.34089660644531,0.0007419962561527504,0.024062603608349165,0.38198199026650415,998953.4784757446,Close
KO,15948,1962-02-16,2025-07-01,71.66999816894531,0.033845018595457,73.37828063964844,0.0005711234077295544,0.014397968686680206,0.22856066717670648,9378273.551542513,Close
KOD,1660,2018-11-20,2025-07-01,3.759999990463257,1.399999976158142,164.47000122070312,0.0016627684941279254,0.062152488734898564,0.9866401713377105,492760.0602409639,Close
KODK,2928,2013-11-07,2025-07-01,5.96999979019165,1.5499999523162842,37.20000076293945,0.0015425795757653287,0.08617011572664822,1.3679081799502022,1716120.7650273223,Close
KOF,7971,1993-10-29,2025-07-01,95.58000183105467,2.402076244354248,121.07268524169922,0.0005914412691497848,0.020912091692792015,0.33196916407984445,176502.1703675825,Close
KOP,4851,2006-03-21,2025-07-01,33.22999954223633,7.805273056030273,56.40264129638672,0.0006701547597565729,0.03143061270660404,0.49894550865636617,153718.73840445268,Close
KOPN,8328,1992-06-03,2025-07-01,1.5199999809265137,0.209999993443489,49.125,0.0010609247866707457,0.04775022787060809,0.7580113679537659,632845.1849183477,Close
KORE,1109,2021-02-01,2025-07-01,2.289999961853028,1.1699999570846558,55.0,-0.0008744278161333072,0.06489999780580065,1.0302555256967167,42694.93237150586,Close
KOS,3523,2011-06-28,2025-07-01,1.8799999952316284,0.5299999713897705,16.535593032836914,0.00028600239608965206,0.041611348641043426,0.6605596813332385,4304014.788532501,Close
KOSS,11383,1980-05-02,2025-07-01,5.059999942779541,0.0916829705238342,64.0,0.0017434713905364644,0.069403630506028,1.101748478423796,99753.71167530528,Close
KPLT,1349,2020-02-19,2025-07-01,8.079999923706055,5.159999847412109,477.25,-0.0008652211417513363,0.05754320920044078,0.9134701271095813,46512.47739065975,Close
KPRX,2577,2015-04-02,2025-07-01,2.819999933242798,2.595999956130981,110700.0,-0.0005120614759195989,0.08202291462350772,1.3020734034149073,26782.021342646487,Close
KPTI,2896,2013-12-24,2025-07-01,4.360000133514404,3.539999961853028,706.7999877929688,-6.1016888564669495e-05,0.05517257366038691,0.8758374545806582,80852.57216850828,Close
KR,15948,1962-02-16,2025-07-01,71.3499984741211,0.022195890545845,74.0,0.0006514000756025308,0.018124650895200177,0.28771991321138324,4545580.010032606,Close
KRC,7117,1997-03-18,2025-07-01,34.560001373291016,5.365167140960693,67.67084503173828,0.00043135148525445696,0.020635829817584512,0.32758364276867996,527347.9555992694,Close
KREF,2017,2017-06-22,2025-07-01,8.789999961853027,5.396743297576904,15.142574310302734,0.0001550656830663239,0.019474663886323382,0.30915070505869396,398180.3668815072,Close
KRG,5222,2004-09-29,2025-07-01,22.670000076293945,3.499093770980835,30.78692054748535,0.00043006967599695675,0.02710620298017821,0.43029763243673647,559779.2895442359,Close
KRKR,1384,2019-12-27,2025-07-01,5.78000020980835,2.970000028610229,170.0,-0.0004612693994100679,0.06691580537459665,1.0622554788046925,31962.611994219653,Close
KRMD,7830,1994-05-23,2025-07-01,3.680000066757202,0.0149999996647238,12.420000076293944,0.004246011404683218,0.09299250404042535,1.4762102369048076,51596.99872286079,Close
KRNT,2544,2015-05-20,2025-07-01,19.61000061035156,8.829999923706055,176.39999389648438,0.0007026440705992983,0.03541643272670195,0.5622184399194154,313028.30188679247,Close
KRNY,5087,2005-04-13,2025-07-01,6.710000038146973,3.811324596405029,11.649243354797363,0.00028246891850379464,0.020943019944491693,0.3324601348547446,235346.82799292315,Close
KRO,5391,2004-01-28,2025-07-01,6.429999828338623,1.246939778327942,19.457136154174805,0.0005702765983155486,0.03214197875820119,0.5102380946383261,256350.306065665,Close
KROS,1281,2020-05-27,2025-07-01,13.34000015258789,9.550000190734863,82.73999786376953,0.0007399109070111608,0.04589902789371417,0.7286244793583069,336434.0359094457,Close
KRP,2080,2017-03-23,2025-07-01,13.949999809265137,2.200420379638672,15.434199333190918,0.0005959132400102715,0.027008345827815288,0.428744198301769,256806.29807692306,Close
KRRO,1410,2019-11-19,2025-07-01,12.770000457763672,10.800000190734863,2750.5,0.00031543997874065356,0.07607515190782392,1.2076555973973782,31820.693617021276,Close
KRT,1025,2021-06-02,2025-07-01,28.75,11.10555362701416,32.48794937133789,0.0009637614392694665,0.029582934001572792,0.4696145185187908,39081.170731707316,Close
KRUS,1454,2019-09-18,2025-07-01,88.54000091552734,5.28000020980835,119.9800033569336,0.0022631634713871753,0.050572790902955064,0.8028181670141326,119147.52407152682,Close
KRYS,1922,2017-11-06,2025-07-01,139.00999450683594,8.1899995803833,213.66000366210935,0.0023934200201433404,0.04884205963506959,0.7753436598874817,195681.68574401663,Close
KSCP,826,2022-03-16,2025-07-01,4.860000133514404,2.5899999141693115,300.0,-0.0020084314694567536,0.07654394520715906,1.2150974603153837,88801.03389830509,Close
KSS,8305,1992-07-07,2025-07-01,9.15999984741211,1.1775182485580444,55.78521347045898,0.0006139459411498298,0.027335641190202906,0.4339398511066234,3491118.7597832633,Close
KT,6532,1999-07-14,2025-07-01,21.309999465942383,6.690000057220459,63.76314163208008,0.00014673001027351863,0.02101178861230257,0.33355180361286935,771352.2657685241,Close
KTB,1500,2019-07-15,2025-07-01,70.38999938964844,11.635621070861816,94.08551788330078,0.0011364851224151468,0.03152853294087501,0.5004999441855791,590263.4,Close
KTCC,10557,1983-08-09,2025-07-01,2.900000095367432,0.2800000011920929,24.0,0.0008220321274654354,0.04552282716807035,0.7226524779797334,35758.558302548074,Close
KTF,9207,1988-12-09,2025-07-01,8.859999656677246,1.1308002471923828,10.210641860961914,0.00025586429081418124,0.009266836978642837,0.14710647651399672,63023.818833496254,Close
KTH,6099,2001-03-30,2025-07-01,28.3799991607666,5.140691757202148,29.658504486083984,0.0003491307127394364,0.01185527008856156,0.18819657827901945,1117.0027873421873,Close
KTN,5394,2004-01-23,2025-07-01,26.15999984741211,4.134524345397949,26.18000030517578,0.0003456866682663368,0.012065508169833995,0.19153400435399293,1925.9362254356693,Close
KTOS,6418,1999-12-23,2025-07-01,43.06999969482422,2.990000009536743,1578.75,0.00041962485390162335,0.0394189523086954,0.6257564685091406,558100.2570894359,Close
KTTA,919,2021-11-01,2025-07-01,0.7350000143051147,0.718999981880188,112.0,-0.0021258629223189773,0.08159110023809615,1.295218562556872,600321.0663764962,Close
KUKE,1089,2021-03-02,2025-07-01,3.069999933242798,0.19200000166893,9.289999961853027,0.006783866171423259,0.23532254767319674,3.7356296341765196,141177.50229568413,Close
KULR,1714,2018-09-05,2025-07-01,6.309999942779541,0.959999978542328,38.400001525878906,0.0022129814660843405,0.08115090414366757,1.2882306661931124,417654.6359393232,Close
KURA,2429,2015-11-02,2025-07-01,5.599999904632568,2.569999933242798,41.619998931884766,0.0006057561943046972,0.04640612196281345,0.7366743481472219,590793.6599423632,Close
KVHI,7326,1996-05-20,2025-07-01,5.409999847412109,1.0,33.0,0.0006892593910236226,0.03943372362283116,0.6259909558515856,67996.80589680589,Close
KW,4389,2008-01-22,2025-07-01,7.019999980926514,5.004099845886231,20.33806610107422,0.00022658104327641138,0.01799143129135054,0.28560511756211515,453992.0483025746,Close
KWR,11383,1980-05-02,2025-07-01,118.98999786376952,1.3777059316635132,285.5007629394531,0.0007086388846139627,0.025579692980605993,0.4060650374404081,44167.772116313805,Close
KXIN,1889,2017-12-22,2025-07-01,0.8999999761581421,0.8299999833106995,9900.0,0.0007182295684959518,0.13405706475590576,2.12808992901245,81110.44097406034,Close
KYMR,1187,2020-10-08,2025-07-01,44.43999862670898,10.970000267028809,87.83000183105469,0.0014440049343017504,0.04868776942591245,0.7728943787485102,549600.0,Close
KYN,5190,2004-11-12,2025-07-01,12.579999923706056,1.208228349685669,14.418439865112305,0.0004934229485900301,0.023654408443657887,0.37550209291359105,422542.1387283237,Close
KZIA,6629,1999-02-24,2025-07-01,6.630000114440918,3.0899999141693115,10286.373046875,0.0013853079970998978,0.08027595600256639,1.2743412950445205,15477.314527077991,Close
KZR,1733,2018-08-08,2025-07-01,4.400000095367432,3.829999923706055,329.0,-0.0006794032034859569,0.0535199307190437,0.8496025612079756,56038.315060588575,Close
L,11383,1980-05-02,2025-07-01,92.31999969482422,0.5186445713043213,92.31999969482422,0.0005966134204100484,0.01679199841404924,0.2665647109161918,1546570.5789334974,Close
LAB,3585,2011-03-30,2025-07-01,1.2899999618530271,0.9200000166893004,48.88999938964844,0.0004618813954635048,0.047592196139030915,0.7555026919877051,812874.1143654115,Close
LAD,7145,1997-02-05,2025-07-01,343.70001220703125,1.3352171182632446,403.04632568359375,0.0010949811332921532,0.035707299913510765,0.566835813364486,223827.37578726382,Close
LADR,2834,2014-03-26,2025-07-01,10.859999656677246,2.2047982215881348,12.001428604125977,0.0005301064359035164,0.029566210357573657,0.4693490389005719,673086.0621030346,Close
LAKE,9745,1986-10-24,2025-07-01,13.619999885559082,0.5031003355979919,43.63554763793945,0.0009796820085122037,0.04253386554624908,0.6752041832018011,73522.01847101077,Close
LAMR,7241,1996-09-19,2025-07-01,123.12999725341795,3.163379192352295,132.67953491210938,0.000667393901917923,0.02610766960300843,0.41444640648600434,708124.9205910786,Close
LANC,13167,1972-10-12,2025-07-01,180.42999267578125,0.0996339842677116,209.2139434814453,0.0006071969083956373,0.019717656040055504,0.31300808591458495,106576.27143616618,Close
LAND,3092,2013-03-18,2025-07-01,10.34000015258789,4.876969814300537,36.8769760131836,0.00021886459108118807,0.018569130938033217,0.2947758151477886,141679.72186287193,Close
LANDM,1086,2021-03-05,2025-07-01,24.799999237060547,20.21360969543457,24.799999237060547,0.00018730305176406544,0.005646547621584507,0.08963616463677514,4553.77532228361,Close
LANDO,1147,2020-12-04,2025-07-01,19.26000022888184,15.109272003173828,22.72055053710937,8.705381321804895e-05,0.010274823440687876,0.16310776553494283,18195.640802092414,Close
LANV,1047,2021-04-30,2025-07-01,2.1600000858306885,0.9800000190734864,10.100000381469728,-0.00030553176131483057,0.048504735508215116,0.7699888053822082,94215.47277936962,Close
LAR,4189,2008-11-04,2025-07-01,2.0999999046325684,0.1409019976854324,16.489532470703125,0.0022926456675871534,0.06735631086700408,1.069248286709101,1976029.4325614704,Close
LARK,7835,1994-05-16,2025-07-01,26.899999618530277,2.281386137008667,30.325218200683597,0.0005046191805593903,0.019811198121931533,0.31449302042916427,6288.9915762603705,Close
LASR,1772,2018-06-13,2025-07-01,19.13999938964844,6.440000057220459,44.91999816894531,0.00039941627220558515,0.04015995880913078,0.6375195820293463,316758.4085778781,Close
LAUR,2082,2017-03-21,2025-07-01,23.350000381469727,3.568410396575928,23.3799991607666,0.0009490909706341066,0.025663651979698273,0.4073978452319525,911309.1738712776,Close
LAW,958,2021-09-07,2025-07-01,4.409999847412109,3.4100000858306885,65.87999725341797,-0.0015555234371781262,0.0459120111513721,0.728830582184129,306879.4363256785,Close
LAZ,5038,2005-06-22,2025-07-01,48.77000045776367,10.2275390625,59.1988410949707,0.0006054958274640843,0.025170065993112094,0.3995624106051516,796792.9932512902,Close
LAZR,1544,2019-05-10,2025-07-01,2.759999990463257,2.609999895095825,627.0,-0.001075977505009224,0.055286150320762534,0.877640428169229,655812.1049222798,Close
LBRDA,2646,2014-12-22,2025-07-01,100.27999877929688,43.90999984741211,187.1000061035156,0.00046966335142162,0.02011903244584586,0.3193797388256863,153824.6409674981,Close
LBRDK,2645,2014-12-23,2025-07-01,100.8000030517578,43.25,192.82000732421875,0.00045659227209220296,0.019905412897602864,0.3159886336266888,789496.6351606805,Close
LBRDP,1102,2021-02-10,2025-07-01,25.020000457763672,17.75639533996582,25.025259017944336,0.00020816745556884972,0.009621833647027535,0.15274187391881097,9894.64609800363,Close
LBRT,1844,2018-03-01,2025-07-01,11.93000030517578,2.1655375957489014,24.131324768066406,0.0006366461841656569,0.04118506464907998,0.6537926327494997,1820320.6073752712,Close
LBTYA,5270,2004-07-22,2025-07-01,10.140000343322754,4.787940979003906,58.47999954223633,0.0001868905447564123,0.023009336088302315,0.3652618867341099,2732431.4732447816,Close
LBTYB,5266,2004-07-28,2025-07-01,9.56999969482422,4.876797199249268,56.810001373291016,0.0002626503176026879,0.028509134751777656,0.4525684838809969,1028.113748575769,Close
LBTYK,4951,2005-10-25,2025-07-01,10.40999984741211,4.559999942779541,54.40999984741211,0.00021201426520712068,0.021681847394214852,0.34418865701727797,2244395.77863058,Close
LC,2620,2015-01-30,2025-07-01,12.270000457763672,4.409999847412109,118.8000030517578,8.446373260870764e-06,0.040176675695339795,0.6377849543709728,1502329.1603053436,Close
LCID,1168,2020-11-04,2025-07-01,2.0299999713897705,2.009999990463257,58.04999923706055,0.00021213738396702977,0.05632562136464152,0.8941415194321681,41959007.79109589,Close
LCII,10068,1985-07-16,2025-07-01,95.63999938964844,0.1160543859004974,140.3018341064453,0.0014660979921898327,0.04688309718852718,0.7442460951198865,100673.30552244736,Close
LCNB,6426,1999-12-13,2025-07-01,14.880000114440918,2.8014795780181885,16.90141487121582,0.0004112618799006922,0.023220531583509053,0.3686145112841149,11434.204793028322,Close
LCTX,8357,1992-04-22,2025-07-01,0.8999999761581421,0.1800000071525573,26.1875,0.0013905281820192645,0.057139366458617835,0.9070593223277295,290397.1401220534,Close
LCUT,8547,1991-07-23,2025-07-01,5.03000020980835,0.799202024936676,22.96519088745117,0.000579708199721573,0.03294708912452126,0.5230188254817842,39196.12437112437,Close
LDI,1068,2021-03-31,2025-07-01,1.2899999618530271,1.0199999809265137,20.3939266204834,-0.0014370443970793284,0.04562344693081236,0.7242497671948955,644726.872659176,Close
LDOS,4672,2006-12-04,2025-07-01,160.94000244140625,13.111287117004396,199.7222595214844,0.0005597089236549536,0.01712652680765861,0.27187518453207377,993371.4193065069,Close
LDP,3216,2012-09-14,2025-07-01,21.07999992370605,8.597139358520508,21.07999992370605,0.00033627580205086895,0.011756958897494634,0.18663593650307359,83533.17786069652,Close
LDWY,8532,1991-08-12,2025-07-01,4.849999904632568,0.9812184572219848,41.28385543823242,0.0015389517301371213,0.06232597971166962,0.9893942552132099,64348.18260665729,Close
LE,2805,2014-05-07,2025-07-01,11.640000343322754,4.159999847412109,55.36000061035156,0.0006469519998803519,0.04382670488012153,0.6957273713773346,243910.69518716578,Close
LEA,3901,2009-12-28,2025-07-01,100.6500015258789,25.46461677551269,184.59521484375,0.000545849027348645,0.020475224760289207,0.325034116523264,783354.1912330171,Close
LECO,7828,1994-05-25,2025-07-01,210.22000122070312,3.1116278171539307,253.5043487548828,0.0007616431701831025,0.022081389279324678,0.3505311878154052,302685.41134389373,Close
LEDS,3628,2011-01-27,2025-07-01,2.490000009536743,1.0199999809265137,182.8000030517578,0.0010588937676334436,0.07503717480897171,1.1911782217765186,258845.0606394708,Close
LEE,11383,1980-05-02,2025-07-01,6.269999980926514,2.700000047683716,413.9292297363281,0.0005382798110080386,0.03556581998217085,0.5645898890814944,17272.39919177721,Close
LEG,11383,1980-05-02,2025-07-01,9.630000114440918,0.1284989714622497,48.01872634887695,0.0005661088189652236,0.01998472194377231,0.3172476257039813,768225.4326627427,Close
LEGH,1611,2019-02-04,2025-07-01,23.43000030517578,8.59000015258789,28.86000061035156,0.0007146343128993964,0.028560225793574253,0.4533795290258989,49128.67783985102,Close
LEGN,1241,2020-07-23,2025-07-01,36.290000915527344,23.549999237060547,76.5,0.0005529428530019395,0.03328615691590472,0.5284013598033396,795914.0209508461,Close
LEN,11383,1980-05-02,2025-07-01,115.48999786376952,1.2113027572631836,184.24749755859372,0.0008149996189490024,0.02857118567286291,0.4535535117158814,2181329.4931916017,Close
LENZ,975,2021-08-12,2025-07-01,30.049999237060547,-4.232767105102539,37.369998931884766,-0.007347538902322274,0.17763351126358298,2.8198445718877885,245806.87179487178,Close
LEO,9482,1987-11-09,2025-07-01,5.949999809265137,0.8068372011184692,8.041566848754883,0.00025536929576282013,0.01012659101194135,0.16075464867875236,101077.31491246572,Close
LESL,1139,2020-12-16,2025-07-01,0.414000004529953,0.414000004529953,31.34000015258789,-0.0024180588285026205,0.044356167923370014,0.7041323366223442,3385278.2265144866,Close
LEU,6744,1998-09-09,2025-07-01,168.7100067138672,1.0399999618530271,6821.4287109375,0.0010461808175988544,0.05610052630297492,0.8905682461050567,78786.44973309609,Close
LEVI,1546,2019-05-08,2025-07-01,18.8700008392334,8.473494529724121,27.387943267822266,0.00035403961623275455,0.028083123470734918,0.4458057644489141,1903935.5109961191,Close
LEXX,1089,2021-03-02,2025-07-01,0.8500000238418579,0.6890000104904175,8.4399995803833,-0.00026901504918393026,0.05545554272685284,0.8803294492522159,300332.1395775941,Close
LFCR,7358,1996-04-03,2025-07-01,7.960000038146973,1.649999976158142,20.75,0.000738419898147048,0.042368052775989845,0.6725719870759734,112572.4109812449,Close
LFMD,4351,2008-03-17,2025-07-01,13.130000114440918,0.25,30.549999237060547,0.0058504041858152426,0.10381323650180446,1.6479840394830454,173494.96667432773,Close
LFMDP,905,2021-11-19,2025-07-01,24.25,9.664678573608398,25.90838623046875,0.0007723900970860332,0.01728383858819281,0.27437243162963937,4476.353591160221,Close
LFST,986,2021-07-28,2025-07-01,4.989999771118164,4.320000171661377,24.3799991607666,-0.00047982814364555483,0.044220029249023296,0.7019712021655076,1134570.2839756592,Close
LFT,3055,2013-05-09,2025-07-01,2.140000104904175,0.5146641731262207,2.7656402587890625,0.00020897055055483878,0.024388970956241034,0.3871629112979456,95035.45008183306,Close
LFUS,8218,1992-11-06,2025-07-01,231.2100067138672,6.009655475616455,319.4508056640625,0.0007358751931941308,0.024677809533105194,0.39174808155849195,124033.47529812607,Close
LFVN,7828,1994-05-25,2025-07-01,13.390000343322754,0.4193122088909149,99.5866470336914,0.00583368153503887,0.164474436769689,2.610950740320089,38949.06259580991,Close
LFWD,2683,2014-10-29,2025-07-01,0.6349999904632568,0.5820000171661377,5363.75,-0.0012857213887405002,0.06843367986442489,1.0863509893336598,174390.29109206112,Close
LGHL,1482,2019-08-08,2025-07-01,3.0999999046325684,2.569999933242798,25740.0,-0.00314039343800173,0.07394025679662385,1.1737651881607203,42860.039811066126,Close
LGI,5295,2004-06-16,2025-07-01,16.889999389648438,1.9769530296325684,16.889999389648438,0.00040482262340764354,0.01349692599902362,0.21425705794355104,32732.40793201133,Close
LGIH,2895,2013-12-26,2025-07-01,54.81999969482422,12.65999984741211,183.3600006103516,0.000862349258292645,0.03085813366578723,0.4898576856195777,295569.60276338516,Close
LGL,11383,1980-05-02,2025-07-01,7.139999866485596,0.7861059904098511,68.25106811523438,0.00058111845843679,0.03121975026319721,0.4955981711397787,6047.194149169814,Close
LGND,8177,1993-01-07,2025-07-01,112.55999755859376,4.753586769104004,171.2351837158203,0.0008869458384368074,0.038084879833641644,0.6045787245095686,264498.9886266357,Close
LGO,3787,2010-06-11,2025-07-01,1.340000033378601,0.8999999761581421,55.0,0.0008591467558861488,0.0567104333997024,0.9002502211098227,36662.39794032215,Close
LGVN,1067,2021-04-01,2025-07-01,1.2799999713897705,0.8199999928474426,423.0,0.0011369584045727446,0.11917349506858163,1.8918205849310963,948097.6194939081,Close
LH,8846,1990-05-16,2025-07-01,264.260009765625,2.320350408554077,264.260009765625,0.0005772912011280046,0.02438146950426516,0.3870438294395453,837437.9825910015,Close
LHX,10930,1982-02-18,2025-07-01,252.17999267578125,1.3776624202728271,260.2546081542969,0.0006142729450314908,0.019793365819082663,0.31420994139731406,818121.9220494053,Close
LI,1203,2020-09-16,2025-07-01,26.82999992370605,13.619999885559082,46.650001525878906,0.00129355340914288,0.04435229902795325,0.7040709198116165,9927717.206982544,Close
LIDR,1090,2021-03-01,2025-07-01,0.977999985218048,0.5090000033378601,321.8999938964844,-0.001949760848883382,0.08627222176226199,1.3695290630157586,573204.2917431192,Close
LIDRW,1091,2021-02-26,2025-07-01,0.0759999975562095,0.003000000026077,2.049999952316284,0.017807924774439023,0.22713222507781383,3.605612293707862,54059.85334555454,Close
LIEN,820,2022-03-24,2025-07-01,10.34000015258789,5.707602500915527,12.13878345489502,0.00043397482703890183,0.026770100440669933,0.4249621700293995,10314.024390243903,Close
LII,6488,1999-09-15,2025-07-01,598.6599731445312,4.573317050933838,674.155517578125,0.0008628666818098131,0.021912451951189668,0.3478493908709995,369964.1646115906,Close
LILA,2481,2015-08-19,2025-07-01,6.309999942779541,4.5,38.99151611328125,-0.00026667034659861287,0.029645071266482314,0.47060091701939283,300729.90608625556,Close
LILAK,2488,2015-08-10,2025-07-01,6.429999828338623,4.539999961853027,40.48964309692383,-0.0003124730007564672,0.02867225150205771,0.45515788201645724,875989.7311093247,Close
LIN,8285,1992-08-04,2025-07-01,476.75,4.1665358543396,481.8299865722656,0.0007175600508055365,0.017475011871778315,0.27740721342376057,1552662.136391068,Close
LINC,5004,2005-08-10,2025-07-01,23.239999771118164,0.2000000029802322,23.799999237060547,0.0008711615067572892,0.039820247465177525,0.6321268316274593,112448.8209432454,Close
LIND,2984,2013-08-20,2025-07-01,12.279999732971191,3.200000047683716,21.520000457763672,0.0007208891187575397,0.03604080594091712,0.5721300574200358,211964.94638069705,Close
LINK,5879,2002-02-20,2025-07-01,7.989999771118164,0.0333329997956752,32.21333312988281,0.005019624731653873,0.25597498300799376,4.063476881358815,10191.176390542609,Close
LION,804,2022-04-18,2025-07-01,5.760000228881836,5.760000228881836,12.520000457763672,-0.0004439970564031308,0.020887705296401885,0.3315820420385165,418125.4975124378,Close
LIQT,3445,2011-10-18,2025-07-01,1.5399999618530271,1.3799999952316284,144.0,-9.66040883743655e-05,0.047385354958051205,0.7522191900331499,10859.124238026125,Close
LITB,3003,2013-07-24,2025-07-01,1.2000000476837158,0.9900000095367432,133.25999450683594,-0.00013698830446099079,0.052299461621656884,0.8302282149208257,39301.39627039627,Close
LITE,2467,2015-09-09,2025-07-01,91.48999786376952,14.119999885559082,108.93000030517578,0.0011909711885036982,0.03213544359142933,0.5101343520819981,1420028.9420348601,Close
LITM,872,2022-01-07,2025-07-01,3.880000114440918,2.0280001163482666,130.52000427246094,0.0026379060554391873,0.14655487291866276,2.326486483004739,332341.8383027523,Close
LIVE,5861,2002-03-18,2025-07-01,18.959999084472656,2.200000047683716,1026.3363037109375,0.0026501613394127313,0.08545142701383875,1.3564993503252243,24676.78143661491,Close
LIVN,2406,2015-12-04,2025-07-01,45.75,33.849998474121094,130.9499969482422,0.0002113098329315027,0.025351814219308603,0.40244757425161004,471807.27348295925,Close
LIXT,4390,2008-01-18,2025-07-01,1.1799999475479126,0.6000000238418579,58.70000076293945,0.01183631943476428,0.23391620383238212,3.7133046178126623,38592.11845102506,Close
LIXTW,1119,2021-01-15,2025-07-01,0.0230000000447034,0.0199999995529651,1.2000000476837158,0.009860262078562436,0.17273335270771495,2.7420569663461154,9854.334226988383,Close
LKFN,6980,1997-10-01,2025-07-01,63.650001525878906,1.8352802991867063,76.81781768798828,0.0006532276107147957,0.02260644055932003,0.35886611848994826,66876.15329512894,Close
LKQ,5436,2003-11-20,2025-07-01,37.959999084472656,1.5507644414901731,55.90986251831055,0.0008009474435558606,0.022311636954761693,0.3541862563503475,1824642.1265636499,Close
LLY,13349,1972-07-19,2025-07-01,775.9000244140625,0.5026801824569702,954.8265380859376,0.0006494232829006168,0.0172338480198417,0.27357885595910447,3269135.261068245,Close
LMAT,4670,2006-12-06,2025-07-01,83.69000244140625,1.5658966302871704,107.4455795288086,0.0010523656525717377,0.030098780936076038,0.4778033347384145,81841.58458244111,Close
LMB,2707,2014-09-25,2025-07-01,136.0,2.5299999713897705,142.13999938964844,0.001659092541929897,0.036314394429285385,0.5764731400307909,68987.3660879202,Close
LMFA,2364,2016-02-05,2025-07-01,2.740000009536743,1.0700000524520874,2724.0,-7.286233039624901e-05,0.08148133775939864,1.2934761372253543,65618.92512690356,Close
LMND,1222,2020-08-19,2025-07-01,43.65999984741211,10.56999969482422,183.25999450683597,0.0010981634189105138,0.05323294723237227,0.8450468395912867,1828840.3436988543,Close
LMNR,5435,2003-11-21,2025-07-01,15.960000038146973,4.49638557434082,29.534059524536133,0.0006199979581387303,0.027903800671688912,0.4429591032648357,33785.464581416745,Close
LMT,12192,1977-02-17,2025-07-01,465.9400024414063,0.3029745221138,602.15576171875,0.0007782031646961608,0.019080407682472628,0.30289208184929306,1444393.2112860892,Close
LNC,11383,1980-05-02,2025-07-01,34.869998931884766,1.8101935386657717,63.48556900024414,0.0006233202863541143,0.027545644225300252,0.4372735459392415,1413023.6053764385,Close
LND,3268,2012-07-02,2025-07-01,3.990000009536743,1.3162918090820312,6.324108600616455,0.0005962677829009366,0.028246509644374057,0.4483994395476076,20155.079559363527,Close
LNG,7831,1994-05-20,2025-07-01,236.0399932861328,0.385121613740921,252.546630859375,0.0019011838738647697,0.060014729425532404,0.9527042943647341,1420840.5621248882,Close
LNN,9214,1988-11-30,2025-07-01,147.55999755859375,1.476888656616211,176.42816162109375,0.0008204303519047656,0.02521177313129039,0.40022449089824746,121575.5295202952,Close
LNSR,1158,2020-11-18,2025-07-01,12.789999961853027,2.009999990463257,16.8700008392334,0.0011418163127181254,0.041861622494183175,0.6645326555836566,39344.30051813472,Close
LNT,13169,1973-04-09,2025-07-01,61.36000061035156,0.4983886182308197,65.49654388427734,0.00042172668421742396,0.012981112737611253,0.2060687762676734,605445.1818665047,Close
LNTH,2486,2015-08-12,2025-07-01,79.41999816894531,1.830000042915344,123.62000274658205,0.0018554667711275948,0.04146806044109825,0.6582850516760483,646953.7811745777,Close
LNW,10260,1984-10-10,2025-07-01,95.9800033569336,1.0,112.68000030517578,0.001309003876309777,0.04407966047860105,0.6997429170152445,597310.4337231969,Close
LNZA,912,2021-11-10,2025-07-01,0.2840000092983246,0.1599999964237213,10.43000030517578,-0.0019877466528463485,0.061694021259988366,0.9793622258007657,574546.3815789474,Close
LOAN,6541,1999-06-30,2025-07-01,5.519999980926514,0.2112462371587753,5.8191680908203125,0.000926193663655744,0.03796841275453557,0.6027298669461241,19068.903837333743,Close
LOB,2467,2015-09-09,2025-07-01,31.200000762939453,7.934088706970215,96.59713745117188,0.000659361554293585,0.029987123708822252,0.4760308312060353,208906.52614511552,Close
LOCL,1023,2021-06-04,2025-07-01,2.4100000858306885,1.2000000476837158,138.05999755859375,-0.0010991112675960712,0.08037029759223319,1.2758389213518135,22346.701857282504,Close
LOCO,2717,2014-09-11,2025-07-01,11.350000381469728,5.85464334487915,33.6641960144043,-1.3101211755210069e-05,0.026990356921248897,0.4284586332629731,430560.5079131395,Close
LODE,3727,2010-09-07,2025-07-01,3.569999933242798,1.399999976158142,1075.0,0.0005988672253911247,0.06575764332000776,1.0438702261585695,90587.79581432788,Close
LOGI,7077,1997-05-14,2025-07-01,90.9499969482422,0.7886776328086853,130.1197509765625,0.0009649202836457281,0.02803026806019649,0.4449667108185407,562312.9433375724,Close
LOMA,1892,2017-12-19,2025-07-01,11.229999542236328,2.745068073272705,21.396137237548828,0.00040101717427061046,0.03477568396958109,0.5520468687341222,384357.45243128965,Close
LOOP,1879,2018-01-09,2025-07-01,1.3600000143051147,0.8930000066757202,18.0,-9.382477276654772e-05,0.04965441553325995,0.788239409983611,143493.24108568387,Close
LOPE,4144,2009-01-09,2025-07-01,189.2899932861328,12.380000114440918,200.75999450683597,0.0008038565709228633,0.021159005775818744,0.33588880363317414,330444.95656370657,Close
LOT,1010,2021-06-23,2025-07-01,2.200000047683716,1.1200000047683716,14.25,-0.0007569045557572847,0.03802299416058631,0.6035963199058351,155429.30693069307,Close
LOVE,1729,2018-08-14,2025-07-01,18.670000076293945,4.139999866485596,91.38999938964844,0.0011987436619867037,0.050155085415463485,0.7961872979671143,356596.992481203,Close
LOW,11383,1980-05-02,2025-07-01,228.63999938964844,0.1937421858310699,280.14117431640625,0.0008426301115562853,0.022281618120954926,0.35370972213694224,6224235.377317051,Close
LPCN,2907,2013-12-09,2025-07-01,3.190000057220459,2.359999895095825,315.17999267578125,0.0002469478079217706,0.05344427284204714,0.8484015296444395,42048.2779497764,Close
LPG,2771,2014-06-25,2025-07-01,24.600000381469727,2.42748498916626,45.74192428588867,0.0007509712547335145,0.03041995476910605,0.4829018112773273,441727.2103933598,Close
LPL,5237,2004-09-08,2025-07-01,3.470000028610229,2.559999942779541,31.1299991607666,0.0001224606849775919,0.02814765717518184,0.4468302052478039,729757.9530265419,Close
LPLA,3642,2011-01-06,2025-07-01,373.0499877929688,14.532130241394045,388.9599914550781,0.0009936993624837217,0.022846191652382324,0.36267204910274065,704095.9912136189,Close
LPRO,1743,2018-07-25,2025-07-01,1.9800000190734863,0.8339999914169312,43.09000015258789,-0.00017420884668933352,0.036705721810807106,0.5826852696270902,696086.5174985657,Close
LPSN,6312,2000-05-25,2025-07-01,0.9800000190734864,0.1000000014901161,71.55999755859375,0.001118907803165462,0.0540175471995665,0.8575019779424788,605312.7693282636,Close
LPTH,7354,1996-04-10,2025-07-01,3.0199999809265137,0.4000000059604645,522.5,0.001535584097748277,0.06418161076290294,1.018851484933126,115616.51387000272,Close
LPTX,2087,2017-03-14,2025-07-01,0.2960000038146972,0.2619999945163727,100.0999984741211,-0.0007355981282471475,0.061111902129691885,0.9701213710876996,221992.40536655486,Close
LPX,11383,1980-05-02,2025-07-01,91.27999877929688,1.0546596050262451,119.57929229736328,0.0006713326773089404,0.027542844523367024,0.43722910204887894,1099739.769832206,Close
LQDA,1709,2018-09-12,2025-07-01,12.0,2.2799999713897705,37.18000030517578,0.0012382402951871963,0.05551698270157577,0.8813047786142658,689042.0713867759,Close
LQDT,4834,2006-04-13,2025-07-01,23.76000022888184,3.059999942779541,65.26000213623047,0.0007823624266511071,0.03624247324685404,0.5753314266545246,253104.92345883328,Close
LRCX,10337,1984-06-21,2025-07-01,96.80999755859376,0.0611329786479473,111.76861572265624,0.0012117578991105908,0.03511077388508518,0.557366256233739,21423924.243010543,Close
LRFC,2926,2013-11-11,2025-07-01,18.968000411987305,7.487921237945557,51.95524597167969,-1.788899040551097e-05,0.023429944469273153,0.3719388377865,14838.752904989748,Close
LRMR,2742,2014-08-06,2025-07-01,2.880000114440918,0.6570000052452087,51.34000015258789,0.0043603147625204865,0.22562295617224043,3.581653392593843,367202.55288110866,Close
LRN,4381,2008-02-01,2025-07-01,141.5500030517578,7.320000171661377,160.72000122070312,0.000916691019551269,0.03162175199590167,0.5019797508078971,405801.18694362015,Close
LSAK,6559,1999-06-04,2025-07-01,4.510000228881836,2.809999942779541,60.900001525878906,0.000870729314596451,0.04782316810358936,0.7591692582560031,204654.93627077297,Close
LSB,947,2021-09-22,2025-07-01,1.0499999523162842,0.9190000295639038,130.0,-0.0028611497514217,0.06197831873514905,0.9838753083065981,25095.934530095037,Close
LSBK,4807,2006-05-23,2025-07-01,15.920000076293944,3.3661036491394043,16.31999969482422,0.0003647323296664737,0.018399212062244676,0.2920784366174357,2538.2775119617227,Close
LSCC,8942,1989-12-28,2025-07-01,50.13999938964844,0.8958330154418945,97.26000213623048,0.0010834752556677326,0.03595141106391452,0.5707109577418433,1523425.385819727,Close
LSF,1165,2020-11-09,2025-07-01,6.380000114440918,0.6499999761581421,57.83000183105469,0.00020590970237227885,0.06594318257720566,1.0468155705564812,105902.4034334764,Close
LSPD,1173,2020-10-28,2025-07-01,11.630000114440918,7.860000133514404,124.41000366210938,-6.859324126394635e-05,0.04163155683233501,0.6608804764248621,1034291.2190963342,Close
LSTA,6593,1999-04-16,2025-07-01,2.859999895095825,1.899999976158142,623437.5,0.0017913452178258962,0.0873894534575577,1.387264566351308,10168.480054603368,Close
LSTR,8104,1993-04-22,2025-07-01,145.25999450683594,1.2280391454696655,197.6539764404297,0.000809319064556239,0.021236920445656872,0.3371256606724265,478005.7872655479,Close
LTBR,5123,2005-02-18,2025-07-01,12.670000076293944,1.7899999618530271,1494.0,0.0014351159600805503,0.06669032371038215,1.0586760683523933,116094.76302947491,Close
LTC,8242,1992-10-05,2025-07-01,34.68000030517578,0.7229125499725342,37.780906677246094,0.0006296629054071684,0.0199520864481661,0.31672955327225705,153942.48119388497,Close
LTH,903,2021-11-23,2025-07-01,29.440000534057617,9.220000267028809,33.22999954223633,0.0009178279096537375,0.03137728857460957,0.49809901430355163,1028671.5393133998,Close
LTRN,1237,2020-07-29,2025-07-01,3.150000095367432,2.4800000190734863,21.920000076293945,0.0002249397674163318,0.05201135446389067,0.8256546555785034,75357.96281325788,Close
LTRX,6230,2000-09-21,2025-07-01,2.819999933242798,0.8299999833106995,61.79999923706055,0.0006699015389655706,0.04783267402891245,0.7593201601423218,75436.17479935795,Close
LU,1138,2020-12-17,2025-07-01,2.7300000190734863,0.9621005654335022,25.65684509277344,-0.0006018512390707435,0.04952779618795552,0.786229390190539,3096653.734622144,Close
LUCD,898,2021-12-01,2025-07-01,1.100000023841858,0.6700000166893005,7.670000076293945,-0.0012889253604354606,0.04191251085618775,0.6653404832866058,264618.59688195994,Close
LUCK,1019,2021-06-10,2025-07-01,9.380000114440918,6.990131378173828,16.62097930908203,0.0005144436150167646,0.03219392050660562,0.5110626443319661,827981.1579980373,Close
LULU,4478,2007-09-13,2025-07-01,245.1199951171875,2.244999885559082,511.2900085449219,0.0010650954226793666,0.03085037742583736,0.4897345591274799,2301263.6668155426,Close
LUMN,11383,1980-05-02,2025-07-01,4.510000228881836,0.1901530176401138,20.668500900268555,0.0005487832754036229,0.024784501789808545,0.3934417686268119,3867202.891065624,Close
LUNG,1159,2020-11-17,2025-07-01,2.690000057220459,2.569999933242798,69.0199966430664,-0.001289081854312407,0.04607941920292406,0.7314881026153873,377251.07851596206,Close
LUNR,874,2022-01-05,2025-07-01,10.649999618530272,2.109999895095825,81.98999786376953,0.004823424818623371,0.11786534829807162,1.8710543987322457,4799796.567505721,Close
LUV,11435,1980-02-19,2025-07-01,33.40999984741211,0.130717784166336,60.56048583984375,0.0007469380874245972,0.023419175745154897,0.3717678895907738,5035337.388369042,Close
LUXE,1083,2021-03-10,2025-07-01,7.889999866485596,2.049999952316284,33.380001068115234,-0.00022395230248536269,0.04639865961882205,0.7365558871088288,154132.77931671284,Close
LVLU,878,2021-12-30,2025-07-01,0.2430000007152557,0.2430000007152557,19.700000762939453,-0.0024354618886858305,0.060874274849089124,0.9663491549525027,100633.82687927107,Close
LVO,1912,2017-11-20,2025-07-01,0.8610000014305115,0.5009999871253967,30.0,0.0004276290879178477,0.06495360330811642,1.0311064866649102,434693.2531380753,Close
LVRO,886,2021-12-17,2025-07-01,2.150000095367432,2.009999990463257,10.899999618530272,-0.0010022854624287226,0.038119713393227776,0.6051316901252329,31250.112866817155,Close
LVS,5135,2005-02-02,2025-07-01,47.380001068115234,0.9122743010520936,92.8721160888672,0.0007610201548968188,0.03665856296369791,0.5819366461376856,8808117.896786757,Close
LVTX,1038,2021-05-13,2025-07-01,1.3200000524520874,0.906000018119812,13.949999809265137,-0.0002692355386027908,0.06706558801767278,1.0646332045504527,264165.8959537572,Close
LVWR,1121,2021-01-13,2025-07-01,4.630000114440918,1.0,12.289999961853027,0.0008908080596173922,0.06687948817942795,1.0616789612043016,339035.682426405,Close
LW,2137,2016-12-29,2025-07-01,52.369998931884766,32.27032470703125,110.8708038330078,0.0004651340473893812,0.021860941619945645,0.347031689712466,1517439.9157697707,Close
LWAY,9161,1989-02-15,2025-07-01,24.90999984741211,0.2316642254590988,27.309999465942383,0.001600016308849626,0.05018684504346146,0.7966914664316016,38115.1621002074,Close
LWLG,4779,2006-07-03,2025-07-01,1.2300000190734863,0.3000000119209289,19.559999465942383,0.0017610837408492906,0.06071578357135839,0.9638331839174124,243918.60221803724,Close
LX,1857,2018-02-09,2025-07-01,7.050000190734863,1.1198705434799194,16.444866180419922,0.0008065754009644411,0.0472475820807155,0.7500321134081094,1443743.24178783,Close
LXEH,1159,2020-11-17,2025-07-01,1.2100000381469729,1.2100000381469729,250.0,0.0012736013596778362,0.10013450093064223,1.5895859227202709,39025.19413287317,Close
LXFR,3170,2012-11-21,2025-07-01,12.289999961853027,6.517910480499268,22.06095123291016,0.0004547738841833803,0.02404921468285795,0.3817694476634714,101033.62776025236,Close
LXP,7943,1993-12-09,2025-07-01,8.350000381469727,0.7881991863250732,13.36215114593506,0.00045302244659634354,0.024016714765951346,0.3812535274768805,972544.0010071761,Close
LXRX,6312,2000-05-25,2025-07-01,0.8799999952316284,0.2899999916553497,329.875,0.0007735833335086172,0.05488926660766755,0.8713400945436617,849376.2088086185,Close
LXU,11435,1980-02-19,2025-07-01,7.849999904632568,0.4326919913291931,36.87692260742188,0.0013871155001165868,0.0509049004989559,0.8080902434083507,169325.14560559686,Close
LYB,3785,2010-06-15,2025-07-01,61.20000076293945,6.449238300323486,97.18524169921876,0.000799969867444172,0.022082247868794536,0.35054481750069844,3040261.7173051517,Close
LYEL,981,2021-08-04,2025-07-01,9.425000190734863,7.800000190734863,359.0,-0.0016953811025237873,0.0618478977841022,0.9818049398932631,54466.12130479103,Close
LYFT,1540,2019-05-16,2025-07-01,16.190000534057617,7.989999771118164,67.44999694824219,0.0001994833172762629,0.0442122373349606,0.7018475093644252,11880620.714285715,Close
LYG,5902,2002-01-16,2025-07-01,4.230000019073486,0.8561533689498901,17.344207763671875,0.00029299641660176324,0.030709492217652193,0.4874980757818868,4537544.256184344,Close
LYRA,1265,2020-06-18,2025-07-01,8.895000457763672,4.25,780.5,0.00030241080121494045,0.1051012289514348,1.66843028575655,43728.56600790514,Close
LYTS,10122,1985-04-29,2025-07-01,17.239999771118164,0.5267828702926636,24.584030151367188,0.0007746142842481121,0.032345088328835,0.5134623591150912,84983.57893696897,Close
LYV,4878,2006-02-09,2025-07-01,149.8800048828125,2.5199999809265137,154.66000366210938,0.0008641401933719878,0.029328838642672685,0.4655808797451185,1541349.46699467,Close
LZ,972,2021-08-17,2025-07-01,9.0,5.570000171661377,36.84999847412109,-0.0006710120012877746,0.03718445141477115,0.59028486649109,1378393.0041152264,Close
LZB,13169,1973-04-09,2025-07-01,38.650001525878906,0.1710760742425918,47.52096557617188,0.0006122779752786543,0.026807300068948766,0.4255526958211385,232307.78343078442,Close
LZM,857,2022-01-31,2025-07-01,4.199999809265137,2.970000028610229,16.600000381469727,-0.00013584000800856568,0.0420928710589293,0.6682036127438098,88769.54492415402,Close
M,8377,1992-03-24,2025-07-01,12.329999923706056,3.0691936016082764,47.07889938354492,0.0005414226819457209,0.028253519874027837,0.4485107234933917,6919662.36122717,Close
MA,4772,2006-07-13,2025-07-01,564.6099853515625,3.999993324279785,590.739990234375,0.001241534772215603,0.020647830746070867,0.3277741516023406,10346226.990779547,Close
MAA,7875,1994-03-17,2025-07-01,148.89999389648438,3.9563610553741455,202.2484130859375,0.0006073910747915385,0.017327319915784994,0.27506267630654246,350166.15873015876,Close
MAAS,1540,2019-05-16,2025-07-01,3.4100000858306885,2.5299999713897705,870.0,-0.00020493221154349134,0.09270906044024216,1.4717107092440225,5876.79935064935,Close
MAC,7847,1994-04-28,2025-07-01,16.440000534057617,2.40700364112854,54.2425422668457,0.0005722343288111707,0.02633860661204925,0.4181124178526628,1268899.5052886454,Close
MAG,4572,2007-05-01,2025-07-01,21.1200008392334,3.1600000858306885,23.700000762939453,0.0008298332544639295,0.035423222284338855,0.5623262208055317,311073.16272965877,Close
MAGN,11383,1980-05-02,2025-07-01,12.760000228881836,11.5600004196167,357.7980041503906,0.0003001967353766978,0.02584339981937186,0.41025125372681703,22702.925766493896,Close
MAIN,4427,2007-11-26,2025-07-01,59.27999877929688,2.2685656547546387,61.30879974365234,0.0008228652934165828,0.018485786012725117,0.2934527554753617,260709.05805285746,Close
MAMA,960,2021-09-02,2025-07-01,8.640000343322754,1.0,9.850000381469728,0.0018808997002379162,0.03689527115228088,0.5856942721393843,215177.08333333334,Close
MAN,9220,1988-11-21,2025-07-01,42.36000061035156,5.662148475646973,107.74412536621094,0.0004093928473807396,0.022546626095705954,0.3579165933167828,535169.219088937,Close
MANH,6807,1998-06-10,2025-07-01,198.00999450683597,0.8828129768371582,309.7799987792969,0.001189929398699157,0.03604610102575275,0.5722141142859122,875202.4533568386,Close
MANU,3207,2012-09-27,2025-07-01,16.989999771118164,10.510000228881836,26.84000015258789,0.0003485561043936615,0.022336893737099187,0.35458719534024374,335640.0374181478,Close
MAPS,1412,2019-11-15,2025-07-01,0.8960000276565552,0.6179999709129333,28.709999084472656,-0.0002991234584673459,0.05385490554117672,0.8549201216569681,695316.4305949009,Close
MAR,6829,1998-05-08,2025-07-01,278.07000732421875,7.260548114776611,302.989501953125,0.0006964269167133284,0.0215413884860008,0.34195894097392976,2695914.246595402,Close
MARA,3275,2012-06-21,2025-07-01,15.699999809265137,0.4000000059604645,154.72000122070312,0.003778671346657177,0.10530482717928426,1.6716623074261288,12439107.43908397,Close
MARPS,11383,1980-05-02,2025-07-01,4.590000152587891,0.2112531065940857,11.53847885131836,0.0007647667780078486,0.0366449461274648,0.5817204855637877,16054.748308881666,Close
MAS,11383,1980-05-02,2025-07-01,67.0999984741211,0.9701907634735109,84.63251495361328,0.000605267622781652,0.02163926607930023,0.3435126995987047,2385211.512430818,Close
MASI,4470,2007-09-25,2025-07-01,169.00999450683594,17.000865936279297,303.2900085449219,0.0007199625936383957,0.023164576264146215,0.3677262481267233,509959.64205816557,Close
MASS,1104,2021-02-08,2025-07-01,6.480000019073486,1.8799999952316284,75.0,-0.0003512456968856015,0.06268186964756464,0.9950438328001435,439587.40942028986,Close
MAT,12329,1976-08-04,2025-07-01,20.21999931335449,0.4635805189609527,39.39514923095703,0.0006105560277887154,0.026694682951261667,0.4237649545005248,2279877.262470598,Close
MATH,1900,2017-12-07,2025-07-01,3.2100000381469727,0.449999988079071,6.380000114440918,0.0021183758821230136,0.06969643592542166,1.1063966203572815,188268.94736842104,Close
MATV,7425,1995-12-28,2025-07-01,7.059999942779541,2.3529036045074463,40.76265335083008,0.0003921992750321035,0.02559551996737066,0.406316283066305,218171.60942760942,Close
MATW,7757,1994-09-06,2025-07-01,24.59000015258789,2.204183578491211,62.19858932495117,0.0005285126331376,0.021695837068407012,0.34441073621028956,110712.3630269434,Close
MATX,13119,1973-06-20,2025-07-01,114.41999816894533,0.3534588813781738,166.35023498535156,0.0006677808507855372,0.021378033276165886,0.33936575741039005,262221.3533043677,Close
MAV,5423,2003-12-10,2025-07-01,8.3100004196167,2.451967477798462,10.74316120147705,0.00020450418553066667,0.01011873752884101,0.16062997849949748,68222.8655725613,Close
MAX,1140,2020-12-15,2025-07-01,10.84000015258789,5.360000133514404,64.11000061035156,-8.658382793667577e-05,0.04274955831310561,0.6786281997259881,344602.1929824561,Close
MAXN,1184,2020-10-13,2025-07-01,3.2699999809265137,2.5299999713897705,5514.0,-0.002404731097052633,0.0768156492652059,1.2194106285221775,161892.34037162163,Close
MAYS,10182,1985-01-31,2025-07-01,37.63999938964844,3.4375,67.13999938964844,0.0006338193066251516,0.03336915803675501,0.5297189617491965,737.6939697505402,Close
MBBC,1022,2021-06-07,2025-07-01,10.0,4.992711067199707,11.253643989562988,0.0003979902885969555,0.017424078342943513,0.27659866871960964,1538.4774951076322,Close
MBCN,5589,2003-04-15,2025-07-01,31.01000022888184,4.3586907386779785,35.026309967041016,0.0005137381620073773,0.020772577284949537,0.32975444151507466,5325.132224011451,Close
MBI,9540,1987-08-18,2025-07-01,4.380000114440918,0.9989498853683472,31.092613220214844,0.0006654040245588045,0.03505022040765065,0.5564049995798674,1669095.1153039832,Close
MBIN,1895,2017-12-14,2025-07-01,34.52000045776367,8.184407234191895,52.05110549926758,0.0008660882317323316,0.02572243340866492,0.4083309714884811,96187.78364116095,Close
MBINN,1045,2021-05-04,2025-07-01,19.46999931335449,13.712108612060549,23.00921440124512,0.00013209884586250502,0.016333169281412572,0.2592810242408233,11798.086124401914,Close
MBIO,1942,2017-10-09,2025-07-01,2.049999952316284,0.9549999833106996,9285.0,-0.0006745535378769061,0.12745212438511483,2.023239751139309,50170.10710607621,Close
MBNKP,1358,2020-02-05,2025-07-01,24.989999771118164,5.436540603637695,25.30964469909668,0.0009556976797513333,0.03548971160855492,0.5633817061058305,3651.767304860088,Close
MBOT,8343,1992-05-12,2025-07-01,2.490000009536743,0.8299999833106995,301725.0,0.0014299849099387901,0.09975693936077504,1.5835923186093686,167829.25865995444,Close
MBRX,2250,2016-07-20,2025-07-01,0.324999988079071,0.2669999897480011,42.119998931884766,0.004963696147744217,0.26639376525267644,4.228869922060209,468655.224,Close
MBUU,2838,2014-03-20,2025-07-01,33.79499816894531,11.579999923706056,91.94000244140624,0.0005390379722929872,0.028315057320253502,0.44948760016757844,177537.35024665258,Close
MBWM,6495,1999-09-03,2025-07-01,47.810001373291016,1.656976342201233,50.93339538574219,0.0006547169401394026,0.025760028072361416,0.40892776827306526,32030.93795227098,Close
MC,2786,2014-06-04,2025-07-01,64.0,11.13168716430664,79.55033874511719,0.0007824083367661388,0.02202773451665521,0.3496794448633395,450852.54845656856,Close
MCB,1887,2017-12-27,2025-07-01,72.23999786376953,17.709999084472656,112.2300033569336,0.0009627568918413362,0.036911703321746966,0.5859551247428355,88312.24165341812,Close
MCBS,1430,2019-10-22,2025-07-01,29.40999984741211,7.263823986053467,34.88348388671875,0.0009853712883998137,0.025762956356842844,0.4089742533481007,36836.08391608392,Close
MCD,14813,1966-08-19,2025-07-01,297.489990234375,0.0652611181139946,319.4780578613281,0.0007215216034383864,0.0182699580554917,0.2900265928704735,4270112.634172686,Close
MCFT,2471,2015-09-02,2025-07-01,19.559999465942383,5.150000095367432,37.81999969482422,0.0007424271158222506,0.03177286397851357,0.5043785791645751,169828.4904896803,Close
MCHP,8094,1993-05-06,2025-07-01,71.68000030517578,0.2456417977809906,96.78651428222656,0.001153030542719125,0.030227185487476528,0.47984169379970154,5479793.223128243,Close
MCHX,5314,2004-05-18,2025-07-01,2.1600000858306885,1.2300000190734863,19.35841178894043,0.0003864195901114793,0.0358630596248203,0.5693084221269354,163689.57470831764,Close
MCI,11383,1980-05-02,2025-07-01,21.770000457763672,0.0952271670103073,24.52896881103516,0.0005700297365437687,0.0144268198065975,0.22901866450678762,17589.651234296758,Close
MCK,7677,1994-12-29,2025-07-01,727.739990234375,12.333551406860352,732.780029296875,0.0007369296979944309,0.019979257376600352,0.31716087838942364,1520493.5130910513,Close
MCN,5230,2004-09-17,2025-07-01,6.320000171661377,0.9020981192588806,6.807515621185303,0.00030276530819060496,0.012843839441302784,0.20388963024557963,65174.16826003824,Close
MCO,7685,1994-12-16,2025-07-01,502.4800109863281,5.41876220703125,525.4746704101562,0.0007883812133890315,0.02043498500561536,0.3243953302211526,1656575.1333767078,Close
MCR,9020,1989-09-07,2025-07-01,6.360000133514404,0.4653674364089966,6.400201797485352,0.0003085173561194364,0.009020407186835113,0.14319452484543274,123545.14412416851,Close
MCRB,2485,2015-08-13,2025-07-01,10.704999923706056,6.769999980926514,989.7999877929688,0.0009883811198889859,0.0966794924305421,1.5347393631069954,64220.09657947686,Close
MCRI,7997,1993-09-23,2025-07-01,88.87999725341797,0.9022486805915833,93.82061767578124,0.001138356153930876,0.038304079517421576,0.6080584116140428,65167.787920470175,Close
MCS,11383,1980-05-02,2025-07-01,16.790000915527344,0.3514754176139831,41.61194610595703,0.0006621725278430774,0.02576373448790787,0.4089866057958136,91594.24290608802,Close
MCVT,3820,2010-04-26,2025-07-01,1.809999942779541,0.0954265519976615,8.58838939666748,0.005632935092298684,0.14990714104920175,2.3797020898132204,9210.538743455498,Close
MCW,975,2021-08-12,2025-07-01,6.239999771118164,4.980000019073486,20.56999969482422,-0.0007778839125177167,0.02888862156224497,0.45859265023895057,1434148.8205128205,Close
MCY,9946,1986-01-09,2025-07-01,67.01000213623047,0.7633163928985596,77.77734375,0.0005859610853025057,0.01970765913046026,0.3128493898945757,179024.62296400563,Close
MD,7461,1995-11-06,2025-07-01,14.329999923706056,1.65625,85.47000122070312,0.0005909228037337613,0.030376215922932853,0.48220747861968416,767397.4936335612,Close
MDAI,1032,2021-05-21,2025-07-01,2.700000047683716,0.9399999976158142,14.43000030517578,0.00020155972874441865,0.05284443971633218,0.8388794739717575,467932.94573643414,Close
MDB,1901,2017-12-06,2025-07-01,206.0399932861328,25.76000022888184,585.030029296875,0.0019261960655089902,0.04109354542800188,0.6523398101545698,1356621.6728037875,Close
MDGL,4597,2007-03-26,2025-07-01,300.1600036621094,6.650000095367432,409.8500061035156,0.0017269205546429926,0.06741653407597711,1.0702043005136825,129655.66238851425,Close
MDIA,1346,2020-02-24,2025-07-01,1.1200000047683716,0.4149999916553497,17.0,0.003957652155811134,0.13006100364737094,2.064654425510449,446441.60475482914,Close
MDLZ,6015,2001-07-31,2025-07-01,68.95999908447266,9.29293727874756,73.94780731201172,0.00039144864422604856,0.013350518858558837,0.21193291664054753,7530328.4289276805,Close
MDRR,1622,2019-01-17,2025-07-01,10.75,9.541085243225098,109.88763427734376,-0.00021771451106989906,0.055339281801095555,0.8784838642717284,23177.304562268804,Close
MDT,13120,1973-06-19,2025-07-01,88.75,0.0692005977034568,120.31998443603516,0.0006627889382928855,0.019737902545396497,0.31332948922288745,4224982.614329268,Close
MDU,13169,1973-04-09,2025-07-01,16.770000457763672,0.2070323824882507,19.713106155395508,0.00041799731531873757,0.015430144927488893,0.24494595703092228,1123175.6194092187,Close
MDV,815,2022-03-31,2025-07-01,14.5600004196167,7.141164302825928,16.92334747314453,0.00042946235610223725,0.028232709946615798,0.44818037613699035,27233.301840490796,Close
MDWD,2805,2014-05-07,2025-07-01,19.200000762939453,7.179999828338623,87.5,0.00023887330845960843,0.03864112455267314,0.6134088356774706,23022.520499108734,Close
MDXG,4341,2008-04-01,2025-07-01,6.21999979019165,0.4000000059604645,17.959999084472656,0.0014039432255297788,0.05225081690754489,0.8294560040239967,730458.9014052062,Close
MDXH,883,2021-12-22,2025-07-01,2.119999885559082,0.3499999940395355,10.270000457763672,0.0076812385805454745,0.2856746201252337,4.534944004405296,78828.31257078143,Close
MEC,1512,2019-06-26,2025-07-01,16.260000228881836,4.010000228881836,21.809999465942383,0.0008485707104331551,0.038651009624672265,0.6135657563306806,79943.18783068784,Close
MED,7896,1994-02-15,2025-07-01,14.670000076293944,0.0709678083658218,294.2645263671875,0.0026649187859198167,0.0747572849174805,1.1867351074923191,191318.7816616008,Close
MEDP,2201,2016-09-28,2025-07-01,321.06500244140625,22.18000030517578,457.2900085449219,0.001531219939268413,0.029703727528077904,0.47153205630550493,322973.3303044071,Close
MEG,1208,2020-09-09,2025-07-01,21.940000534057617,10.739999771118164,78.20999908447266,0.0005354491807158944,0.04063051358461317,0.6449894075143078,279085.678807947,Close
MEGI,889,2021-12-14,2025-07-01,14.43000030517578,8.622387886047363,14.43000030517578,0.00013654507819536342,0.013483568522080531,0.21404501457074288,160110.68616422947,Close
MEI,10727,1982-12-07,2025-07-01,9.880000114440918,0.1755346059799194,46.0709228515625,0.0009338982307178612,0.03442339455510934,0.5464544476528455,305819.4654609863,Close
MEIP,5384,2004-02-06,2025-07-01,2.359999895095825,1.8600000143051147,11903.46484375,0.0005010843804812229,0.065899769943565,1.0461264163622521,22518.02971768202,Close
MELI,4468,2007-09-27,2025-07-01,2501.39990234375,8.02330207824707,2613.6298828125,0.0015295289744447801,0.03441415644720827,0.5463077972362993,606619.7179946285,Close
MEOH,8305,1992-07-07,2025-07-01,33.790000915527344,0.93708735704422,72.03209686279297,0.0006306642803282537,0.027937717564110197,0.4434975172403808,441464.8163756773,Close
MERC,9274,1988-09-06,2025-07-01,3.640000104904175,0.1831618547439575,18.28150749206543,0.000625167785531135,0.03834852935954102,0.6087640309824276,181973.1944144921,Close
MESA,1698,2018-09-27,2025-07-01,0.9200000166893004,0.4399999976158142,16.579999923706055,-0.00010689852148507755,0.05543397008552146,0.8799869941877022,562727.0906949352,Close
MESO,3853,2010-03-09,2025-07-01,12.119999885559082,1.7200000286102295,106.33999633789062,0.0012156459072341177,0.05340055475610813,0.8477075265452974,110710.90059693746,Close
MET,6314,2000-05-23,2025-07-01,81.08999633789062,6.633706569671631,87.04399871826172,0.0006516694343379353,0.02471226613092033,0.39229506309155726,5778459.2703516,Close
META,3265,2012-07-06,2025-07-01,719.219970703125,17.63326072692871,738.0900268554688,0.0012711991484506415,0.02495615403329959,0.39616666351639357,28544282.48085758,Close
METC,2080,2017-03-23,2025-07-01,9.979999542236328,1.8650814294815063,21.65579605102539,0.0011124469378338622,0.0457368023362621,0.726049228470405,377256.5375,Close
METCL,963,2021-08-30,2025-07-01,25.649999618530277,19.401933670043945,25.84000015258789,0.00028730393766642084,0.004881126481388605,0.07748548072563596,4028.03738317757,Close
MFA,6815,1998-05-29,2025-07-01,9.529999732971191,0.701203465461731,15.64073657989502,0.0008455163699440936,0.03651570316762506,0.5796688171811366,717495.935436537,Close
MFC,6448,1999-11-10,2025-07-01,32.0,2.340954303741455,32.869998931884766,0.0006063044696480701,0.0209213405780338,0.3321159855813705,2001185.7009925558,Close
MFG,4656,2006-12-27,2025-07-01,5.619999885559082,2.0,15.100000381469728,2.8246297244987244e-05,0.02135092831781896,0.33893547953589365,661167.8264604812,Close
MFH,2541,2015-05-26,2025-07-01,4.28000020980835,0.5555559992790222,266.4444580078125,0.0017201987941036672,0.08584831865698278,1.3627998098364178,129461.30066902794,Close
MFIC,5310,2004-05-24,2025-07-01,12.460000038146973,0.9513524770736694,13.92014217376709,0.0005423984540689752,0.024698279471949063,0.3920730317636934,447261.23559322034,Close
MFIN,7290,1996-07-11,2025-07-01,9.869999885559082,0.984865665435791,11.632094383239746,0.0006684149382959117,0.03187563678262286,0.5060100468518588,97586.37860082304,Close
MFM,9695,1987-01-07,2025-07-01,5.150000095367432,0.6288723349571228,6.1817307472229,0.0002472443980486344,0.011293761151235612,0.17928290023639176,61187.56059824652,Close
MG,3923,2009-11-24,2025-07-01,8.029999732971191,2.9100000858306885,26.959999084472656,0.00032530484910757185,0.02961888404737647,0.4701852078036983,113371.322967117,Close
MGA,10230,1984-11-21,2025-07-01,40.02999877929688,0.1841843724250793,91.4150161743164,0.0005812593792077582,0.022735720931955992,0.36091838078232735,1290810.5865102638,Close
MGEE,11383,1980-05-02,2025-07-01,89.69999694824219,0.635289192199707,106.63015747070312,0.0005382534758454353,0.015723591816398125,0.24960428197727885,57523.25388737591,Close
MGF,9569,1987-07-08,2025-07-01,3.140000104904175,0.4145565629005432,3.302220106124878,0.00023680684519469144,0.009380021028179282,0.1489032175987126,115841.9479569443,Close
MGIC,8486,1991-10-17,2025-07-01,19.670000076293945,0.3075911700725555,21.47580909729004,0.000978353877517926,0.0372554927521573,0.5914126127602652,86326.86778222956,Close
MGM,9329,1988-06-17,2025-07-01,36.88999938964844,1.785124659538269,94.21493530273438,0.0007418888884878916,0.030613007172424437,0.48596642317243005,5694335.780898274,Close
MGNI,2796,2014-05-20,2025-07-01,24.1200008392334,1.4900000095367432,61.79999923706055,0.0013231650475624794,0.04677285573843295,0.7424960663531637,1382084.2274678112,Close
MGNX,2915,2013-11-26,2025-07-01,1.2599999904632568,1.059999942779541,40.209999084472656,0.00077445378588703,0.06815130956922001,1.0818684998611958,643915.4030874786,Close
MGPI,9208,1988-12-08,2025-07-01,31.979999542236328,0.4423199295997619,123.14322662353516,0.0007647950938649799,0.03310304045671028,0.5254944761313924,91656.99391833188,Close
MGR,1540,2019-05-16,2025-07-01,20.709999084472656,11.96875286102295,23.843549728393555,0.00023288246780434367,0.01581676660544813,0.25108338589900214,26037.077922077922,Close
MGRB,1161,2020-11-13,2025-07-01,17.059999465942383,13.891948699951172,21.00816535949707,-7.694338085115074e-05,0.010839270082408491,0.17206807818909275,25587.683031869077,Close
MGRC,10203,1985-01-02,2025-07-01,118.5199966430664,0.2848830819129944,128.3731689453125,0.0009156496627947463,0.025655456138141314,0.4072677402806849,80687.88591590709,Close
MGRD,956,2021-09-09,2025-07-01,15.239999771118164,12.288246154785156,19.783077239990234,-0.00019339277524455385,0.01213252434728892,0.19259785319017636,15188.912133891214,Close
MGTX,1742,2018-07-26,2025-07-01,6.480000019073486,3.5999999046325684,30.01000022888184,0.0007470980195515352,0.042700741742074395,0.677853260685143,191927.61194029852,Close
MGY,1979,2017-08-16,2025-07-01,22.809999465942383,3.1213297843933105,28.40858459472656,0.0009284456354105583,0.03028585020992982,0.48077296739776576,1755140.2728650833,Close
MGYR,4857,2006-03-13,2025-07-01,16.610000610351562,1.7882821559906006,16.950000762939453,0.0007418451586217195,0.03542570453078156,0.5623656252462127,3136.0914144533663,Close
MHD,7050,1997-06-23,2025-07-01,11.229999542236328,2.429734945297241,14.315762519836426,0.00024690771310730697,0.008949245773621016,0.1420648724315823,41298.8085106383,Close
MHF,9187,1989-01-10,2025-07-01,7.039999961853027,1.095091462135315,7.706580638885498,0.00024428086013375777,0.010038855580399606,0.15936189188058206,35409.0889300098,Close
MHH,4145,2009-01-08,2025-07-01,7.289999961853027,0.4243330359458923,28.670000076293945,0.0012055468092157246,0.03531496427277823,0.560607678149413,23195.922798552474,Close
MHI,5491,2003-09-04,2025-07-01,9.170000076293944,2.633427858352661,10.976573944091797,0.00021081018541478102,0.00947625838950794,0.15043093834816473,66145.055545438,Close
MHK,8338,1992-05-19,2025-07-01,109.41000366210938,5.111111164093018,284.82000732421875,0.0006571528376852247,0.02576860513673073,0.40906392494886645,561737.1072199568,Close
MHLA,3470,2011-09-13,2025-07-01,14.579999923706056,11.456294059753418,20.197729110717773,0.00018522794150941448,0.015458190891893571,0.24539117291348478,10763.659942363112,Close
MHN,6954,1997-11-06,2025-07-01,9.850000381469728,2.688121795654297,12.487208366394045,0.00019307659987555112,0.007987375047782503,0.12679564802781093,51567.44319815933,Close
MHNC,2881,2014-01-16,2025-07-01,16.790000915527344,8.691507339477539,18.11075782775879,0.0003296643335555532,0.014370031700857828,0.22811718127550598,14387.71259979174,Close
MHO,7935,1993-12-21,2025-07-01,116.62999725341795,3.1184022426605225,174.9199981689453,0.0008288321689317582,0.031491678597998375,0.4999148996296735,180420.12602394455,Close
MHUA,812,2022-04-05,2025-07-01,0.4129999876022339,0.2669999897480011,39.0,-0.00026631928562296267,0.08360037887931047,1.3271148721525932,295655.54187192116,Close
MI,2379,2016-01-14,2025-07-01,2.180000066757202,1.5800000429153442,2690.0,0.002192888194093107,0.10154424783459132,1.6119649610366262,19004.64480874317,Close
MIDD,9513,1987-09-25,2025-07-01,147.33999633789062,0.1312404721975326,199.6499938964844,0.0011821338366666762,0.03531805984397217,0.5606568188186822,333488.97298433725,Close
MIGI,3326,2012-04-10,2025-07-01,0.4399999976158142,0.3799999952316284,21319.19921875,0.004589538864745666,0.14716339263204142,2.3361464339816203,114221.16386049308,Close
MIN,9364,1988-04-28,2025-07-01,2.700000047683716,0.3939317464828491,2.7100000381469727,0.00023887769245314422,0.008881771832083656,0.1409937568158713,323164.1392567279,Close
MIND,7651,1995-02-06,2025-07-01,8.569999694824219,3.1700000762939453,3287.5,0.0005884024303190223,0.042943839073248904,0.6817123111811705,8585.612991765782,Close
MINM,3924,2009-11-23,2025-07-01,2.650000095367432,0.1400000005960464,112.5,0.006007565988230407,0.13419255412860712,2.13024075612521,128454.17940876656,Close
MIO,946,2021-09-23,2025-07-01,11.84000015258789,8.23231315612793,16.84166145324707,-0.0003083854971870535,0.009619435597134284,0.15270380605691655,52666.9133192389,Close
MIR,1188,2020-10-07,2025-07-01,20.530000686645508,5.670000076293945,21.709999084472656,0.0009464755309478715,0.027248557443288086,0.4325574394811896,1543685.7744107745,Close
MIRM,1464,2019-09-04,2025-07-01,48.38999938964844,6.840000152587891,53.15999984741211,0.0020867316604630598,0.048972388881356514,0.7774125725328839,326484.08469945355,Close
MIST,1512,2019-06-26,2025-07-01,1.8799999952316284,0.652999997138977,27.149999618530277,0.0008889579451566294,0.06840278391925865,1.0858605314090788,570293.5846560847,Close
MITK,9159,1989-02-17,2025-07-01,10.18000030517578,0.050000000745058,23.030000686645508,0.0028118391079373565,0.07808463931712571,1.2395552210837462,194445.2341958729,Close
MITQ,967,2021-08-24,2025-07-01,0.6549999713897705,0.4740000069141388,3.5999999046325684,-6.34676825986469e-05,0.05719689594749384,0.9079725746514408,754680.6618407445,Close
MITT,3488,2011-08-17,2025-07-01,7.670000076293945,2.576686143875122,30.285717010498047,0.00048641903580614525,0.03683844163584196,0.5847921315336316,175818.17746559632,Close
MIY,8187,1992-12-22,2025-07-01,11.09000015258789,1.87879741191864,13.25275421142578,0.00022135925005528599,0.008416025877324011,0.13360026899330116,32147.807499694638,Close
MKC,13169,1973-04-09,2025-07-01,77.16999816894531,0.1535495072603225,97.81094360351562,0.0005492919521173581,0.016658008635620284,0.2644376891245058,1181700.9947604223,Close
MKL,9678,1987-01-30,2025-07-01,1994.2099609375,9.625,2059.830078125,0.0007159192564983142,0.018120925014160585,0.28766076668351104,26162.729902872496,Close
MKSI,6572,1999-05-17,2025-07-01,100.72000122070312,7.255872249603271,190.31419372558597,0.0008173007288351191,0.0314442291752629,0.4991616633952036,423368.16798539256,Close
MKTW,1172,2020-10-29,2025-07-01,19.81999969482422,9.06218147277832,295.7236633300781,-0.0007925774401916605,0.04794117168420511,0.7610425070247497,14413.784129692833,Close
MKTX,5162,2004-12-23,2025-07-01,223.1100006103516,3.655689001083374,563.7022705078125,0.0009150677192371061,0.027762207384614223,0.44071137951534084,248829.81402557148,Close
MLAB,10383,1984-04-16,2025-07-01,97.70999908447266,0.1888976246118545,326.9741516113281,0.0009712377467708027,0.0350550155715139,0.5564811204463352,13702.475199845901,Close
MLCO,4628,2007-02-08,2025-07-01,8.0600004196167,1.8573660850524905,35.99941635131836,0.0005505546627180856,0.037390452990104274,0.593555040119204,4002896.521175454,Close
MLEC,1056,2021-04-19,2025-07-01,6.260000228881836,5.5,192.5,0.000280649932401506,0.09905227387042316,1.572406100739606,14288.41856060606,Close
MLGO,1027,2021-05-28,2025-07-01,0.5260000228881836,0.5090000033378601,2384.0,0.010711265734710686,0.3334340686646714,5.293101745938931,3417649.1626095423,Close
MLI,8617,1991-04-12,2025-07-01,82.06999969482422,0.1968259960412979,94.4874496459961,0.0009104403054162066,0.022985857104143862,0.36488916941539173,592346.3850528026,Close
MLKN,11383,1980-05-02,2025-07-01,20.649999618530277,0.3784153163433075,44.859012603759766,0.0006279793818921052,0.023614887676933122,0.3748747201913331,431736.64236141613,Close
MLM,7861,1994-04-07,2025-07-01,557.6799926757812,11.2471923828125,617.0881958007812,0.0006650427036473473,0.020371553995750708,0.3233883941560832,450698.93143365986,Close
MLNK,953,2021-09-14,2025-07-01,16.979999542236328,13.18000030517578,26.020000457763672,-6.850365748087857e-05,0.025923512003083064,0.41152299521733404,198890.0314795383,Close
MLP,7816,1994-06-13,2025-07-01,18.420000076293945,1.899999976158142,47.119998931884766,0.00045062696826152004,0.030072770890414623,0.47739043806395726,13651.560900716478,Close
MLR,7748,1994-09-19,2025-07-01,45.81999969482422,1.435059666633606,76.9389419555664,0.0006733327647696682,0.0312337145941461,0.4958198480212757,37889.26432627775,Close
MLSS,7429,1995-12-21,2025-07-01,0.6399999856948853,0.2000000029802322,85.125,0.0032583072914465837,0.09119469705796367,1.4476709358194733,68346.91142818684,Close
MLTX,1146,2020-12-07,2025-07-01,46.61000061035156,4.690000057220459,63.86000061035156,0.002456226403938103,0.04932114346715408,0.782948879948566,270491.2739965096,Close
MMC,13169,1973-04-09,2025-07-01,217.8300018310547,0.7192131280899048,244.2700042724609,0.0005595581661542228,0.01628564745710363,0.25852663866700587,1535323.5401321284,Close
MMD,3212,2012-09-20,2025-07-01,14.770000457763672,7.810523986816406,19.031156539916992,0.0001710738337652515,0.008688661964873518,0.13792823270976692,71718.33748443337,Close
MMI,2900,2013-12-18,2025-07-01,31.850000381469727,12.949241638183594,54.42204284667969,0.0005638548444659751,0.023005639895912804,0.3652032114989469,147842.72413793104,Close
MMLP,5668,2002-12-19,2025-07-01,3.0299999713897705,0.881578803062439,20.71912384033203,0.00047076866066752144,0.031181353514761465,0.49498864165469175,108282.83345095272,Close
MMM,15948,1962-02-16,2025-07-01,153.80999755859375,0.3584053516387939,164.87408447265625,0.00046212225300531053,0.014833604621701397,0.23547617325408146,2416622.7859919737,Close
MMS,7023,1997-07-31,2025-07-01,71.7300033569336,3.7244601249694815,92.03258514404295,0.0006103730407791581,0.021026185959617423,0.3337803544160741,463803.47429873276,Close
MMSI,8815,1990-06-29,2025-07-01,93.9800033569336,0.9359999895095824,110.29000091552734,0.0010584344081320924,0.032995376359493116,0.5237853615731911,259983.97402155417,Close
MMT,9622,1987-04-22,2025-07-01,4.699999809265137,0.2844990193843841,4.831554412841797,0.00033235249101150647,0.010435790504843539,0.1656630384611112,169858.41820827272,Close
MMU,8264,1992-09-02,2025-07-01,9.989999771118164,1.444246530532837,11.568044662475586,0.0002680480691055114,0.00914596468110723,0.1451876882759394,74608.37366892546,Close
MMYT,3711,2010-09-29,2025-07-01,94.7300033569336,10.899999618530272,120.45999908447266,0.0007849619977914618,0.03335312806417089,0.529464493823312,351727.99784424686,Close
MNDO,6228,2000-09-25,2025-07-01,1.399999976158142,0.0501015335321426,2.447728395462036,0.000528494328948987,0.029967376950907367,0.4757173611421798,59331.26204238921,Close
MNDY,986,2021-07-28,2025-07-01,303.760009765625,76.45999908447266,444.7000122070313,0.001414842272999205,0.0461301843357988,0.7322939741165456,694896.4503042597,Close
MNKD,5233,2004-09-14,2025-07-01,3.5799999237060547,0.7099999785423279,118.5500030517578,0.0006561254259561236,0.05061547723004949,0.8034957914493803,1667897.8482705904,Close
MNMD,2134,2017-01-04,2025-07-01,6.679999828338623,0.0149999996647238,70.3499984741211,0.028505629568707117,1.030445804039142,16.357820022105397,448141.02717900655,Close
MNOV,4635,2007-01-30,2025-07-01,1.2699999809265137,1.1299999952316284,13.90999984741211,0.0006037200322817003,0.048413136203044244,0.7685347114917175,125206.66666666667,Close
MNPR,1356,2020-02-07,2025-07-01,33.560001373291016,1.4450000524520874,78.0,0.0050176191929282386,0.18072740277704077,2.868958577055924,139767.66961651918,Close
MNRO,8509,1991-09-16,2025-07-01,15.970000267028809,1.2467496395111084,75.6099853515625,0.000515724594090014,0.02533800130470486,0.4022283010300752,203845.01621812198,Close
MNSB,4953,2005-10-21,2025-07-01,19.43000030517578,3.1425204277038574,28.27386474609375,0.00045943138788066064,0.025513920387759667,0.40502092989787636,7498.853220270543,Close
MNSBP,1170,2020-11-02,2025-07-01,24.200000762939453,16.15393829345703,24.359277725219727,0.00039766978485853414,0.015441130088416312,0.24512034105447814,2001.6239316239316,Close
MNSO,1149,2020-12-02,2025-07-01,18.40999984741211,4.290676593780518,31.96072006225586,0.0010349611520042454,0.04578355348892394,0.726791380011098,1226599.2167101828,Close
MNST,9934,1986-01-27,2025-07-01,63.540000915527344,0.0065100002102553,64.23999786376953,0.0017828601417641911,0.048956966482454393,0.7771677495401936,8880829.82162271,Close
MNTK,1082,2021-03-11,2025-07-01,2.380000114440918,1.7400000095367432,20.31999969482422,-0.00044238027914701315,0.044825706920365534,0.7115860371237253,258420.14787430683,Close
MNTS,1348,2020-02-20,2025-07-01,1.1299999952316284,1.1299999952316284,19194.0,-0.0032020979293392797,0.08855621793861931,1.405786378284142,194645.70326409495,Close
MNY,1113,2021-01-26,2025-07-01,0.8740000128746033,0.6079999804496765,17.3700008392334,-0.0008708757943038853,0.05986108036687054,0.9502651911743434,426575.4716981132,Close
MNYWW,1113,2021-01-26,2025-07-01,0.0489999987185001,0.0179999992251396,5.900000095367432,0.0042893745314211305,0.14271329298877125,2.2655032921883196,69081.49146451033,Close
MO,15948,1962-02-16,2025-07-01,58.13999938964844,0.0014839203795418,60.4900016784668,0.0007630990978974126,0.01602906027838725,0.2544534434800585,6799522.52947078,Close
MOBX,941,2021-09-30,2025-07-01,0.7900000214576721,0.5799999833106995,11.87600040435791,-0.0008571863375034284,0.06066798192206986,0.9630743562597553,165961.31774707758,Close
MOD,10749,1982-11-04,2025-07-01,98.0,0.8299999833106995,143.22000122070312,0.0009142811131066239,0.0306850078832217,0.4871093990223667,188293.3482184389,Close
MODD,816,2022-03-30,2025-07-01,0.7080000042915344,0.6489999890327454,5.320000171661377,-0.0007722129052327828,0.055053201315476724,0.8739424773523523,128760.29411764706,Close
MODG,8361,1992-04-15,2025-07-01,8.670000076293945,1.6886922121047974,37.290000915527344,0.000548282824143429,0.028421395602553978,0.4511756680664555,1001903.4086831718,Close
MODV,5468,2003-10-07,2025-07-01,3.140000104904175,0.75,210.32000732421875,0.0007910773309324167,0.04640098898187819,0.736592864600987,166254.4440380395,Close
MOFG,4351,2008-03-17,2025-07-01,29.71999931335449,4.303412437438965,33.05997467041016,0.00047124546254123515,0.022369069468623614,0.355097969243435,26062.05470006895,Close
MOGO,2010,2017-07-03,2025-07-01,1.2100000381469729,0.75,34.40999984741211,0.000632762228585751,0.06023755407294681,0.9562415259829391,227143.96268656716,Close
MOGU,1617,2019-01-25,2025-07-01,2.130000114440918,1.440000057220459,228.0,-0.0009281347509622418,0.06457272693628094,1.0250602617040867,32918.54050711194,Close
MOH,5502,2003-08-19,2025-07-01,306.2900085449219,11.166666984558104,419.5299987792969,0.0009034365934596543,0.0262186294756591,0.4162078398572507,572069.0021810251,Close
MOLN,982,2021-08-03,2025-07-01,3.7100000381469727,3.319999933242798,31.88999938964844,-0.00037350260518297746,0.05224259786945417,0.8293255308391714,15380.855397148676,Close
MOMO,2620,2015-01-30,2025-07-01,8.399999618530273,3.3136420249938965,34.19853591918945,0.000889804429429046,0.04004420617353548,0.6356820659050337,2892344.007633588,Close
MORN,5040,2005-06-20,2025-07-01,311.8900146484375,22.54805374145508,357.7283935546875,0.0006676931799760563,0.01860775658753177,0.2953889783245977,108116.96428571429,Close
MOS,9396,1988-03-14,2025-07-01,36.77999877929688,4.397697925567627,120.06455993652344,0.0005225476769648285,0.02691683820497834,0.42729155982320943,2777513.974031503,Close
MOV,7959,1993-11-16,2025-07-01,15.90999984741211,1.7643823623657229,38.66781234741211,0.0007334512407135091,0.030131294847863973,0.4783194770868591,137081.5397663023,Close
MOVE,1041,2021-05-10,2025-07-01,0.671999990940094,0.5299999713897705,81.0,-0.002906322587330451,0.05786755859416655,0.9186190141117391,31293.414985590778,Close
MP,1230,2020-08-07,2025-07-01,31.489999771118164,10.489999771118164,58.2599983215332,0.0017049286326989372,0.04281475831784504,0.6796632177141126,3286459.5934959347,Close
MPA,8187,1992-12-22,2025-07-01,10.75,2.61342191696167,14.402750015258787,0.0001810272445391367,0.008540675538507271,0.13557902102029734,17707.21876145108,Close
MPAA,7838,1994-05-11,2025-07-01,11.56999969482422,0.4375,40.25,0.0008911706069518212,0.041591984735642185,0.6602522888646225,77072.56953304414,Close
MPB,6902,1998-01-23,2025-07-01,29.100000381469727,4.054550647735596,32.57474136352539,0.00046837175488042535,0.023521903097489884,0.37339863575350873,8932.660243407709,Close
MPC,3492,2011-08-11,2025-07-01,169.9499969482422,9.071661949157717,213.3581695556641,0.0010759348556864262,0.02478993212965675,0.39352797259944944,5727737.800687285,Close
MPLX,3153,2012-12-17,2025-07-01,50.790000915527344,4.913912773132324,53.5987434387207,0.0007095834014589987,0.022626818357491325,0.35918960600731814,1633622.169362512,Close
MPU,6872,1998-03-09,2025-07-01,1.4900000095367432,0.1581697165966034,13.187999725341797,0.0016662493580171078,0.0729219287014233,1.1575997308028958,359376.01862630964,Close
MPV,9207,1988-12-09,2025-07-01,19.940000534057617,0.2929597795009613,20.11000061035156,0.0005481219277913319,0.015843581810528466,0.25150906408298873,11736.51569458021,Close
MPW,4994,2005-08-24,2025-07-01,4.360000133514404,0.8371306657791138,17.45823097229004,0.00047648333233313506,0.02571028661041007,0.408138147044033,3869804.8858630355,Close
MPWR,5152,2005-01-07,2025-07-01,746.969970703125,5.034233570098877,939.3868408203124,0.0013478420141002565,0.029828527563021227,0.47351319544193815,398386.4324534162,Close
MPX,6087,2001-04-18,2025-07-01,8.720000267028809,0.7681958675384521,16.88235855102539,0.0009399359467331025,0.03300669070598885,0.5239649712556407,33070.81485132249,Close
MQ,987,2021-07-27,2025-07-01,5.809999942779541,3.4200000762939453,33.25,-0.000520392253653043,0.04378028359062769,0.6949904562520968,6332968.389057751,Close
MQT,8217,1992-11-09,2025-07-01,9.649999618530272,1.633819341659546,12.380016326904297,0.00023608515056481414,0.008813113726702498,0.13990384318190685,44426.1896069125,Close
MQY,8263,1992-09-03,2025-07-01,11.140000343322754,1.723436713218689,13.989028930664062,0.00024310752335371584,0.00921677150809296,0.1463117118079183,72132.91782645528,Close
MRAM,2161,2016-11-23,2025-07-01,6.559999942779541,2.1700000762939453,24.8799991607666,0.0009984697380764718,0.04688017858141011,0.7441997636682477,205800.04627487273,Close
MRBK,1888,2017-12-26,2025-07-01,13.640000343322754,4.681650161743164,16.805545806884766,0.0005001706369598591,0.020689109742443118,0.32842943535496844,26038.294491525423,Close
MRC,3291,2012-05-30,2025-07-01,13.34000015258789,3.5199999809265137,33.70000076293945,0.00039946660307714314,0.03215660710445084,0.5104703124359384,949719.2342752962,Close
MRCC,3154,2012-12-14,2025-07-01,6.510000228881836,2.631587505340576,8.217726707458496,0.00034839725723699155,0.018954932129105585,0.3009002191903286,82303.99492707672,Close
MRCY,6864,1998-03-19,2025-07-01,50.630001068115234,2.549999952316284,92.8000030517578,0.0008490407417932135,0.034653449828817066,0.5501064619050227,275319.84265734267,Close
MREO,1523,2019-06-11,2025-07-01,2.759999990463257,0.3300000131130218,4.869999885559082,0.0018969888140121934,0.06920344961357972,1.0985707052719254,1171135.4563361786,Close
MRK,15948,1962-02-16,2025-07-01,81.80999755859375,0.0455006398260593,128.61749267578125,0.0005718226826663104,0.015658612024387952,0.24857275975785714,6878064.406634061,Close
MRKR,5745,2002-08-30,2025-07-01,1.5099999904632568,0.7099999785423279,5640000.0,0.003584078966770711,0.11682565330842862,1.8545497524405141,31490.563794604004,Close
MRM,1098,2021-02-17,2025-07-01,1.4199999570846558,0.3600000143051147,13.40999984741211,0.00047279391855026146,0.07985706528829838,1.2676916111057164,216228.87067395265,Close
MRNA,1616,2019-01-28,2025-07-01,28.690000534057617,12.260000228881836,484.4700012207031,0.0014458233011559534,0.04590758578474005,0.7287603316667169,8414502.103960397,Close
MRSN,1980,2017-08-15,2025-07-01,0.2790000140666961,0.2610000073909759,27.59000015258789,0.00020809378151845286,0.06402988704810021,1.0164429456289727,1362961.9191919193,Close
MRT,930,2021-10-15,2025-07-01,2.9100000858306885,0.4720000028610229,14.800000190734863,0.00017992032756939844,0.05433805843231903,0.8625899360280744,126263.1182795699,Close
MRTN,9733,1986-11-11,2025-07-01,13.4399995803833,0.1338112950325012,22.460092544555664,0.0007754250067902035,0.03081375485899202,0.48915319390200623,238547.4585431008,Close
MRUS,2259,2016-07-07,2025-07-01,52.65999984741211,8.149999618530273,62.41999816894531,0.0017403836253273711,0.04370839974074657,0.6938493355116927,255219.8317839752,Close
MRVI,1123,2021-01-11,2025-07-01,2.509999990463257,1.7200000286102295,60.619998931884766,-0.0010229376493563383,0.04654728646091786,0.738915265082835,2017778.7177203917,Close
MRVL,6254,2000-08-17,2025-07-01,76.23999786376953,1.8207628726959229,125.91693878173828,0.000902127268579516,0.03477581119024144,0.5520488882994957,10497984.186120883,Close
MS,8112,1993-04-12,2025-07-01,141.07000732421875,3.694209098815918,141.07000732421875,0.0008313289061393004,0.02868765860811915,0.4554024622428278,9901592.110453648,Close
MSA,13168,1973-04-10,2025-07-01,171.3000030517578,0.1131658479571342,197.45892333984372,0.0006930589492508117,0.020955118921291423,0.33265220015712715,82861.4747873633,Close
MSAI,875,2022-01-04,2025-07-01,0.6119999885559082,0.5199999809265137,13.449999809265137,-0.001314042680309326,0.06166955670349611,0.9789738630062816,151293.7142857143,Close
MSB,13169,1973-04-09,2025-07-01,23.90999984741211,0.0417925640940666,31.83296775817871,0.0008676769428372019,0.03345883723132911,0.5311425748289144,40957.3543928924,Close
MSBI,2256,2016-07-12,2025-07-01,18.059999465942383,9.92873764038086,26.743953704833984,0.0003273255723923862,0.02187681599371953,0.34728368758381356,78757.66843971632,Close
MSC,1650,2018-12-06,2025-07-01,4.46999979019165,1.5399999618530271,20.950000762939453,0.000489690623821648,0.053413941539436176,0.847920035142544,13222.242424242424,Close
MSCI,4400,2008-01-04,2025-07-01,581.3400268554688,10.54403305053711,649.839599609375,0.0009421760940347108,0.022153496738397435,0.3516758582416809,616113.1363636364,Close
MSD,8012,1993-09-01,2025-07-01,7.739999771118164,0.5581236481666565,7.90394926071167,0.000363963159797044,0.012947283486948699,0.20553175356191666,70018.1477783325,Close
MSEX,13169,1973-04-09,2025-07-01,56.150001525878906,0.2808026671409607,112.76264190673828,0.0005529130439549793,0.018769436230431966,0.29795556308765164,26840.005998936897,Close
MSFT,9869,1986-04-30,2025-07-01,492.0499877929688,0.0574692636728286,497.4500122070313,0.0011183344989122257,0.02097503099791428,0.33296829457411287,55913905.12716588,Close
MSGM,1088,2021-03-03,2025-07-01,2.9100000858306885,0.8209999799728394,254.6000061035156,0.004168892752662122,0.23599397598318098,3.7462882281650796,287109.77022058825,Close
MSGS,2428,2015-11-03,2025-07-01,205.0,96.0667724609375,235.8500061035156,0.00035530110774153393,0.016683997827632125,0.26485025475753887,208692.43657331137,Close
MSI,15948,1962-02-16,2025-07-01,425.6499938964844,0.3674799799919128,500.7795715332031,0.0006756632753444228,0.02299223945420383,0.3649904860816247,1957863.2748306997,Close
MSM,7400,1996-02-02,2025-07-01,90.31999969482422,3.90753984451294,98.02810668945312,0.0006216949209292568,0.02296611473744014,0.3645757690598524,373885.7972972973,Close
MSN,7726,1994-10-19,2025-07-01,0.3499999940395355,0.1116931959986686,2.3410892486572266,0.0012507199796579593,0.05195973459466853,0.8248352155584746,70931.49106911727,Close
MSPR,1145,2020-12-08,2025-07-01,1.1699999570846558,1.1699999570846558,6737.5,-0.0017407426484945733,0.13566806729827952,2.1536638015441327,197333.94061135373,Close
MSTR,6773,1998-07-29,2025-07-01,373.2999877929688,0.449999988079071,473.8299865722656,0.001564027507806977,0.047473406157980756,0.7536169594990764,3425821.792411044,Close
MT,6985,1997-09-24,2025-07-01,31.21999931335449,2.08748459815979,275.5138854980469,0.0004739087757363526,0.034681160165954635,0.5505463498698931,1912480.8022906228,Close
MTA,3873,2010-02-08,2025-07-01,3.809999942779541,0.0235447492450475,13.083380699157717,0.008264798550301107,0.21875855185855003,3.4726843523181,105063.27601342628,Close
MTAL,916,2021-11-04,2025-07-01,12.109999656677246,7.849999904632568,14.949999809265137,0.0005017074074573675,0.023096906871753642,0.3666520298248737,166899.34497816593,Close
MTB,11383,1980-05-02,2025-07-01,197.5,0.2344222962856292,217.41567993164065,0.0007506924140200794,0.017771521865882437,0.282114163657629,493460.9241851884,Close
MTC,1595,2019-02-27,2025-07-01,1.090000033378601,0.2129999995231628,190.5,0.00755238068256669,0.2104219142454475,3.3403443329496816,812654.1630094044,Close
MTCH,8136,1993-03-08,2025-07-01,32.5099983215332,0.1708801686763763,173.4558868408203,0.0010198909528078806,0.031207209205427206,0.49539908801955596,7281952.763643068,Close
MTD,6915,1998-01-05,2025-07-01,1205.2900390625,16.4375,1702.530029296875,0.0008127068923487638,0.01984461156478369,0.3150234423905639,187087.9248011569,Close
MTDR,3339,2012-03-21,2025-07-01,49.5,1.142638087272644,70.39530944824219,0.0012622715670430136,0.03929729180174261,0.6238251678344898,1648664.0011979635,Close
MTEK,822,2022-03-22,2025-07-01,3.2100000381469727,0.7450000047683716,5.829999923706055,0.001649952882761748,0.047607065475422025,0.7557387353852139,255939.65936739658,Close
MTEX,6602,1999-04-05,2025-07-01,9.18000030517578,2.348252058029175,160.2382049560547,0.0007336683862607308,0.0472291991399456,0.7497402932702503,9601.800969403212,Close
MTG,8503,1991-09-24,2025-07-01,28.200000762939453,0.7310925722122192,64.20014190673828,0.0009126654229870437,0.03866114199380189,0.6137266027041339,2754917.8642831943,Close
MTH,9270,1988-09-12,2025-07-01,70.97000122070312,0.291227638721466,105.48429870605467,0.0011095738583899594,0.03956600912085969,0.6280909230306485,682899.8585760518,Close
MTLS,2738,2014-08-12,2025-07-01,5.559999942779541,4.159999847412109,80.62000274658203,0.0003920446483268191,0.03677449799158277,0.5837770576498337,145037.2899926954,Close
MTN,7113,1997-03-24,2025-07-01,161.02999877929688,7.806637287139893,321.51641845703125,0.000606500635868254,0.023305529852960954,0.36996381698115843,272339.11148601153,Close
MTNB,2721,2014-09-05,2025-07-01,0.902999997138977,0.5099999904632568,194.0,0.0016175776545177662,0.09079767260999569,1.4413683680970575,42951.72804116134,Close
MTR,11489,1979-11-30,2025-07-01,5.53000020980835,0.8407859206199646,26.898887634277344,0.0004528214944670861,0.026183396689402227,0.41564853671466123,9869.910349029506,Close
MTRN,11383,1980-05-02,2025-07-01,81.87000274658203,4.017795085906982,138.085205078125,0.0005955781859410859,0.02633222011176962,0.4180110353037352,92832.48704208029,Close
MTRX,8721,1990-11-12,2025-07-01,13.630000114440918,1.46875,37.209999084472656,0.000845947982761775,0.037295051692298395,0.592040591466721,187977.93830982686,Close
MTSI,3310,2012-05-02,2025-07-01,137.3800048828125,10.75,148.77999877929688,0.0010897740155988572,0.03155215832400265,0.5008749855158853,498706.34441087616,Close
MTUS,2742,2014-08-06,2025-07-01,15.75,2.259999990463257,48.87402725219727,0.0005298309304328569,0.0430614405327508,0.683579176475132,505951.2399708242,Close
MTVA,2205,2016-09-22,2025-07-01,0.6499999761581421,0.6299999952316284,126420.0,-0.0021949569501738065,0.07956690983054227,1.2630855360090916,86894.97868480725,Close
MTW,8849,1990-05-11,2025-07-01,12.3100004196167,0.7709792256355286,43.72090530395508,0.0007630494467997866,0.030768527952547472,0.4884352390198799,1209053.4912419482,Close
MTX,8195,1992-12-10,2025-07-01,57.52000045776367,8.472357749938965,88.35248565673828,0.0004341925687781653,0.02006592135963022,0.3185366264697638,202444.45393532643,Close
MTZ,13169,1973-04-09,2025-07-01,168.22999572753906,0.8333330154418945,171.99000549316406,0.0008743374580453788,0.03646190916976479,0.5788148639389393,389964.29303667706,Close
MU,10318,1984-07-19,2025-07-01,120.88999938964844,0.3355510234832763,152.7458953857422,0.001106852217799793,0.03794062069821198,0.6022886817293922,16068381.5952704,Close
MUA,8012,1993-09-01,2025-07-01,10.43000030517578,1.711241602897644,13.836825370788574,0.00023948813984596298,0.00941438759390082,0.1494487699165999,47409.68547179231,Close
MUC,6844,1998-04-17,2025-07-01,10.359999656677246,2.749821901321411,13.597541809082031,0.00020528276398570984,0.008809059309116983,0.13983948129805196,97500.073056692,Close
MUE,6587,1999-04-26,2025-07-01,9.609999656677246,2.324795722961426,12.344250679016112,0.0002001155955976387,0.00851194104393144,0.13512287506011667,54720.52527706088,Close
MUFG,6065,2001-05-18,2025-07-01,13.729999542236328,2.941598653793335,16.523012161254883,0.00030023155831994294,0.02213638941894125,0.3514042879644009,1928145.6059356965,Close
MUJ,6836,1998-04-29,2025-07-01,11.0,2.579747200012207,13.26200008392334,0.00021346448945633079,0.008032291374972035,0.12750867261711038,48770.377413692215,Close
MULN,4168,2008-12-04,2025-07-01,0.3100000023841858,0.3100000023841858,1200149959278592.0,0.016353155046839752,0.5833203350267081,9.259923247005295,48970.57605566219,Close
MUR,11383,1980-05-02,2025-07-01,23.790000915527344,0.895960807800293,50.14787673950195,0.0005364468768329032,0.024627022964596217,0.39094186977718937,1336134.3656329615,Close
MUSA,2952,2013-10-04,2025-07-01,416.7000122070313,36.6142578125,554.25244140625,0.0009684906587296694,0.01852750918343901,0.29411509027707006,338466.2940379404,Close
MUX,11347,1980-06-24,2025-07-01,11.0,0.2344911843538284,98.19318389892578,0.0023959208092864358,0.07626899950311603,1.210732832573723,125204.95108839341,Close
MVBF,3212,2012-09-20,2025-07-01,23.209999084472656,7.880863666534424,40.16524887084961,0.0005472839107926043,0.023674533874084858,0.37582157421721846,17265.099626400995,Close
MVF,9228,1988-11-09,2025-07-01,6.610000133514404,0.84304279088974,8.234027862548828,0.0002694430028495707,0.010570145167745492,0.1677958526142341,90922.4967490247,Close
MVIS,7224,1996-10-14,2025-07-01,1.100000023841858,0.1700000017881393,512.5,0.0011949614148354228,0.06162616112813874,0.9782849796039047,1476829.41375969,Close
MVO,4609,2007-03-08,2025-07-01,5.800000190734863,0.8803907036781311,11.788093566894531,0.0006551997018423331,0.03146169410349822,0.49943891053586115,60323.04187459319,Close
MVST,1542,2019-05-14,2025-07-01,3.5799999237060547,0.1609999984502792,24.5,0.002435556210295207,0.10640681601338078,1.6891558378416653,3859582.7496757456,Close
MVT,8079,1993-05-27,2025-07-01,10.3100004196167,1.4974256753921509,13.920496940612791,0.00024867365908551873,0.009859806521242487,0.15651957618252307,39471.840574328504,Close
MWA,4771,2006-07-14,2025-07-01,24.450000762939453,1.2104054689407349,28.162771224975582,0.0006091980108614884,0.030614618501082998,0.4859920022218957,1128244.0159295746,Close
MX,3565,2011-04-28,2025-07-01,4.070000171661377,2.650000095367432,26.959999084472656,0.00019444586659521053,0.0324715258753151,0.5154694929412962,367942.01963534363,Close
MXC,7664,1995-01-18,2025-07-01,9.210000038146973,0.266469269990921,48.26651763916016,0.0027724879661609777,0.11862096916823242,1.88304950817962,27232.283402922756,Close
MXCT,951,2021-09-16,2025-07-01,2.1700000762939453,2.039999961853028,14.960000038146973,-0.0011554853473934583,0.042411833668880794,0.6732669872045682,611774.2376445846,Close
MXE,8750,1990-10-02,2025-07-01,10.649999618530272,0.6259308457374573,15.207069396972656,0.0004853579672984909,0.01880121046162735,0.2984599633707112,21969.314285714285,Close
MXF,11076,1981-07-22,2025-07-01,17.760000228881836,0.1178525984287262,18.33919906616211,0.0006335776787390496,0.024555736724229445,0.3898102357937218,95612.21659443843,Close
MXL,3809,2010-05-11,2025-07-01,14.199999809265137,4.03000020980835,77.06999969482422,0.0005913421007443303,0.03535435852249533,0.5612330424764376,577906.5108952482,Close
MYD,8412,1992-02-03,2025-07-01,10.050000190734863,1.573527693748474,12.670873641967772,0.00025388569893944644,0.009315807623955926,0.1478838614082414,82874.54826438421,Close
MYE,11383,1980-05-02,2025-07-01,15.050000190734863,0.1493930667638778,23.712852478027344,0.0007450623821794906,0.02600287680827159,0.4127828724416136,89868.20890802074,Close
MYFW,1714,2018-09-05,2025-07-01,23.13999938964844,10.960000038146973,33.45000076293945,0.00044482628727734856,0.024726441404424704,0.39252008858231063,20252.27537922987,Close
MYGN,7449,1995-11-22,2025-07-01,5.53000020980835,1.7003055810928345,58.2638053894043,0.0007790118275237386,0.04001049963585821,0.6351469912075272,1036524.2582897033,Close
MYI,8330,1992-06-01,2025-07-01,10.550000190734863,1.7331364154815674,12.393957138061523,0.00024023933241408674,0.009111828717792153,0.14464579665776747,120853.16926770708,Close
MYN,8350,1992-05-01,2025-07-01,9.529999732971191,1.922902226448059,12.125768661499023,0.00021067187005226846,0.008198867889923989,0.1301529928140706,55627.928143712576,Close
MYND,1917,2017-11-13,2025-07-01,0.8500000238418579,0.6679999828338623,172.4673614501953,-0.0013466984282451036,0.05200741512224115,0.8255921204684996,20478.3255086072,Close
MYNZ,882,2021-12-23,2025-07-01,1.4199999570846558,0.1990000009536743,27.76000022888184,0.0347905963245314,1.139715696163857,18.092425784198504,466359.2970521542,Close
MYO,1992,2017-07-28,2025-07-01,2.1600000858306885,0.402999997138977,298.5,-6.236831169813217e-05,0.07328235224812149,1.1633212772301875,275810.9492971888,Close
MYPS,1103,2021-02-09,2025-07-01,1.3700000047683716,1.149999976158142,11.260000228881836,-0.0011653749237856826,0.03813991106258364,0.6054523181863053,335799.4560290118,Close
MYPSW,1104,2021-02-08,2025-07-01,0.0130000002682209,0.0120000001043081,2.880000114440918,0.0013614012068972419,0.11500959399910533,1.8257207046488353,26420.652173913044,Close
MYRG,4214,2008-09-30,2025-07-01,180.69000244140625,5.900000095367432,182.6100006103516,0.001007676987577051,0.027329167856263967,0.43383709011608795,128413.50261034646,Close
MYSZ,2203,2016-09-26,2025-07-01,1.2400000095367432,1.0800000429153442,32910.0,-0.0010983592413230778,0.09300233340599692,1.4763662732458953,124073.92056286882,Close
NAAS,1900,2017-12-07,2025-07-01,0.8009999990463257,0.7379999756813049,7100.0,-0.0019203385985905033,0.07649261608663842,1.214282635787904,74710.28736842105,Close
NABL,960,2021-09-02,2025-07-01,8.100000381469727,6.21999979019165,15.520000457763672,-0.0001951946306332889,0.02682835081132934,0.42588686599665226,600862.7083333334,Close
NAC,6532,1999-07-14,2025-07-01,11.210000038146973,2.517984390258789,13.059218406677246,0.00023642001421853414,0.009129474743701604,0.14492591863487753,136941.88609920393,Close
NAD,6532,1999-07-14,2025-07-01,11.350000381469728,2.5992331504821777,13.300360679626465,0.0002283677486518768,0.008254033297626421,0.13102871651259534,234393.64666258421,Close
NAGE,4248,2008-08-12,2025-07-01,12.8100004196167,0.449999988079071,18.739999771118164,0.004723271921000602,0.11580582192407082,1.8383604311071373,267135.9121939736,Close
NAII,7939,1993-12-15,2025-07-01,3.259999990463257,1.1799999475479126,26.0,0.0004433756373943068,0.03476907730163536,0.551941991131847,21113.65411260864,Close
NAK,6002,2001-08-17,2025-07-01,1.4800000190734863,0.209999993443489,21.07999992370605,0.0017565173265538393,0.054906025432961775,0.8716061326476263,2003901.0663112295,Close
NAMMW,909,2021-11-15,2025-07-01,0.1710000038146972,0.1710000038146972,13.899999618530272,-0.00045938138497644246,0.07985018899414995,1.2675824533201654,4797.029702970297,Close
NAMS,1070,2021-03-29,2025-07-01,18.21999931335449,5.980000019073486,26.61000061035156,0.0012421132975708351,0.03741849035272758,0.5940001194527205,227537.57009345794,Close
NAMSW,1069,2021-03-30,2025-07-01,8.0,0.0599999986588954,14.850000381469728,0.00691302820936935,0.1067546819433975,1.694678038284164,10894.66791393826,Close
NAN,6532,1999-07-14,2025-07-01,11.470000267028809,2.8124008178710938,12.443687438964844,0.000216774723299159,0.008042236560627572,0.1276665475450319,31680.679730557258,Close
NAOV,2506,2015-07-15,2025-07-01,0.949999988079071,0.8140000104904175,1610.4000244140625,0.00015933661883253734,0.09123017995786104,1.4482342093930163,189297.67478052672,Close
NAT,6948,1997-11-14,2025-07-01,2.609999895095825,0.7107599973678589,11.262670516967772,0.0005443777264704425,0.02900998244689352,0.46051919455697576,1286806.3822682786,Close
NATH,8109,1993-04-15,2025-07-01,109.41999816894533,1.3459001779556274,115.13230895996094,0.0007259918681784524,0.02612090267246584,0.41465647495120245,13432.32211123443,Close
NATR,3996,2009-08-12,2025-07-01,14.850000381469728,3.35090970993042,20.88999938964844,0.0008450184267445475,0.031614764652133524,0.5018688301642845,35292.31731731732,Close
NAUT,1197,2020-09-24,2025-07-01,0.7300000190734863,0.6679999828338623,22.43000030517578,-0.0010410625470006144,0.052172960059659684,0.8282200648797908,221125.22974101923,Close
NAVI,2785,2014-06-05,2025-07-01,14.59000015258789,3.95927095413208,20.1943473815918,0.0004696553947890272,0.025328316672154114,0.40207456225446525,2204716.9120287253,Close
NAZ,8176,1993-01-08,2025-07-01,11.75,2.1863250732421875,13.499382972717283,0.00020558776927801195,0.008760215714276012,0.13906411326752632,11781.616927592955,Close
NBB,3785,2010-06-15,2025-07-01,15.869999885559082,6.837203025817871,17.90225601196289,0.00023558478710212545,0.008181638626027481,0.12987948672881344,82762.48348745046,Close
NBH,5676,2002-12-09,2025-07-01,9.890000343322754,3.803931713104248,14.194074630737305,0.00020419394057518585,0.009604590777548142,0.15246815185162124,46389.67582804792,Close
NBHC,3179,2012-11-08,2025-07-01,39.0099983215332,14.093762397766112,50.16838455200195,0.0004582908374858886,0.018230839559321,0.28940560599529047,178595.25007864108,Close
NBIX,7290,1996-07-11,2025-07-01,128.0,2.0,153.2899932861328,0.0011510821919894177,0.03922091282758262,0.6226126892083604,639984.8285322359,Close
NBN,9506,1987-10-06,2025-07-01,92.4499969482422,1.719143271446228,109.53683471679688,0.0006953664240350822,0.02550687160970114,0.4049090340151379,10105.417630969914,Close
NBR,13169,1973-04-09,2025-07-01,29.57999992370605,8.010354042053223,2126.268798828125,0.001167815757867056,0.05013355816037812,0.7958455633869199,84045.86513782368,Close
NBTB,8349,1992-05-04,2025-07-01,42.81999969482422,2.026730537414551,51.535274505615234,0.0006136877671000545,0.022696984847078782,0.36030346449823103,85140.66522936878,Close
NBTX,1109,2021-02-01,2025-07-01,4.565999984741211,1.9800000190734863,18.190000534057617,0.001175586612994491,0.08613207986762993,1.3673043794070114,62270.87466185753,Close
NBXG,996,2021-07-14,2025-07-01,14.579999923706056,6.596683979034424,14.600000381469728,0.00022858101255611278,0.01747262293272792,0.2773692901920128,263923.9959839357,Close
NBY,4414,2007-12-13,2025-07-01,0.6100000143051147,0.3799999952316284,122500.0,0.0013036519771524612,0.1581863330527287,2.5111301884005415,55336.99456275487,Close
NC,12076,1977-08-05,2025-07-01,43.59999847412109,0.1686691492795944,56.46177291870117,0.0007869967281269348,0.026868798279976302,0.4265289496558639,215924.70785028156,Close
NCA,9472,1987-11-23,2025-07-01,8.640000343322754,1.4112164974212646,9.467281341552734,0.0002290540747497522,0.009424455015267142,0.1496085852762738,34830.38429054054,Close
NCLH,3098,2013-03-08,2025-07-01,20.979999542236328,7.769999980926514,63.7599983215332,0.00050766233423869,0.03526066190020685,0.5597456547088653,9515109.90961911,Close
NCMI,4595,2007-03-28,2025-07-01,4.820000171661377,1.087781548500061,103.17472076416016,0.00020428059500451727,0.04275332196123323,0.6786879457877962,126520.05005440697,Close
NCNA,1916,2017-11-14,2025-07-01,0.0610000006854534,0.032999999821186,746.0,-0.00036087296952511626,0.09723123838851876,1.5434980586571436,4855132.1565762,Close
NCNO,1215,2020-08-28,2025-07-01,27.71999931335449,21.290000915527344,98.04000091552734,-0.00031744206344948745,0.03438330821655817,0.5458180967561801,967978.7654320988,Close
NCPL,4715,2006-10-03,2025-07-01,8.640000343322754,0.209999993443489,67200.0,0.5805699512700049,38.821243061766666,616.2681283669579,16216.589819724284,Close
NCRA,1091,2021-02-26,2025-07-01,1.0099999904632568,0.699999988079071,7.5,0.001096429505688023,0.06852942212072674,1.0878708505344692,34650.687442713104,Close
NCSM,2022,2017-06-15,2025-07-01,29.61000061035156,7.699999809265137,513.2000122070312,-0.00021953211181161532,0.04947812638638183,0.7854409065347354,5943.439663699308,Close
NCTY,5135,2005-02-02,2025-07-01,7.769999980926514,3.549999952316284,14509.375,0.0004351659091963501,0.06080156497363254,0.9651949214626031,24943.325608568648,Close
NCV,5567,2003-05-16,2025-07-01,14.140000343322754,4.103142738342285,21.19198989868164,0.0001520352219099274,0.017969388180168768,0.28525519402026045,80082.20316148734,Close
NCZ,5484,2003-09-15,2025-07-01,12.850000381469728,3.654241561889648,18.98956298828125,0.00013302786783163395,0.017114958714016713,0.2716915467385564,78367.97501823487,Close
NDAQ,5755,2002-08-16,2025-07-01,88.94000244140625,1.4142502546310425,89.41999816894531,0.0008443075418028409,0.023314972130281067,0.3701137084867532,4183268.340573414,Close
NDLS,2987,2013-08-15,2025-07-01,0.7099999785423279,0.5799999833106995,48.29999923706055,-0.000572368312150078,0.03933130089912397,0.624365045518399,305571.3090056913,Close
NDMO,1183,2020-10-14,2025-07-01,10.170000076293944,7.825917243957519,13.610506057739258,-1.7970871324140205e-05,0.010435901546409802,0.16566480119132834,181231.19188503805,Close
NDRA,1978,2017-08-17,2025-07-01,3.414999961853028,3.0850000381469727,189000.0,-0.002209908485569069,0.07746641002834852,1.2297411353758214,18232.946410515673,Close
NDSN,11382,1980-05-05,2025-07-01,220.47999572753903,0.5196738243103027,274.27813720703125,0.0007325996303415683,0.021380188253955018,0.3393999666222555,204907.19557195573,Close
NE,987,2021-07-27,2025-07-01,27.440000534057617,18.067296981811523,49.04388046264648,0.0007034667132105136,0.027834394843543248,0.4418573198999642,1360518.237082067,Close
NEA,5617,2003-03-06,2025-07-01,10.989999771118164,3.250473499298096,12.968642234802246,0.0002080374146694969,0.009192385775099093,0.14592460029767954,320981.82303720847,Close
NECB,4744,2006-08-22,2025-07-01,23.899999618530277,2.6660261154174805,30.62429618835449,0.0005009852132289545,0.020955405997763243,0.33265675735483735,20258.852023608768,Close
NEE,13169,1973-04-09,2025-07-01,73.05999755859375,0.1380945146083831,84.9908218383789,0.0005004983988390711,0.013731786163524771,0.21798534747242562,5283789.118384084,Close
NEGG,3789,2010-06-09,2025-07-01,15.699999809265137,3.5,1912.0,0.0015005323547183514,0.07889004017587606,1.2523405633515738,25124.932699920824,Close
NEHC,840,2022-02-24,2025-07-01,0.4550000131130218,0.4550000131130218,11.880000114440918,-0.002624888546327261,0.04493370163168665,0.7133004000181206,477297.0238095238,Close
NEM,11383,1980-05-02,2025-07-01,58.83000183105469,4.174349784851074,76.6718521118164,0.0005264017748688221,0.02490990996199535,0.39543256164270063,4187668.3721338836,Close
NEN,9441,1988-01-08,2025-07-01,73.04000091552734,0.203321024775505,81.10701751708984,0.0010224196176821434,0.02972260988191191,0.47183180437997874,2200.9003283550473,Close
NEO,5325,2004-05-03,2025-07-01,7.409999847412109,0.1299999952316284,59.880001068115234,0.0019742454197785374,0.05411664640377535,0.859075129039245,454669.8591549296,Close
NEOG,8997,1989-10-10,2025-07-01,5.079999923706055,0.1222530007362365,48.334999084472656,0.0007490921409733009,0.03171312975995428,0.5034303278421631,510925.4102478604,Close
NEON,9155,1989-02-24,2025-07-01,23.46999931335449,1.100000023841858,32187.5,0.002227352648620316,0.07912714828597268,1.2561045379104872,29186.1118514473,Close
NEOV,1252,2020-07-08,2025-07-01,3.369999885559082,0.6899999976158142,7.170000076293945,0.0014639785308100351,0.04937207099690087,0.7837573294201472,86149.20127795528,Close
NEPH,5195,2004-11-05,2025-07-01,4.03000020980835,0.9100000262260436,1029.5999755859375,0.0032175442836006717,0.09829473977192964,1.5603806197340135,7581.187872954764,Close
NERV,2734,2014-08-18,2025-07-01,1.6699999570846558,1.340000033378601,117.5999984741211,0.0010488705591949314,0.07490208341804534,1.1890337124285768,216055.50950987564,Close
NET,1424,2019-10-30,2025-07-01,184.9499969482422,15.890000343322754,217.25,0.002669769469757918,0.04347353224309456,0.6901209295726571,4216397.401685393,Close
NEU,11383,1980-05-02,2025-07-01,705.5900268554688,1.912904143333435,705.5900268554688,0.0008049537700191896,0.024976471409580363,0.3964891918659871,67726.25757708865,Close
NEUE,976,2021-08-11,2025-07-01,6.849999904632568,3.819999933242798,830.4000244140625,-0.00223941508550678,0.07140856755270605,1.1335758673428986,45398.69364754098,Close
NEUP,854,2022-02-03,2025-07-01,7.019999980926514,2.2920000553131104,150.0,0.0017349640853799371,0.1285228560922034,2.0402370900462774,138791.42505854802,Close
NEWP,4136,2009-01-22,2025-07-01,1.4700000286102295,0.1099999994039535,6.849999904632568,0.0013601224672794429,0.04601037342390444,0.7303920348531995,68245.8413926499,Close
NEWT,6193,2000-11-13,2025-07-01,11.68000030517578,0.3105583190917969,27.42802047729492,0.0008682413796586579,0.041181850929515894,0.6537416165329992,76126.31680930083,Close
NEWTZ,1081,2021-03-12,2025-07-01,24.899999618530277,20.111963272094727,24.899999618530277,0.00018528453632165757,0.0066808157888565665,0.10605466279408968,6514.708603145236,Close
NEXA,1895,2017-12-14,2025-07-01,5.0,2.441999912261963,16.288562774658203,0.00019794200567346663,0.03735268465903842,0.5929554864505987,115523.37730870712,Close
NEXN,980,2021-08-05,2025-07-01,10.510000228881836,3.220000028610229,22.450000762939453,-4.394109342492772e-05,0.03697752950185497,0.5870000829567742,163563.3673469388,Close
NEXT,2493,2015-08-03,2025-07-01,8.609999656677246,1.1699999570846558,10.4399995803833,0.0012673593064447093,0.053649322501657964,0.8516565920789316,638220.0561572403,Close
NFBK,4405,2007-12-27,2025-07-01,11.960000038146973,3.745249509811402,15.726563453674316,0.0003950872959425376,0.019696688109486382,0.31267523033582356,141730.22406356412,Close
NFE,1580,2019-03-20,2025-07-01,3.630000114440918,2.039999961853028,55.4472541809082,0.0005873240055063695,0.04746461355186486,0.7534773812041236,1808600.82278481,Close
NFG,13119,1973-06-20,2025-07-01,83.95999908447266,0.3928909003734588,85.46839141845703,0.0004938344653676277,0.01517899570129583,0.24095908666408336,247726.709352847,Close
NFGC,1172,2020-10-29,2025-07-01,1.4199999570846558,0.9700000286102296,10.779999732971191,0.00042592137938272056,0.041926289528995846,0.6655592129364862,322047.35494880547,Close
NFJ,5084,2005-04-18,2025-07-01,12.460000038146973,2.303650140762329,12.462220191955566,0.0003064331177253373,0.013397940888614639,0.21268571802970843,268373.6624704957,Close
NFLX,5781,2002-07-11,2025-07-01,1293.5999755859375,0.372857004404068,1339.1300048828125,0.0018199989793781857,0.034653030456900755,0.5500998045822382,15171512.16052586,Close
NG,5394,2004-01-23,2025-07-01,4.150000095367432,0.449999988079071,20.940000534057617,0.0008829960679947893,0.04279852135910718,0.6794054639849023,1875421.5609936968,Close
NGD,5153,2005-01-06,2025-07-01,4.920000076293945,0.4600000083446502,14.050000190734863,0.0009389561730225419,0.0439310438465445,0.6973837011205868,4062196.409858335,Close
NGG,4971,2005-09-27,2025-07-01,74.37999725341797,13.999911308288574,74.41000366210938,0.0004224011118994558,0.014904883469433954,0.23660768988311898,410959.46409173205,Close
NGL,3520,2011-07-01,2025-07-01,4.239999771118164,1.0399999618530271,21.01764869689941,0.0006709523010904503,0.04124326408146212,0.6547165200966693,755734.7727272727,Close
NGNE,2814,2014-04-24,2025-07-01,19.190000534057617,7.340000152587891,442.6000061035156,0.0021845271911951503,0.10733450756610509,1.7038824846929685,39317.68123667377,Close
NGS,5676,2002-12-09,2025-07-01,25.68000030517578,3.390000104904175,39.369998931884766,0.0008637068693432919,0.032294047852603563,0.5126521166736511,78791.68428470755,Close
NGVC,3219,2012-09-11,2025-07-01,39.83000183105469,3.481656789779663,59.59639358520508,0.0009068768000456338,0.034764389343398955,0.551867572101946,116825.5358807083,Close
NGVT,2271,2016-06-20,2025-07-01,44.400001525878906,27.84000015258789,117.06999969482422,0.0004883475291303358,0.02758778238247458,0.4379424684467805,281691.67767503305,Close
NHC,9665,1987-02-19,2025-07-01,107.5999984741211,0.5279428362846375,134.0098876953125,0.0008109685733767121,0.02504962336380231,0.397650443138725,18514.06104500776,Close
NHI,8459,1991-11-25,2025-07-01,69.4800033569336,1.0689468383789062,81.09290313720703,0.000612141839235131,0.01916491846571383,0.30423364894265015,127486.67691216456,Close
NHPAP,1364,2020-01-28,2025-07-01,15.420000076293944,6.694433212280273,19.118635177612305,0.00038037665464916136,0.027702770510081656,0.43976784838302013,10395.161290322581,Close
NHPBP,906,2021-11-18,2025-07-01,15.3100004196167,10.055377006530762,18.77719116210937,4.8862607222445144e-05,0.020948268847051324,0.3325434585997174,6819.315673289183,Close
NHS,5484,2003-09-15,2025-07-01,7.599999904632568,0.8692099452018738,8.265841484069824,0.0003648058936643852,0.01260117087286075,0.2000373861469216,63901.69584245077,Close
NHTC,7523,1995-08-09,2025-07-01,4.460000038146973,0.0182159394025802,9836.60546875,0.003622329425769738,0.10268142738291824,1.6300171267220371,51959.14555363552,Close
NI,13169,1973-04-09,2025-07-01,40.060001373291016,0.3188987672328949,40.93935775756836,0.00040981057132782054,0.01458069409373036,0.231461343088313,2438386.359024983,Close
NIC,3016,2013-07-05,2025-07-01,127.66999816894533,15.343789100646973,127.66999816894533,0.0008636490977967104,0.018831864395764387,0.29894657948930525,26879.177718832892,Close
NICE,7373,1996-03-13,2025-07-01,167.6999969482422,3.182964324951172,315.0199890136719,0.000845145784757916,0.027536227067101904,0.43712405318734276,265319.96473619965,Close
NIE,4585,2007-04-12,2025-07-01,23.84000015258789,2.106581926345825,24.108766555786133,0.0004481849542970161,0.014065991425274321,0.22329069152905695,78775.92148309706,Close
NIM,8219,1992-11-05,2025-07-01,9.15999984741211,2.697856903076172,9.81548023223877,0.00018100599093805018,0.00869960483115016,0.1381019453265563,20907.275824309527,Close
NINE,1839,2018-03-08,2025-07-01,0.7950000166893005,0.3799999952316284,39.060001373291016,0.00085447350645446,0.07755788750136963,1.2311932952408924,754597.6073953236,Close
NIO,1676,2018-10-29,2025-07-01,3.509999990463257,1.3200000524520874,62.84000015258789,0.000989623164038908,0.05272840116461795,0.8370374190697658,60933299.10501193,Close
NISN,2106,2017-02-14,2025-07-01,3.900000095367432,2.180000066757202,239.8999938964844,0.0009471590465892079,0.06342877805285364,1.0069006361553747,33080.66001899335,Close
NITO,3417,2011-11-28,2025-07-01,0.2440000027418136,0.1659999936819076,36750.0,0.01891967857815388,0.8166199268415694,12.963439452495313,788915.780801873,Close
NIU,1649,2018-12-07,2025-07-01,3.4200000762939453,1.6299999952316284,49.43000030517578,0.0006121194240382478,0.04774359310260406,0.7579060442768942,624946.0278956944,Close
NIXX,3176,2012-11-13,2025-07-01,2.0999999046325684,1.1399999856948853,1725.0,0.03202666708257691,1.0240718796862782,16.2566371098261,78446.6580604534,Close
NJR,11383,1980-05-02,2025-07-01,45.2400016784668,0.2468912750482559,50.929908752441406,0.0005383514174050995,0.01448626738610345,0.22996236557529254,272183.189844505,Close
NKE,11203,1981-01-20,2025-07-01,73.41000366210938,0.0747323632240295,168.17764282226562,0.0008064656283349435,0.02160803766454179,0.343016963882967,11733227.412300278,Close
NKSH,6401,2000-01-19,2025-07-01,28.799999237060547,2.928217649459839,37.854122161865234,0.0005574734535963986,0.02187379966850844,0.34723580490552247,9135.556944227465,Close
NKTR,7811,1994-06-20,2025-07-01,24.59000015258789,6.300000190734863,1626.5999755859375,0.0009628889632357207,0.04730776611263192,0.7509875052961975,95509.77710920497,Close
NKTX,1217,2020-08-26,2025-07-01,1.7100000381469729,1.309999942779541,75.62000274658203,0.0002535313680760393,0.07893647420716042,1.2530776807464656,889028.1840591619,Close
NKX,5617,2003-03-06,2025-07-01,11.770000457763672,3.2558913230896,13.7256441116333,0.0002245775366324134,0.009353137771162166,0.14847645912372026,59575.12907245861,Close
NL,11383,1980-05-02,2025-07-01,6.409999847412109,0.5713422298431396,12.654540061950684,0.0006431553771622284,0.03338190111154148,0.5299212517901364,82372.85074233507,Close
NLSP,1077,2021-03-18,2025-07-01,2.859999895095825,1.2999999523162842,172.0,-0.0009393369857555404,0.07811036104674475,1.2399635408829208,221342.5338904364,Close
NLSPW,1077,2021-03-18,2025-07-01,0.0189999993890523,0.0020000000949949,1.159999966621399,0.020543810973859114,0.24465401769301742,3.8837621284111226,15828.133704735375,Close
NLY,6942,1997-11-24,2025-07-01,19.040000915527344,1.1241912841796875,21.605789184570312,0.000539372176254568,0.01921750165857838,0.30506838125141816,2415642.657015269,Close
NMAI,871,2022-01-10,2025-07-01,12.65999984741211,7.715299129486084,12.65999984741211,0.00015220485867607046,0.010768279674052831,0.17094114039321276,95107.80711825487,Close
NMCO,1422,2019-11-01,2025-07-01,10.84000015258789,6.684902191162109,12.769762992858888,7.089265356225573e-05,0.013077040185305332,0.20759157729069552,179591.2798874824,Close
NMFC,3516,2011-07-08,2025-07-01,10.579999923706056,2.5156259536743164,11.322211265563965,0.0004687548515768214,0.015191710227984238,0.2411609235180159,375309.18657565414,Close
NMG,1091,2021-02-26,2025-07-01,1.6399999856948853,1.2400000095367432,17.450000762939453,-0.001128772710638006,0.04451632079313528,0.7066746846132573,88961.08157653529,Close
NMI,9327,1988-06-21,2025-07-01,10.029999732971191,1.495649814605713,10.583889961242676,0.00024597094914997577,0.009680091218614566,0.1536666841972459,12309.735177441835,Close
NMIH,2894,2013-12-27,2025-07-01,42.880001068115234,4.409999847412109,42.880001068115234,0.0007469910018669365,0.02521300299869552,0.4002440144380448,511280.23496890115,Close
NML,3053,2013-05-13,2025-07-01,8.84000015258789,0.887966513633728,9.33030891418457,0.00031867264516976233,0.023369203962077353,0.3709746121272119,236790.76318375368,Close
NMM,4402,2008-01-02,2025-07-01,37.5099983215332,3.821962356567383,203.9806365966797,0.00042619424650861405,0.035394598708763575,0.5618718356298978,89103.52271694684,Close
NMR,5889,2002-02-05,2025-07-01,6.570000171661377,2.930000066757202,23.478679656982425,0.0002187705744515717,0.023278489099660113,0.3695345583301712,640936.2200713194,Close
NMRK,1861,2018-02-05,2025-07-01,12.300000190734863,2.3763880729675293,17.941856384277344,0.0006086338863742081,0.03736348151444229,0.5931268812166397,1053750.5642127888,Close
NMS,2665,2014-11-24,2025-07-01,11.449999809265137,8.280943870544434,13.515999794006348,0.00014498699424060174,0.009103984758185062,0.14452127765928108,9907.542213883677,Close
NMT,8095,1993-05-05,2025-07-01,11.729999542236328,2.3015670776367188,13.449813842773438,0.00021035002429623347,0.009400068116755077,0.1492214552640072,8947.597282273007,Close
NMTC,1801,2018-05-02,2025-07-01,0.699999988079071,0.4300000071525574,26.96999931335449,0.0008182216362662378,0.06947104041840303,1.102818577608066,104439.55635757912,Close
NMZ,5403,2004-01-09,2025-07-01,10.470000267028809,2.2592577934265137,12.439212799072266,0.0002668742589191483,0.011821819554431238,0.18766556751183278,166539.05237830835,Close
NN,1137,2020-12-18,2025-07-01,15.369999885559082,1.7200000286102295,18.0,0.0013462520805402924,0.044393862925844824,0.704730726235654,570134.036939314,Close
NNBR,7844,1994-05-03,2025-07-01,2.150000095367432,0.7419862151145935,30.9104061126709,0.0006806985756139267,0.03963454179369391,0.6291788454846599,137126.77205507393,Close
NNDM,2311,2016-04-22,2025-07-01,1.559999942779541,0.6489999890327454,86.0999984741211,0.0004546923714127023,0.08871326894077174,1.4082794856532348,3659874.1107745566,Close
NNI,5388,2004-02-02,2025-07-01,121.12000274658205,3.2965030670166016,123.98775482177734,0.0006913605624947811,0.025395022013515393,0.403133476720635,121096.38084632516,Close
NNN,10228,1984-11-26,2025-07-01,43.560001373291016,0.6011481881141663,47.35200881958008,0.0006546232870087053,0.023441116427129555,0.3721161871193744,558464.9002737583,Close
NNOX,1187,2020-10-08,2025-07-01,5.114999771118164,4.099999904632568,89.38999938964844,-1.3654031191114451e-05,0.06073232774812493,0.9640958145816357,1415754.7598989047,Close
NNVC,4917,2005-12-13,2025-07-01,1.399999976158142,0.9900000095367432,245.0,0.0012841221605957424,0.0675041697120923,1.071595473108569,193948.57311368722,Close
NNY,9472,1987-11-23,2025-07-01,8.119999885559082,1.3682899475097656,8.910836219787598,0.00022697992773277958,0.008990033092964382,0.14271235105334742,20044.79518581081,Close
NOA,4646,2007-01-12,2025-07-01,16.059999465942383,1.2639310359954834,25.1995849609375,0.0006652739686041373,0.03558489256085203,0.5648926568818011,109672.23417993974,Close
NOAH,3648,2010-12-29,2025-07-01,12.15999984741211,3.2732744216918945,52.17692947387695,0.0005956549651513247,0.036131557060983886,0.5735706867894191,262138.13048245615,Close
NOC,10930,1982-02-18,2025-07-01,503.5299987792969,1.914194107055664,537.8150024414062,0.0006447869893609952,0.017227080577936874,0.273471426149351,1106837.1027447393,Close
NODK,2052,2017-05-03,2025-07-01,12.800000190734863,10.329999923706056,20.31999969482422,9.804721689654135e-05,0.019424251254533564,0.3083504293387812,16224.171539961013,Close
NOG,4551,2007-05-31,2025-07-01,29.13999938964844,2.90720272064209,279.5189514160156,0.0009818257129166857,0.04545586622594952,0.7215895059772955,484294.882443419,Close
NOK,7769,1994-08-18,2025-07-01,5.230000019073486,0.7330508828163147,30.09623336791992,0.0006758099171666586,0.02881832533714459,0.45747673226061725,19305848.69352555,Close
NOM,8047,1993-07-14,2025-07-01,10.350000381469728,2.2916502952575684,13.729037284851074,0.00023621423160362197,0.013274378944872427,0.21072423298178652,2872.126258232882,Close
NOMD,2606,2015-02-20,2025-07-01,17.389999389648438,6.1597185134887695,30.029815673828125,0.0004460618963535994,0.020307499207412604,0.3223715559147302,829942.2486569455,Close
NOTE,1113,2021-01-26,2025-07-01,0.6169999837875366,0.481000006198883,11.079999923706056,-0.0007686755017405797,0.060061582137889175,0.9534480581156033,889485.8939802336,Close
NOTV,6908,1998-01-14,2025-07-01,1.8799999952316284,0.6000000238418579,57.880001068115234,0.0014335404541935635,0.057502827288885845,0.9128290841369427,83920.83092067168,Close
NOV,7180,1996-12-16,2025-07-01,12.920000076293944,2.752480983734131,72.99134063720703,0.0006345059768976286,0.03146593596140113,0.499506247942509,3934039.3282729806,Close
NOVT,6576,1999-05-11,2025-07-01,130.82000732421875,1.3799999952316284,186.1999969482422,0.0009035992809204243,0.03342736894406365,0.5306430312551772,106704.549270073,Close
NOW,3236,2012-08-16,2025-07-01,1011.8900146484376,26.06999969482422,1170.3900146484375,0.0014197611904548945,0.025665890206557865,0.40743337598184187,1624687.9171817058,Close
NPCE,1020,2021-06-09,2025-07-01,10.479999542236328,1.2899999618530271,25.06999969482422,0.0006974776778915134,0.05526421214352918,0.877292170402164,96544.60784313726,Close
NPCT,1016,2021-06-15,2025-07-01,11.279999732971191,7.078150749206543,13.29617404937744,-9.419813781299347e-05,0.0086901926909913,0.13795253223356493,115597.93307086614,Close
NPFD,854,2022-02-03,2025-07-01,19.299999237060547,12.078229904174805,19.299999237060547,9.928710775898033e-05,0.010259977309095636,0.1628720905021964,77844.84777517564,Close
NPK,11383,1980-05-02,2025-07-01,100.44000244140624,1.1457253694534302,102.08142852783205,0.0005234052651529781,0.016153081480891934,0.256422219034818,20678.13845207766,Close
NPKI,8735,1990-10-23,2025-07-01,8.65999984741211,0.6700000166893005,24.0625,0.0009319511597277054,0.037466874902751336,0.5947682003726842,570005.5684029765,Close
NPO,5780,2002-07-12,2025-07-01,195.22000122070312,1.9869933128356931,206.74891662597656,0.0009542838098907571,0.025109487729732018,0.39860076048659243,156243.3044982699,Close
NPV,8095,1993-05-05,2025-07-01,11.300000190734863,2.2682292461395264,14.537622451782228,0.00020881272564858338,0.009850105098251778,0.15636557086694192,16605.57134033354,Close
NPWR,946,2021-09-23,2025-07-01,2.5299999713897705,1.5,16.510000228881836,-0.0006490516917414831,0.03972620868534894,0.630634012277325,388908.45665961946,Close
NQP,8619,1991-04-10,2025-07-01,11.279999732971191,2.0512099266052246,12.856563568115234,0.00023068525441817856,0.008136280807305583,0.12915945367871048,29661.19039331709,Close
NRC,3012,2013-07-11,2025-07-01,16.670000076293945,9.358826637268066,63.2435417175293,0.0003609987588420023,0.024090246296576225,0.3824208043382127,36099.76759628154,Close
NRDS,883,2021-12-22,2025-07-01,11.149999618530272,6.510000228881836,21.57999992370605,0.0006219375469199925,0.04470221440288827,0.7096256541835924,450390.2604756512,Close
NRDY,1119,2021-01-15,2025-07-01,1.6299999952316284,0.75,12.279999732971191,-0.0005287348712971484,0.04855993773718151,0.7708651136001772,1071785.6121537087,Close
NREF,1323,2020-03-26,2025-07-01,13.850000381469728,3.768105983734131,16.655420303344727,0.0013755085371571316,0.02750035657328534,0.43655462675108053,48404.91307634165,Close
NRG,5396,2004-01-21,2025-07-01,155.9600067138672,6.941164493560791,162.6699981689453,0.000843979288823811,0.024242505668660697,0.38483784693809886,3677975.5744996294,Close
NRGV,1037,2021-05-14,2025-07-01,0.781000018119812,0.6299999952316284,21.63999938964844,-0.00028317699574325695,0.06598824936195338,1.0475309835854718,935394.6962391514,Close
NRIM,8668,1991-01-29,2025-07-01,95.66000366210938,1.2442680597305298,95.66000366210938,0.000757245939946196,0.024127111862806198,0.38300602705932923,13711.02538071066,Close
NRIX,1207,2020-09-10,2025-07-01,11.710000038146973,4.25,50.16999816894531,0.0005988592824849907,0.05083757021237541,0.8070214082443825,559112.2618061309,Close
NRK,5617,2003-03-06,2025-07-01,9.920000076293944,3.498255014419556,11.650140762329102,0.00017353209603878996,0.008636929483910781,0.1371070050337762,90160.58394160584,Close
NRO,5419,2003-12-16,2025-07-01,3.25,0.4452773034572601,7.319242477416992,0.0001651048218020557,0.021790154357136677,0.345907976752165,187512.91751245616,Close
NRP,5683,2002-11-27,2025-07-01,95.20999908447266,3.367842197418213,116.76171112060548,0.0007031990401990774,0.028659838892981623,0.4549608379560365,26746.925919408764,Close
NRSN,859,2022-01-27,2025-07-01,1.899999976158142,0.4429999887943268,6.230000019073486,0.0041262529855101305,0.12479073836216867,1.9809915577825563,890409.545983702,Close
NRT,11383,1980-05-02,2025-07-01,4.949999809265137,0.4132963418960571,14.139177322387695,0.0004134129404358781,0.02211313104864628,0.351035072782194,17394.799262057455,Close
NRUC,1513,2019-06-25,2025-07-01,24.01000022888184,16.399564743041992,24.356407165527344,0.00019356491017679403,0.009280263401442258,0.14731961436834357,25427.561136814275,Close
NRXP,1870,2018-01-23,2025-07-01,3.130000114440918,1.159999966621399,627.0999755859375,0.0007165492225374145,0.07461614049724452,1.1844945092829864,133860.7165775401,Close
NSA,2531,2015-06-09,2025-07-01,32.68000030517578,7.329946994781494,57.09775161743164,0.00072716629276339,0.018924111325070363,0.3004109540942231,553391.9004346108,Close
NSC,10825,1982-07-20,2025-07-01,262.3800048828125,1.4569473266601562,275.1683959960937,0.0006546301197708006,0.018569922459166634,0.2947883801562475,1558414.4849884526,Close
NSIT,7627,1995-03-13,2025-07-01,141.8000030517578,1.876543045043945,225.2400054931641,0.0011431352746103425,0.03371287099615928,0.535175235827039,336676.8464665006,Close
NSP,7117,1997-03-18,2025-07-01,62.060001373291016,0.6362916231155396,124.84827423095705,0.001018157913733662,0.034728815763072456,0.5513028590212175,426848.4333286497,Close
NSPR,3543,2011-05-31,2025-07-01,2.2300000190734863,0.8100000023841858,2130000.0,0.006691195409454482,0.5510485505871568,8.747624551057276,66239.19220999154,Close
NSSC,10932,1982-02-16,2025-07-01,29.959999084472656,0.0999923422932624,57.04867172241211,0.001192676923578869,0.039394634905880146,0.6253704417068597,130004.24259055982,Close
NSTS,832,2022-03-08,2025-07-01,12.1899995803833,8.307000160217285,13.279999732971191,7.177613797906303e-05,0.013648040231488011,0.2166559220155301,6272.475961538462,Close
NSYS,8036,1993-07-29,2025-07-01,9.18000030517578,1.5,18.3799991607666,0.0011735245397776187,0.04750570929403034,0.7541297558864045,12621.465903434544,Close
NTAP,7417,1996-01-10,2025-07-01,106.69000244140624,1.017218828201294,132.597900390625,0.0012170968265268506,0.03539583046666826,0.5618913891804452,4755573.938249966,Close
NTB,2176,2016-11-02,2025-07-01,45.36000061035156,11.366819381713867,45.36000061035156,0.0007074951776738755,0.02278562145697886,0.3617105270593397,219580.46875,Close
NTCT,6478,1999-09-29,2025-07-01,24.81999969482422,2.5999999046325684,47.33000183105469,0.0007178792312339573,0.03747780262568402,0.5949416725963408,372805.1867860451,Close
NTES,6254,2000-08-17,2025-07-01,134.77999877929688,0.0209481753408908,134.77999877929688,0.0016584028418962851,0.03540343598759243,0.5620121230821838,7907398.177166614,Close
NTGR,5482,2003-09-17,2025-07-01,29.450000762939453,5.341190814971924,48.23200988769531,0.0005812917958372407,0.028474394565264457,0.45201700051691335,650227.2396935425,Close
NTIC,8341,1992-05-14,2025-07-01,8.289999961853027,0.715623140335083,19.151212692260746,0.0007551015937761088,0.031445812111182664,0.4991867917239139,10738.868241218079,Close
NTIP,5401,2004-01-13,2025-07-01,1.2300000190734863,0.053918220102787,3.623084783554077,0.0015655173446261978,0.054034723999815286,0.8577746511931476,33347.398629883355,Close
NTLA,2268,2016-06-23,2025-07-01,9.880000114440918,6.28000020980835,176.77999877929688,0.0007008282440499508,0.04795387468248304,0.7612441608708396,1148465.6084656084,Close
NTNX,2166,2016-11-16,2025-07-01,75.19000244140625,12.489999771118164,83.06999969482422,0.0010377845628422547,0.03582088812354582,0.5686389702982163,2770307.3407202214,Close
NTR,1851,2018-02-20,2025-07-01,58.52000045776367,20.75007057189941,102.87061309814452,0.0005223357356692734,0.021603437732621425,0.3429439422275123,2016242.1934089682,Close
NTRA,2482,2015-08-18,2025-07-01,160.72000122070312,6.610000133514404,177.0,0.0017298565760790585,0.039578084182554506,0.62828260869251,848569.7018533441,Close
NTRB,907,2021-11-17,2025-07-01,8.020000457763672,1.9299999475479128,9.899999618530272,0.0034899715590592387,0.0867049795836452,1.3763988804555471,273275.08048511576,Close
NTRBW,907,2021-11-17,2025-07-01,1.7699999809265137,0.2119999974966049,9.0,0.009860858624717262,0.15233864538604394,2.418301024535577,7969.459757442117,Close
NTRP,3667,2010-12-01,2025-07-01,3.650000095367432,1.5,1032.0,0.0045002500997442475,0.1915062874036064,3.040068065851224,37549.74775020453,Close
NTRS,11383,1980-05-02,2025-07-01,127.98999786376952,0.3845722377300262,127.98999786376952,0.0006834920552378104,0.018707384073022273,0.2969705156267251,989151.1025213037,Close
NTRSO,1391,2019-12-17,2025-07-01,19.86000061035156,13.89893627166748,22.947982788085938,0.00010123797938831991,0.012042130652442185,0.19116289777026005,37008.554996405466,Close
NTST,1193,2020-09-30,2025-07-01,17.049999237060547,12.518356323242188,22.254541397094727,0.0002446969533434877,0.015606349483786556,0.24774311764596288,661017.0159262364,Close
NTWK,6699,1998-11-11,2025-07-01,3.1600000858306885,1.75,3750.0,0.0010442937760744638,0.059708084993110366,0.9478364649100666,40831.64591730109,Close
NTZ,8056,1993-06-30,2025-07-01,3.7799999713897705,0.4600000083446502,110.21204376220705,0.0004073246290953707,0.037404005190870594,0.5937701746368758,21300.153922542206,Close
NU,859,2022-01-27,2025-07-01,13.640000343322754,3.309999942779541,15.890000343322754,0.0015247989373548298,0.039016306393463956,0.6193646627604302,32343490.337601863,Close
NUE,11383,1980-05-02,2025-07-01,134.11000061035156,0.3268944919109344,196.88006591796875,0.0007747926331815233,0.02267041490090836,0.3598816796787392,2283418.5276289205,Close
NUKK,1209,2020-09-08,2025-07-01,11.06999969482422,1.3899999856948853,69.45143127441406,0.0067723166235263855,0.24558798014791852,3.8985883227483606,307529.4483043838,Close
NUS,7162,1997-01-13,2025-07-01,8.859999656677246,2.2333154678344727,95.30957794189452,0.0003725570036472938,0.03024603784158096,0.48014096564323233,560113.0131248254,Close
NUV,9550,1987-08-04,2025-07-01,8.739999771118164,1.0665863752365112,10.226806640625,0.00023109223999820237,0.007929483899374541,0.12587665453701452,263219.87434554973,Close
NUVB,1184,2020-10-13,2025-07-01,1.940000057220459,0.9639999866485596,14.56999969482422,-0.0005043809986890846,0.04393862903843686,0.69750411230895,1295473.4797297297,Close
NUVL,952,2021-09-15,2025-07-01,78.01000213623047,7.400000095367432,112.16999816894533,0.0019272181716652398,0.04943177647022074,0.7847051244260299,364198.63445378153,Close
NUW,4080,2009-04-14,2025-07-01,13.760000228881836,7.048869609832764,15.113235473632812,0.0001875700953030645,0.007734358522203486,0.12277913520218078,34435.294117647056,Close
NUWE,2690,2012-04-04,2023-01-10,262.8500061035156,262.8500061035156,11730599936.0,-0.002690806781071027,0.1051733424274442,1.6695750516987338,180.68550185873605,Close
NVAX,7408,1996-01-23,2025-07-01,6.610000133514404,3.690000057220459,319.92999267578125,0.00153586706506799,0.061162375302273315,0.970922607862885,1393409.9716522677,Close
NVCR,2418,2015-11-17,2025-07-01,17.8799991607666,5.949999809265137,225.5800018310547,0.0009212200990116334,0.045474424765574326,0.7218841136605582,881417.659222498,Close
NVCT,820,2022-03-24,2025-07-01,7.309999942779541,4.519999980926514,20.440000534057617,0.0015093620929659572,0.054404201676167614,0.8636399274728572,79531.34146341463,Close
NVDA,6618,1999-03-11,2025-07-01,153.3000030517578,0.0312813185155391,157.99000549316406,0.0019499471791434783,0.037762242797911016,0.5994570203478748,596094048.1565428,Close
NVEC,7544,1995-07-11,2025-07-01,74.05000305175781,2.133023977279663,89.98697662353516,0.0019980060960805577,0.05976624211819155,0.9487596806496543,79870.94697773065,Close
NVEE,2923,2013-11-14,2025-07-01,22.979999542236328,1.8799999952316284,38.26499938964844,0.0012343460955277863,0.028698990108807384,0.45558234423964117,320256.79096818337,Close
NVFY,3413,2011-12-02,2025-07-01,1.409999966621399,0.4099999964237213,221.25,0.0008552629939522438,0.07210343321992418,1.1446065178432354,74773.54585408731,Close
NVG,5704,2002-10-29,2025-07-01,12.010000228881836,3.1876163482666016,14.580026626586914,0.00023480371764007736,0.008519166042476812,0.1352375683563598,224256.59186535765,Close
NVGS,4616,2007-02-27,2025-07-01,14.279999732971191,3.778761863708496,58.43446350097656,0.0003590609771678329,0.030049967183653666,0.4770284404415977,130062.78162911611,Close
NVMI,6310,2000-05-30,2025-07-01,268.42999267578125,0.3899999856948852,275.20001220703125,0.0012504715773579114,0.038916276867528445,0.6177767432640959,94298.74801901744,Close
NVNI,846,2022-02-15,2025-07-01,0.2840000092983246,0.1490000039339065,11.729999542236328,0.003928645144875155,0.17271102278154746,2.7417024897575133,2950854.7281323876,Close
NVNO,1748,2018-07-18,2025-07-01,3.9800000190734863,2.119999885559082,77.3499984741211,-0.0001510429834083915,0.05614196627459534,0.8912260852605279,133510.60183066363,Close
NVO,11100,1981-06-17,2025-07-01,69.81999969482422,0.0582021325826644,144.0410919189453,0.0007419025319517037,0.018570780645886048,0.2948020034480756,3992930.009009009,Close
NVR,10031,1985-09-06,2025-07-01,7667.85009765625,0.25,9924.400390625,0.0036398313508257366,0.2656562345277635,4.217161984765876,45295.06529757751,Close
NVRI,11383,1980-05-02,2025-07-01,8.75,0.9821473360061646,49.9156494140625,0.0005061056907480798,0.024944501658891494,0.3959816878071902,364510.8846525521,Close
NVS,7173,1996-12-26,2025-07-01,123.0999984741211,11.048456192016602,123.0999984741211,0.00042265850342575114,0.013402342946148936,0.2127555985266649,1707300.3548027324,Close
NVST,1421,2019-11-04,2025-07-01,20.020000457763672,11.90999984741211,50.900001525878906,4.3962335762807325e-05,0.025176741723305755,0.3996683845366247,2219500.4222378605,Close
NVT,1774,2018-06-11,2025-07-01,72.16000366210938,11.251546859741213,84.45076751708984,0.0009204536446704696,0.023933748247385898,0.37993647482526655,1214443.404735062,Close
NVTS,894,2021-12-07,2025-07-01,6.269999980926514,1.6050000190734863,18.8799991607666,0.0012666198447076377,0.08016978650760058,1.2726559065615155,4754085.5704697985,Close
NVVE,1265,2020-06-18,2025-07-01,1.0099999904632568,0.8619999885559082,8908.0,-0.0025227619274093573,0.09506526357689432,1.5091142744716142,420547.3407114624,Close
NVX,822,2022-03-22,2025-07-01,1.1100000143051147,0.9070000052452089,22.040000915527344,-0.0018247599765470383,0.055593870810684384,0.8825253395071422,76353.16301703163,Close
NWBI,7680,1994-12-23,2025-07-01,13.170000076293944,0.4916922748088836,14.606206893920898,0.0006585207216595825,0.021749382312406966,0.3452607406073745,368394.3424479167,Close
NWE,4371,2008-02-15,2025-07-01,52.02000045776367,8.483551979064941,62.55030822753906,0.00043183916658085875,0.015049307548033424,0.23890035105494203,312459.2770533059,Close
NWFL,6842,1998-04-21,2025-07-01,26.190000534057617,2.5953097343444824,32.16170883178711,0.0004225860075656843,0.019050995140779684,0.30242517222481796,5662.699649225373,Close
NWG,4420,2007-12-05,2025-07-01,13.890000343322754,1.818549394607544,105.47746276855467,0.0002691111577048069,0.0357050228146319,0.5667996655404208,1145658.6880090497,Close
NWL,11383,1980-05-02,2025-07-01,5.630000114440918,0.1752239316701889,38.67943572998047,0.0005658190262663685,0.02280391147669225,0.36200087212115634,2060900.483176667,Close
NWN,13169,1973-04-09,2025-07-01,40.59999847412109,0.8251321315765381,61.533966064453125,0.0003727492486992521,0.015246348324725162,0.24202827641453414,84491.75715695953,Close
NWPX,7411,1996-01-18,2025-07-01,42.02000045776367,7.0,63.0,0.0006106882110469713,0.028858863286033164,0.45812025224913616,46234.82660909459,Close
NWS,2994,2013-08-06,2025-07-01,34.40999984741211,7.765219688415527,34.88621520996094,0.00045671892981260647,0.018089714201635045,0.287165310394558,809765.1302605211,Close
NWSA,2994,2013-08-06,2025-07-01,29.729999542236328,7.797338485717773,30.37682342529297,0.0004140337804246079,0.018139604060259752,0.2879572873477489,2956927.08750835,Close
NWTN,1294,2020-05-07,2025-07-01,1.5700000524520874,0.3179999887943268,18.399999618530277,0.0011028335839473383,0.07181052476419529,1.1399567402586357,237089.48995363215,Close
NX,11383,1980-05-02,2025-07-01,20.1200008392334,0.1931591928005218,38.147064208984375,0.0006902972849794019,0.027705960538000313,0.43981848850630884,189052.90459457086,Close
NXC,8283,1992-08-06,2025-07-01,13.149999618530272,2.8136587142944336,16.5899600982666,0.0002268836790585793,0.009705179632719796,0.1540649504243146,9917.240130387541,Close
NXDT,4751,2006-08-11,2025-07-01,4.349999904632568,3.302142858505249,15.73939323425293,-6.256418030012342e-05,0.01905756168660939,0.30252941290824664,110945.05367291096,Close
NXE,2955,2013-10-01,2025-07-01,6.730000019073486,0.2300000041723251,8.880000114440918,0.001942650092785804,0.043365921222694954,0.6884126575828136,1714093.0287648055,Close
NXG,3175,2012-11-14,2025-07-01,49.900001525878906,9.106341361999512,50.290000915527344,0.0003581739969388769,0.01878778156301093,0.29824678621398787,13309.385826771653,Close
NXGL,850,2022-02-09,2025-07-01,2.700000047683716,1.1690000295639038,4.929999828338623,0.001346248337759077,0.04878916991255854,0.774504061571429,49836.23529411765,Close
NXJ,5704,2002-10-29,2025-07-01,11.420000076293944,3.236217975616455,12.967958450317385,0.000228889794650246,0.008433476707279336,0.13387729233070195,43194.19705469846,Close
NXN,8283,1992-08-06,2025-07-01,11.619999885559082,2.6348025798797607,12.42477798461914,0.00019516840306803821,0.008584425252536618,0.13627352619980843,6029.711457201497,Close
NXP,8347,1992-05-06,2025-07-01,14.0600004196167,2.68364691734314,15.950851440429688,0.00022593379111408567,0.007824450733281862,0.12420930471564472,30412.231939619025,Close
NXPI,3715,2010-09-23,2025-07-01,221.2100067138672,10.626317024230955,285.4485168457031,0.001170780417307554,0.02692015249853076,0.42734417260227886,3018430.1749663525,Close
NXPL,6421,1999-12-20,2025-07-01,0.7699999809265137,0.2300000041723251,78468751360.0,0.009377342040965912,0.2410222244876005,3.8261091986026385,59267.30696153247,Close
NXRT,2554,2015-05-06,2025-07-01,33.54999923706055,7.572114944458008,82.25285339355469,0.0007352226558998239,0.021813581556067236,0.34627987200587557,130246.43696162882,Close
NXST,5400,2004-01-14,2025-07-01,177.86000061035156,0.3749436438083648,193.2228546142578,0.0012549161531968849,0.038787748062776406,0.6157364117420023,312053.68518518517,Close
NXTC,1512,2019-06-26,2025-07-01,0.4359999895095825,0.270000010728836,92.22000122070312,-0.00018310766115056724,0.08035312716728986,1.2755663493059815,220124.73544973545,Close
NXXT,919,2021-11-01,2025-07-01,2.690000057220459,2.319999933242798,63.59999847412109,-0.0006618586801350137,0.07521918093784781,1.194067479501093,33409.86398258977,Close
NYC,1190,2020-10-05,2025-07-01,13.949999809265137,1.6399999856948853,15.65999984741211,0.005987571439058237,0.24018238460781952,3.8127771538245496,28258.73949579832,Close
NYMT,5235,2004-09-10,2025-07-01,6.760000228881836,0.6633857488632202,32.20362854003906,0.00026155983525121,0.0323622301319652,0.5137344768037256,385075.6275071633,Close
NYMTL,972,2021-08-17,2025-07-01,21.170000076293945,11.482458114624023,22.368013381958008,0.00027419059202568575,0.012809334035560685,0.2033418739106938,10813.477366255143,Close
NYMTM,1399,2019-12-05,2025-07-01,24.21999931335449,2.4639909267425537,24.799999237060547,0.0016865356744077504,0.059892412473616645,0.950762572949355,28345.818441744104,Close
NYMTN,1894,2017-12-15,2025-07-01,20.739999771118164,2.3566620349884038,22.59704971313477,0.0009481587904262058,0.03870486580137563,0.6144206966314117,19609.820485744458,Close
NYMTZ,873,2022-01-06,2025-07-01,18.26000022888184,11.692059516906738,20.608861923217773,8.995048826908085e-05,0.013402085015986429,0.2127515040122712,7900.801832760596,Close
NYT,13119,1973-06-20,2025-07-01,56.369998931884766,0.3318056762218475,57.119998931884766,0.0005976731872756854,0.02206386512483089,0.3502530004870418,746517.90532815,Close
NYXH,1016,2021-06-15,2025-07-01,7.550000190734863,4.03000020980835,37.0,-0.00020106668143739017,0.04611483145164878,0.7320502546363343,32221.94881889764,Close
NZF,5941,2001-11-19,2025-07-01,11.979999542236328,2.805570602416992,14.030925750732422,0.0002454945088751816,0.009199598285797186,0.1460390953554928,200360.02356505638,Close
O,7694,1994-12-05,2025-07-01,57.79999923706055,1.196968913078308,64.17644500732422,0.0006566120749017326,0.017508241634739363,0.27793471955728394,1551770.781778009,Close
OABI,908,2021-11-16,2025-07-01,1.7400000095367432,1.25,10.3100004196167,-0.0009899992566644973,0.03950316219968138,0.6270932590860251,533522.4669603524,Close
OBDC,1464,2019-09-04,2025-07-01,14.390000343322754,4.513707160949707,14.807955741882324,0.0005218830281690446,0.01753933056705519,0.2784282410578891,1742198.7704918033,Close
OBE,4903,2006-01-04,2025-07-01,5.590000152587891,0.1599999964237213,145.31451416015625,0.0002175737363354205,0.0403001589199854,0.6397451897919765,314681.9122985927,Close
OBIO,1200,2020-09-21,2025-07-01,2.7699999809265137,2.4200000762939453,22.18000030517578,0.0002597240827589286,0.054690965836928174,0.8681921673986487,84978.16666666667,Close
OBK,1764,2018-06-25,2025-07-01,37.02999877929688,15.909855842590332,44.5997428894043,0.0002501654570103166,0.02277287785565121,0.36150822865981785,83291.72335600907,Close
OBLG,7526,1995-08-04,2025-07-01,4.320000171661377,2.0799999237060547,426000.0,0.0008556718876196434,0.0724650602669474,1.1503471692459042,13485.708875896891,Close
OBT,5429,2003-12-02,2025-07-01,26.489999771118164,7.161605358123779,31.57093620300293,0.00043825158238716184,0.022368668563903703,0.3550916050783051,5212.580585743231,Close
OC,4661,2006-12-19,2025-07-01,143.44000244140625,4.483198642730713,208.96295166015625,0.0006932717023900739,0.0252173779564091,0.4003134647386841,1308595.6876206822,Close
OCC,7326,1996-05-20,2025-07-01,3.0,1.6295247077941897,307.5956726074219,0.0006418501285700095,0.04584579085146736,0.7277793675123767,23140.774092274092,Close
OCCI,1659,2018-11-21,2025-07-01,6.230000019073486,2.051581621170044,7.485396385192871,0.00047578160249461474,0.026378036712590775,0.4187383512938817,100249.30681133212,Close
OCCIN,862,2022-01-24,2025-07-01,24.18000030517578,18.409990310668945,24.18000030517578,0.00022190949961614225,0.008486728132103244,0.13472263249296543,2148.491879350348,Close
OCCIO,1019,2021-06-10,2025-07-01,24.850000381469727,18.92325782775879,24.850000381469727,0.0002560998898169788,0.006443792962814732,0.10229204207757517,1830.3238469087341,Close
OCFC,7262,1996-08-20,2025-07-01,18.21999931335449,2.6005747318267822,23.588478088378903,0.0004941757428355419,0.021271004227571454,0.3376667239365458,112211.91131919582,Close
OCFT,1360,2020-02-03,2025-07-01,7.199999809265137,0.9959999918937684,269.8999938964844,-0.0001723291369146123,0.06437154285472119,1.0218665634187745,86854.19852941176,Close
OCG,1107,2021-02-03,2025-07-01,6.260000228881836,0.99099999666214,70.94999694824219,0.001618962668525246,0.07968901904427918,1.2650239596831165,119299.16892502259,Close
OCGN,2626,2015-01-22,2025-07-01,0.9240000247955322,0.1959999948740005,658.7999877929688,0.0017372520510676578,0.10321627801360911,1.6385076172662816,8498241.630616907,Close
OCS,1002,2021-07-06,2025-07-01,18.959999084472656,6.989999771118164,22.90999984741211,0.0009756871733270752,0.025021696497468583,0.3972071178794267,31456.487025948103,Close
OCSL,4257,2008-07-30,2025-07-01,13.75,2.9010698795318604,17.889265060424805,0.0004554524823605604,0.019851518909345934,0.3151330930861531,334560.01526896877,Close
OCUL,2717,2014-09-11,2025-07-01,9.100000381469728,2.0799999237060547,43.27000045776367,0.001160373528596211,0.051963708439256996,0.824898298385654,865294.9576739051,Close
ODC,11381,1980-05-06,2025-07-01,58.9900016784668,0.3074788749217987,59.77999877929688,0.0007313819895679062,0.024573854931788316,0.39009785342214,22026.554696423864,Close
ODFL,8448,1991-12-11,2025-07-01,168.4499969482422,0.3177351355552673,230.7966461181641,0.0011322021517187497,0.030580381249741932,0.48544850270615847,1457056.4593986743,Close
ODP,9308,1988-07-19,2025-07-01,19.68000030517578,5.171589374542236,389.7099609375,0.0006615182409514332,0.035154117802194004,0.5580543195868432,410162.43296089384,Close
ODV,4297,2008-06-03,2025-07-01,2.0999999046325684,0.0179999992251396,6487.56591796875,0.24174249947525428,14.798619691655247,234.92080470685883,26987.99045845939,Close
ODYS,1091,2021-02-26,2025-07-01,4.949999809265137,1.409999966621399,15.119999885559082,0.004956952149130784,0.1150527651234691,1.8264060250021488,2978.5811182401467,Close
OEC,2717,2014-09-11,2025-07-01,10.920000076293944,6.252852916717529,33.0951042175293,0.00028613036529322194,0.02747369254177554,0.4361313483731286,375988.958410011,Close
OESX,4377,2008-02-07,2025-07-01,0.6000000238418579,0.550000011920929,12.640000343322754,0.00012455129974557863,0.04133792958832159,0.6562192884299854,142588.59949737263,Close
OFG,9607,1987-05-13,2025-07-01,43.84999847412109,0.2013217210769653,46.10108184814453,0.0009144150971497873,0.0302623476428094,0.4803998757111324,183296.89299469138,Close
OFIX,8322,1992-06-11,2025-07-01,11.18000030517578,5.875,67.70999908447266,0.00042528011504498124,0.028868384592803276,0.45827139830835656,113495.1814467676,Close
OFLX,4978,2005-09-16,2025-07-01,34.900001525878906,7.183210849761963,170.5718231201172,0.0007717279116106024,0.03241661565520307,0.5145978202201827,10204.64041783849,Close
OFS,3146,2012-12-27,2025-07-01,8.569999694824219,1.8553403615951536,9.654001235961914,0.0005727859161821724,0.02229674640328517,0.3539498761737986,49408.80483153211,Close
OFSSH,888,2021-12-15,2025-07-01,23.18000030517578,16.862516403198242,23.18000030517578,0.00014333142999076027,0.008067203137702468,0.1280628796692041,855.4054054054054,Close
OGE,13169,1973-04-09,2025-07-01,44.66999816894531,0.391498327255249,45.93277359008789,0.00038902030780084277,0.013284300689445153,0.21088173579405456,620427.8988533678,Close
OGEN,5339,2004-04-13,2025-07-01,1.5499999523162842,1.5499999523162842,1584000.0,0.0010649815484451812,0.08925867922011597,1.4169376054230935,8585.903352687768,Close
OGI,1504,2019-07-09,2025-07-01,1.3200000524520874,0.8799999952316284,27.68000030517578,-0.0006196924114706282,0.05402989145051967,0.8576979368513395,1191636.053856383,Close
OGN,1004,2021-07-01,2025-07-01,10.050000190734863,8.039999961853027,33.17890930175781,-0.000557294376344556,0.02596592386586731,0.4121962626667307,2655697.310756972,Close
OGS,2848,2014-03-06,2025-07-01,72.75,25.040401458740234,81.77884674072266,0.0004980670834272423,0.016077917555391792,0.2552290287081974,304882.268258427,Close
OHI,8249,1992-09-24,2025-07-01,36.66999816894531,0.3047482371330261,40.35531234741211,0.0006581392334902775,0.023959606726116432,0.3803469654492872,921962.2984604194,Close
OI,8415,1992-01-29,2025-07-01,15.130000114440918,2.511471509933472,58.707176208496094,0.0004587121025593756,0.02941809548230514,0.4669977881479928,1178561.3903743315,Close
OIA,9232,1988-11-03,2025-07-01,5.75,0.924306869506836,6.903970241546631,0.0002548554777224238,0.011042523687552805,0.17529462914282778,51926.39731369151,Close
OII,12487,1975-12-18,2025-07-01,21.290000915527344,0.2071833163499832,79.02302551269531,0.0008876843692262132,0.037192638078359444,0.590414825746622,746003.787939457,Close
OIS,6100,2001-03-29,2025-07-01,5.46999979019165,1.6699999570846558,65.37000274658203,0.0005675981307495015,0.034067294770642007,0.5408015388230998,941857.8278688524,Close
OKE,11245,1980-11-18,2025-07-01,80.98999786376953,0.1855239570140838,114.3683090209961,0.0006524437915091036,0.020831570335762238,0.33069092716426307,1304891.9116940862,Close
OKLO,967,2021-08-24,2025-07-01,51.7400016784668,5.590000152587891,68.02999877929688,0.0030958042536535523,0.052130341574008796,0.8275435173940723,4111150.5687693898,Close
OKTA,2036,2017-05-25,2025-07-01,98.5500030517578,21.950000762939453,291.7799987792969,0.0012717097557503087,0.03399692792766898,0.5396844998207916,2240144.89194499,Close
OKUR,1030,2021-05-25,2025-07-01,2.400000095367432,1.830000042915344,120.0,-0.0013346647699574864,0.057575102292043066,0.9139764142431052,34226.47572815534,Close
OLB,3113,2013-02-14,2025-07-01,1.830000042915344,1.0399999618530271,303.0,0.018207493462768662,0.7086058036237525,11.248768403793125,40185.705750080306,Close
OLED,7320,1996-05-29,2025-07-01,156.8000030517578,3.1004462242126465,250.5682678222656,0.0012259883267729177,0.04068206967970354,0.64580783515138,426252.48633879784,Close
OLLI,2472,2015-09-01,2025-07-01,130.47999572753906,15.279999732971191,133.44000244140625,0.0011839951438519995,0.027354260593900295,0.43423542497708506,1002553.9644012945,Close
OLMA,1124,2021-01-08,2025-07-01,4.369999885559082,2.039999961853028,53.63999938964844,-0.00030713406088492,0.056603964876178726,0.8985600856956234,530102.5800711744,Close
OLN,13169,1973-04-09,2025-07-01,21.38999938964844,0.3947487771511078,63.26732635498047,0.000542950922243369,0.02300786675648056,0.3652385618145471,692543.2031285595,Close
OLO,1045,2021-05-04,2025-07-01,8.880000114440918,4.25,46.560001373291016,-0.00041128116849528835,0.03747932374704291,0.5949658196493182,1243824.1148325359,Close
OLP,10598,1983-06-10,2025-07-01,24.049999237060547,0.6835440397262573,28.63550567626953,0.0004770076780183545,0.020826056634537893,0.3306033998708043,25677.401396489902,Close
OLPX,908,2021-11-16,2025-07-01,1.5149999856948853,1.0499999523162842,29.40999984741211,-0.0018878864273660177,0.04811945944709173,0.7638727375191741,2347293.0616740086,Close
OM,1171,2020-10-30,2025-07-01,20.729999542236328,6.75,960.0,-0.0009872700300387837,0.060506429295215866,0.960509787813926,65659.11870196414,Close
OMAB,4642,2007-01-19,2025-07-01,107.16000366210938,2.883963108062744,107.16000366210938,0.0007926922475575586,0.023361389251861896,0.3708505574484231,68740.9521757863,Close
OMC,11383,1980-05-02,2025-07-01,73.83000183105469,0.5476198792457581,102.77769470214844,0.0005894330984340773,0.018004369169026944,0.28581050000306363,1493593.6923482385,Close
OMCC,6886,1998-02-17,2025-07-01,5.46999979019165,0.5841358304023743,17.200000762939453,0.0006845305761856358,0.029592684701775496,0.4697693060858615,17936.813099041534,Close
OMCL,5975,2001-10-02,2025-07-01,29.93000030517578,1.399999976158142,183.6199951171875,0.0007682026267919868,0.032057223993818176,0.5088926544644141,315397.05439330544,Close
OMER,3923,2009-11-24,2025-07-01,2.970000028610229,1.0800000429153442,26.690000534057617,0.0012976192049733493,0.05677603607889034,0.9012916313566477,575217.4611266888,Close
OMEX,6426,1999-12-13,2025-07-01,1.1100000143051147,0.296999990940094,99.83999633789062,0.0023894356271537786,0.07473226611082605,1.1863379462492754,304212.7615935263,Close
OMF,2911,2013-12-03,2025-07-01,58.220001220703125,7.991898059844971,58.220001220703125,0.0010463992355223255,0.029760753549928787,0.4724373163379656,848004.6032291309,Close
OMI,11383,1980-05-02,2025-07-01,9.420000076293944,0.248362198472023,48.70921325683594,0.0007017656406052731,0.02811138801099864,0.44625445011567044,432988.3585170869,Close
ON,6296,2000-06-19,2025-07-01,53.59999847412109,0.9100000262260436,108.08999633789062,0.0008708790306877761,0.03819203632607904,0.6062797810917006,5899771.66454892,Close
ONB,10305,1984-08-07,2025-07-01,22.15999984741211,3.038168668746948,24.13335609436035,0.00032090747729275555,0.01889936464445503,0.300018112718128,496098.94672489085,Close
ONBPO,1231,2020-08-06,2025-07-01,24.81999969482422,16.961688995361328,25.049999237060547,0.0003164700904076843,0.010959634303491185,0.17397880096350157,9770.999187652315,Close
ONBPP,1254,2020-07-06,2025-07-01,25.0,16.973251342773438,25.21999931335449,0.00033591233725268764,0.010309513107239668,0.1636584469195016,9803.508771929824,Close
ONC,2333,2016-03-22,2025-07-01,245.16000366210935,25.71999931335449,403.1400146484375,0.0015383955456221407,0.03579075048047909,0.5681605500462791,283162.9661380197,Close
ONCO,810,2022-04-07,2025-07-01,4.699999809265137,4.0,36890.0,-0.005707184659657151,0.13437726849531603,2.1331730057925653,35500.78518518519,Close
ONCY,5939,2001-11-21,2025-07-01,0.75,0.3300000131130218,82.45999908447266,0.0006722268568273195,0.05242014965956967,0.832144078128051,171574.29213672335,Close
ONDS,1114,2021-01-25,2025-07-01,1.9600000381469729,0.335999995470047,15.399999618530272,0.0006586806513199404,0.06900211503830979,1.095374617973027,1752984.0215439857,Close
ONEW,1323,2020-03-26,2025-07-01,13.869999885559082,5.670736789703369,60.970001220703125,0.0013021897469389036,0.03762473731152365,0.5972741884225472,98726.60619803477,Close
ONIT,7204,1996-11-11,2025-07-01,38.43999862670898,4.650000095367432,899.5499877929688,0.0006194186200542469,0.03912943492326552,0.621160522496678,69704.30510827318,Close
ONL,870,2022-01-11,2025-07-01,2.2699999809265137,1.505990743637085,14.182854652404783,-0.0015995821755207156,0.03061999885947129,0.4860774127634547,547514.9425287356,Close
ONMD,976,2021-08-11,2025-07-01,0.5720000267028809,0.3230000138282776,11.470000267028809,0.0010974016667557856,0.11079673303464956,1.7588436101285851,1213121.9262295081,Close
ONON,919,2021-11-01,2025-07-01,52.209999084472656,16.0,63.619998931884766,0.0011511126803327887,0.0374324608488553,0.5942218942033972,3907492.7094668117,Close
ONTF,1074,2021-03-23,2025-07-01,5.460000038146973,4.460000038146973,46.46743774414063,-0.001514264226164395,0.029474070748524043,0.4678863679519079,341781.9366852886,Close
ONTO,1393,2019-12-13,2025-07-01,100.2300033569336,20.81999969482422,238.0399932861328,0.001404815567151719,0.035289233123156065,0.5601992088123249,457331.2993539124,Close
OOMA,2470,2015-09-03,2025-07-01,13.149999618530272,5.840000152587891,24.200000762939453,0.0005946834131114685,0.02968371685661991,0.4712143967440333,105146.68016194332,Close
OP,866,2022-01-18,2025-07-01,1.6100000143051147,0.6549999713897705,2754.861572265625,-0.00441531072395281,0.08779684664761103,1.3937317327515222,258903.99422632795,Close
OPAD,1109,2021-02-01,2025-07-01,1.059999942779541,0.9100000262260436,299.54998779296875,-0.00270117188054093,0.06169060777821559,0.979308038457512,68333.20378719567,Close
OPAL,998,2021-07-12,2025-07-01,2.4800000190734863,1.2999999523162842,11.5,-0.0007623800318292168,0.035958485666308146,0.5708232635731925,140405.6112224449,Close
OPBK,4973,2005-09-23,2025-07-01,13.640000343322754,0.2049219906330108,17.939451217651367,0.0035072011189287884,0.12783152174507728,2.02926249751452,16902.3325960185,Close
OPCH,7232,1996-10-02,2025-07-01,31.950000762939453,2.875,90.0,0.0009740751829495414,0.04611034032529063,0.7319789602156329,368392.391454646,Close
OPEN,1232,2020-08-05,2025-07-01,0.5649999976158142,0.5120000243186951,35.880001068115234,-0.0005302274576583245,0.061739174606716934,0.9800790129586021,22201167.694805194,Close
OPFI,1123,2021-01-11,2025-07-01,13.579999923706056,1.617375135421753,16.421005249023438,0.0012284951065298787,0.043120156822589135,0.6845112686800557,418206.0552092609,Close
OPHC,5509,2003-08-08,2025-07-01,4.489999771118164,1.7999999523162842,1966.785400390625,0.001224061561836463,0.07476649369816808,1.186881292353784,15239.779996369578,Close
OPI,4011,2009-07-22,2025-07-01,0.2599999904632568,0.1800000071525573,44.26920700073242,-0.0007785231357553299,0.027755053715349653,0.4405978185363269,322755.1795063575,Close
OPINL,1228,2020-08-11,2025-07-01,6.434000015258789,5.989999771118164,18.46029663085937,-0.0005415912854172838,0.019205456364605022,0.30487716813748517,22883.550488599347,Close
OPK,7430,1995-12-20,2025-07-01,1.3300000429153442,0.3199999928474426,19.1200008392334,0.0011582486742555656,0.05220808488896335,0.8287776542588774,2254919.5827725437,Close
OPOF,6626,1999-03-01,2025-07-01,40.20000076293945,4.636824607849121,40.72999954223633,0.00047905061546585625,0.02235656653317267,0.3548994912962661,3983.2595834591007,Close
OPP,2168,2016-11-14,2025-07-01,8.550000190734863,6.37120532989502,12.170210838317873,-9.784758877560501e-05,0.010416382384636979,0.16535494410422036,96445.11070110701,Close
OPRA,1708,2018-09-13,2025-07-01,20.32999992370605,3.191721677780152,25.671772003173828,0.0013295594980382874,0.041046202185356595,0.6515882594767769,399385.65573770495,Close
OPRT,1415,2019-11-12,2025-07-01,6.739999771118164,2.130000114440918,27.739999771118164,0.000640696689189531,0.051231132775417514,0.8132690202473101,226366.148409894,Close
OPRX,4392,2008-01-16,2025-07-01,13.59000015258789,0.6000000238418579,98.0,0.0042997621009969525,0.1072267719047499,1.7021722340892953,76125.84335154828,Close
OPTT,4543,2007-06-12,2025-07-01,0.4699999988079071,0.1299999952316284,3652.0,0.0007271910198821981,0.08378804638539046,1.3300940014541254,1691609.7657935284,Close
OPTX,827,2022-03-15,2025-07-01,1.3700000047683716,0.8600000143051147,12.220000267028809,0.0006773360830941219,0.0862078896319604,1.3685078221072244,322525.87666263606,Close
OPXS,3782,2010-06-18,2025-07-01,11.739999771118164,0.5444967150688171,49.83528900146485,0.00537678695697261,0.11487700256990235,1.823615880962937,12700.11951348493,Close
OPY,10737,1982-11-22,2025-07-01,66.52999877929688,0.6295037865638733,72.34051513671875,0.0007398103708983697,0.028817777500581742,0.4574680356247908,26768.24997671603,Close
OR,2227,2016-08-22,2025-07-01,25.59000015258789,4.917258262634277,27.000537872314453,0.0006457230531493334,0.023680644586587182,0.37591857877090584,742053.2555006735,Close
ORA,5158,2004-12-30,2025-07-01,84.76000213623047,12.155879020690918,122.48777770996094,0.0005979150565729443,0.0229020079881658,0.3635581059642084,253362.291585886,Close
ORC,3080,2013-04-04,2025-07-01,7.039999961853027,3.7510619163513184,15.483306884765623,0.00019615140928923481,0.023073085924019757,0.36627388400268734,577040.0064935065,Close
ORCL,9870,1986-04-29,2025-07-01,218.9600067138672,0.0335315316915512,218.9600067138672,0.0012380513974561238,0.029038969212846516,0.4609793452011177,34962441.14741641,Close
ORGN,1177,2020-10-22,2025-07-01,0.515999972820282,0.4210000038146972,14.0,-0.0009599976625575714,0.05250749497064945,0.8335306419558791,1501081.9031435854,Close
ORGO,2100,2017-02-23,2025-07-01,3.7799999713897705,1.8899999856948853,150.0,0.002685010448606604,0.12572429239459346,1.9958112686139815,608938.8571428572,Close
ORI,11383,1980-05-02,2025-07-01,38.38999938964844,0.140456810593605,39.48138427734375,0.0006619826691684545,0.01848068741519941,0.2933718177488323,978775.0137046473,Close
ORIC,1270,2020-06-11,2025-07-01,10.140000343322754,2.440000057220459,39.79999923706055,0.0005657339543564599,0.0563618796625645,0.8947171020677683,447179.9212598425,Close
ORKA,6984,1997-09-25,2025-07-01,11.800000190734863,6.78000020980835,68720400.0,0.0002631829526068519,0.07953656128866624,1.2626037678423472,13371.688717067584,Close
ORLA,2070,2017-04-06,2025-07-01,9.899999618530272,0.0010000000474974,12.350000381469728,0.40182789799882257,18.220899535858518,289.2478130146432,226358.93719806764,Close
ORLY,8070,1993-06-10,2025-07-01,90.5,0.1833329945802688,96.1259994506836,0.0009815510301155567,0.020806420943803517,0.33029169294377947,11091914.25030979,Close
ORMP,4539,2007-06-18,2025-07-01,2.0999999046325684,1.7100000381469729,29.75,0.0015044656685127015,0.058175114912887294,0.9235013193126287,192282.821766909,Close
ORN,4376,2008-02-08,2025-07-01,8.979999542236328,1.6100000143051147,23.920000076293945,0.0006051684618437074,0.03761284101142908,0.597085340513115,198010.9689213894,Close
ORRF,6541,1999-06-30,2025-07-01,32.650001525878906,5.61569356918335,40.472652435302734,0.00046559707318287344,0.02209237785686887,0.35070562607607086,16200.25042042501,Close
OSBC,7926,1994-01-04,2025-07-01,18.34000015258789,0.6746199727058411,28.71147727966309,0.0006123751836213265,0.02929171342745067,0.4649915352240353,62196.68382538481,Close
OSCR,1055,2021-04-20,2025-07-01,20.450000762939453,2.150000095367432,29.25,0.0011230780525883816,0.051177001215824885,0.812409708378737,2986546.5402843603,Close
OSIS,6946,1997-11-18,2025-07-01,226.7400054931641,2.78125,239.0500030517578,0.0010613759801282308,0.03850877852654501,0.6113079076446145,178228.6351857184,Close
OSK,9981,1985-11-18,2025-07-01,118.16000366210938,0.6550387740135193,128.03945922851562,0.0008232916296136699,0.027702302215485353,0.43976041443676733,557957.1686203787,Close
OSPN,6787,1998-07-09,2025-07-01,16.969999313354492,0.4044682383537292,42.370513916015625,0.0012111668543779376,0.04600344857794097,0.7302821063314788,318648.150876676,Close
OSS,1830,2018-03-21,2025-07-01,3.900000095367432,1.0,9.09000015258789,0.001061684065521363,0.04984196536247473,0.7912166712228207,122988.57923497268,Close
OSUR,9696,1987-01-06,2025-07-01,3.009999990463257,1.374697208404541,22.809999465942383,0.0009486701397423941,0.042073831400756524,0.6679013675403728,382801.021039604,Close
OSW,1880,2018-01-08,2025-07-01,20.739999771118164,2.5167675018310547,22.87869644165039,0.0009857409508828945,0.03363258695523372,0.5339007661878208,516537.8191489362,Close
OTEX,7374,1996-03-12,2025-07-01,29.559999465942383,0.4025846719741821,49.29238128662109,0.0008696082175348596,0.029551143917929838,0.4691098665859276,1282260.3200433957,Close
OTIS,1295,2020-05-06,2025-07-01,100.43000030517578,44.49985122680664,104.72386932373048,0.0007323553050948656,0.014494424889761156,0.2300918619312769,2264320.077220077,Close
OTLK,2242,2016-08-01,2025-07-01,1.5800000429153442,1.1399999856948853,867.2000122070312,0.00033132936238365867,0.07475380503873423,1.1866798661297875,174285.33318465657,Close
OTLY,1000,2021-07-08,2025-07-01,12.079999923706056,6.840000152587891,468.7999877929688,-0.002257946829557456,0.05243532605853012,0.8323849959927322,170801.88,Close
OTRK,5387,2004-02-03,2025-07-01,0.4600000083446502,0.4600000083446502,2205360.0,0.000263112207346885,0.0817738631132746,1.298119833256576,29863.229069983292,Close
OTTR,13169,1973-04-09,2025-07-01,79.05000305175781,0.6427022814750671,98.03086853027344,0.00047716742086001564,0.016939347340001524,0.2689038026003251,66576.1940921862,Close
OUST,1153,2020-11-25,2025-07-01,21.63999938964844,3.240000009536743,162.5,0.00047880422360364384,0.0608449970150716,0.9658843837460808,702112.9141370339,Close
OUT,2799,2014-05-15,2025-07-01,16.639999389648438,7.257559776306152,28.121910095214844,0.00023776065430813626,0.027200178335695997,0.43178944495715016,1444587.9639156843,Close
OVBC,7681,1994-12-22,2025-07-01,33.5099983215332,2.7256052494049072,44.23398971557617,0.0005327880358114241,0.0204015472311936,0.3238645220080599,3115.672829058716,Close
OVID,2017,2017-06-22,2025-07-01,0.3160000145435333,0.2549999952316284,12.65999984741211,-0.00027187103717983476,0.051416472670312505,0.816211199866776,518089.1422905305,Close
OVLY,5429,2003-12-02,2025-07-01,27.3700008392334,2.6411120891571045,31.47076988220215,0.0007038398849601908,0.028481786310124116,0.45213434082883436,6196.021366734205,Close
OVV,5814,2002-05-23,2025-07-01,39.310001373291016,1.8811498880386357,168.39134216308594,0.0006280461424687174,0.03164162546142838,0.5022952322927332,1982086.0027519779,Close
OWL,1108,2021-02-02,2025-07-01,19.21999931335449,7.653508186340332,26.18270301818848,0.0010368315250368096,0.026607625575144737,0.42238296149852955,4094317.870036101,Close
OWLT,1134,2020-12-23,2025-07-01,8.279999732971191,2.799999952316284,150.77999877929688,-0.0010121202336577475,0.05451594310769329,0.8654137677066129,35696.78306878307,Close
OXBR,2800,2014-05-14,2025-07-01,1.7799999713897705,0.5400000214576721,7.059999942779541,0.0014316941097669462,0.06519661013878952,1.0349641005100163,323914.53571428574,Close
OXLC,3599,2011-03-10,2025-07-01,4.190000057220459,0.9479138255119324,4.779496669769287,0.000549408597809616,0.023890125076527546,0.37924397845631885,928450.5973881633,Close
OXLCL,1044,2021-05-05,2025-07-01,23.604999542236328,17.935449600219727,23.636999130249023,0.00021865210956614978,0.005971634254051059,0.09479675494112284,5648.467432950191,Close
OXLCO,943,2021-09-28,2025-07-01,23.18000030517578,16.765119552612305,23.290000915527344,0.00021947051151589373,0.008490280769801361,0.1347790288680506,2790.455991516437,Close
OXLCP,1324,2020-03-25,2025-07-01,24.263999938964844,11.476278305053713,24.34000015258789,0.0006534636444890047,0.008086112204065977,0.1283630517919377,7025.679758308157,Close
OXLCZ,834,2022-03-04,2025-07-01,24.03499984741211,18.483652114868164,24.03499984741211,0.00019621079884963062,0.005291163250134306,0.08399461263659773,4640.52757793765,Close
OXM,11383,1980-05-02,2025-07-01,42.41999816894531,0.3750129044055938,113.29395294189452,0.0007345344101646719,0.025460801554908808,0.40417769456793207,99532.54853729246,Close
OXSQ,5401,2004-01-13,2025-07-01,2.2300000190734863,0.2960720658302307,2.963550567626953,0.0003431943289689492,0.021931714027892894,0.3481551668591478,259022.32919829662,Close
OXSQG,998,2021-07-12,2025-07-01,23.88400077819824,17.671812057495117,23.88400077819824,0.00021876525831863699,0.00874609930565495,0.13884002222782613,2676.6533066132265,Close
OXSQZ,1536,2019-05-22,2025-07-01,25.21999931335449,10.50406265258789,25.21999931335449,0.0003394621996836137,0.012932802298837575,0.205301871827332,2389.9739583333335,Close
OXY,10930,1982-02-18,2025-07-01,42.86000061035156,1.256456732749939,72.97132873535156,0.0005659243514083807,0.022504890303083933,0.35725405814849465,5311706.0978957,Close
OZ,896,2021-12-03,2025-07-01,66.98999786376953,46.65999984741211,100.68000030517578,-0.00023527004585084194,0.020499257415468264,0.32541562309695415,12351.5625,Close
OZK,7000,1997-09-03,2025-07-01,48.959999084472656,0.3774690628051758,52.4986572265625,0.0008890297535411949,0.022990531054322017,0.364963366074262,602799.0857142857,Close
OZKAP,887,2021-12-16,2025-07-01,16.15999984741211,11.226092338562012,20.004751205444336,-0.00010459057889577578,0.015547255157963999,0.24680502430583381,41507.44081172492,Close
P,1884,2011-08-02,2019-01-31,8.380000114440918,4.130000114440918,39.43000030517578,0.00040048183408457534,0.03653822256383311,0.5800263015133875,7271531.31581741,Close
PAA,6661,1999-01-07,2025-07-01,18.07999992370605,0.8442249894142151,27.084789276123047,0.0006562452665843001,0.022416868504110534,0.3558567554082779,1779631.4817594956,Close
PAAS,7531,1995-07-28,2025-07-01,28.399999618530277,1.89972984790802,35.743934631347656,0.0007856299063641309,0.0330007605058731,0.5238708322472538,1598621.4314168105,Close
PAC,4834,2006-04-13,2025-07-01,233.9499969482422,6.80963134765625,238.9499969482422,0.0008713790344945374,0.0227494881718801,0.361136928940801,115998.75879189077,Close
PACB,3658,2010-12-14,2025-07-01,1.2899999618530271,0.9100000262260436,51.150001525878906,0.0007152056340103683,0.05278778555129013,0.8379801169831339,2778620.9677419355,Close
PACK,1803,2018-04-30,2025-07-01,3.619999885559082,2.690000057220459,42.20000076293945,0.0002660955379090357,0.040545880185366756,0.6436458939522114,353880.2551303383,Close
PAG,7184,1996-12-10,2025-07-01,177.80999755859375,1.9379565715789795,177.80999755859375,0.0008705073161417659,0.029502865498450374,0.4683434704361241,447062.31904231623,Close
PAGP,2911,2013-12-03,2025-07-01,19.100000381469727,2.3467962741851807,40.619895935058594,0.00027906577311243995,0.028990530261413634,0.4602104006855569,1870945.8357952593,Close
PAGS,1836,2018-03-13,2025-07-01,9.449999809265137,6.190000057220459,61.91999816894531,6.0608277491697257e-05,0.039750468065077274,0.6310191179916561,3314922.7668845314,Close
PAHC,2789,2014-05-30,2025-07-01,26.6200008392334,9.202177047729492,45.14356994628906,0.0005630928416609247,0.026793166392075362,0.4253283306564307,150282.96880602365,Close
PAI,11383,1980-05-02,2025-07-01,13.020000457763672,0.5619209408760071,14.289097785949709,0.00031226369751397384,0.010544437622664646,0.1673877579876227,12710.524466309409,Close
PALI,4560,2007-05-17,2025-07-01,0.7200000286102295,0.6100000143051147,5452200.0,-0.001070297325154229,0.07255791238506415,1.151821150925359,56367.695175438595,Close
PAM,3922,2009-11-25,2025-07-01,68.7699966430664,2.8499999046325684,94.87999725341795,0.0009552737325576009,0.030538079585773387,0.48477698460872853,238280.36715961245,Close
PAMT,9744,1986-10-27,2025-07-01,13.460000038146973,0.0390952639281749,39.55500030517578,0.0017682406477522482,0.058201184907114914,0.9239151676410717,58472.998768472906,Close
PANL,2864,2014-02-11,2025-07-01,4.800000190734863,1.2750349044799805,8.720967292785645,0.00043602675538367006,0.0346905988567878,0.5506961844417726,119203.49162011173,Close
PANW,3222,2012-09-06,2025-07-01,197.5800018310547,6.593332767486572,208.27999877929688,0.0011861535297259306,0.02463233667070785,0.3910262222466582,8440778.212290503,Close
PAR,10696,1983-01-20,2025-07-01,66.81999969482422,1.125,88.70999908447266,0.000688978393095028,0.033829494689035254,0.5370265795570058,67664.29506357516,Close
PARA,4890,2006-01-24,2025-07-01,13.15999984741211,2.323414802551269,90.04414367675781,0.00035818010414469145,0.028375137838051144,0.4504413488199737,8561490.756646216,Close
PARAA,1366,2020-01-24,2025-07-01,22.700000762939453,13.233312606811523,92.0358657836914,0.0002769749550377486,0.034798222630303785,0.5524046588810625,83729.28257686677,Close
PARR,3190,2012-10-22,2025-07-01,28.15999984741211,6.0,40.380001068115234,0.0007353029533184625,0.0309511788720907,0.4913347324789718,430438.5579937304,Close
PASG,1309,2020-04-16,2025-07-01,0.3799999952316284,0.2669999897480011,36.06999969482422,-0.0014192976204246137,0.057963068738190106,0.9201351906443608,321312.5286478228,Close
PATH,1021,2021-06-08,2025-07-01,12.6899995803833,9.789999961853027,76.0,-0.0009148816730807096,0.039834275864903505,0.6323495255692622,8045203.428011754,Close
PATK,11383,1980-05-02,2025-07-01,95.3000030517578,0.0700851902365684,97.11083221435548,0.001432878692131334,0.04251208208523044,0.6748583814785036,132261.69032768163,Close
PAVM,2212,2016-09-13,2025-07-01,0.6159999966621399,0.5799999833106995,216.75,-0.0009152713884475732,0.05933280371206784,0.941879059262049,67369.24547920434,Close
PAVS,1394,2019-12-12,2025-07-01,0.9259999990463256,0.4799999892711639,102.55767059326172,-0.0013980331728590456,0.06404714831760153,1.0167169597874552,36994.37230989957,Close
PAX,1082,2021-03-11,2025-07-01,14.18000030517578,9.56402587890625,15.649063110351562,0.00025252146256635356,0.020148535129929333,0.319848079416249,339143.8077634011,Close
PAXS,826,2022-03-16,2025-07-01,15.100000381469728,10.43643283843994,15.768633842468262,0.0003647439691739233,0.011797792445341645,0.18728414897958348,186020.21791767553,Close
PAY,996,2021-07-14,2025-07-01,32.20000076293945,7.0,39.84000015258789,0.0007458333586768724,0.04078548160418556,0.6474494485600482,262414.156626506,Close
PAYC,2787,2014-06-03,2025-07-01,233.8000030517578,12.211366653442385,544.3750610351562,0.001459384349671025,0.0290900811373252,0.4617907218483208,613551.8478650879,Close
PAYO,1148,2020-12-03,2025-07-01,6.889999866485596,3.450000047683716,14.399999618530272,0.0003161100251149789,0.036061915624837175,0.5724651632634816,2932482.7526132404,Close
PAYS,4426,2007-11-27,2025-07-01,7.380000114440918,0.0099999997764825,17.950000762939453,0.006288839986395499,0.1764307837767498,2.800751864936935,160269.7921373701,Close
PAYX,10511,1983-10-13,2025-07-01,147.4199981689453,0.060181014239788,159.77999877929688,0.0009146566535086633,0.02131645079051867,0.3383881657575516,2111687.589001998,Close
PB,6665,1998-12-31,2025-07-01,72.87999725341797,3.558446884155273,83.05712127685547,0.00065539703604247,0.02046631747100569,0.32489271768946465,336114.3885971493,Close
PBA,3673,2010-11-22,2025-07-01,37.36000061035156,8.701518058776855,43.34999847412109,0.0005244946713230628,0.019488662123318033,0.3093729201819811,605495.3716308195,Close
PBBK,962,2021-08-31,2025-07-01,17.329999923706055,11.239999771118164,19.049999237060547,0.00039924526027322225,0.017983180794696765,0.2854741449880832,3608.5239085239086,Close
PBF,3122,2013-02-01,2025-07-01,22.270000457763672,3.9593448638916016,59.251224517822266,0.0007384899584692911,0.03886063077829836,0.6168933889828793,2532869.730941704,Close
PBFS,1464,2019-09-04,2025-07-01,12.25,7.909999847412109,15.3100004196167,0.0001409588129224565,0.022622121846738456,0.35911505121042714,22548.63387978142,Close
PBH,5096,2005-03-31,2025-07-01,80.31999969482422,4.079999923706055,89.08999633789062,0.0005894336761380819,0.0241180474232235,0.3828621335418693,347509.57613814756,Close
PBHC,7420,1996-01-05,2025-07-01,15.020000457763672,1.8351945877075195,20.53830337524414,0.0008237241193421403,0.0341297386661849,0.5417928049341033,2569.488948787062,Close
PBI,13349,1972-07-19,2025-07-01,11.220000267028809,0.0556649826467037,21.360998153686523,0.0006168071383026235,0.02486565404141044,0.39473002068324126,1199483.5193647465,Close
PBM,858,2022-01-28,2025-07-01,5.340000152587891,3.240000009536743,8730.0,-0.005345001040257112,0.07603351245287297,1.2069945915422073,33332.15151515151,Close
PBPB,2919,2013-11-20,2025-07-01,12.470000267028809,1.7799999713897705,28.270000457763672,0.0002495048169593776,0.032485253474821674,0.51568741182765,236062.86399451867,Close
PBR,6226,2000-09-27,2025-07-01,12.59000015258789,0.477159172296524,19.1309814453125,0.000850985801790395,0.03145511160498255,0.49933441661139366,18092113.074204948,Close
PBT,11228,1980-12-12,2025-07-01,12.609999656677246,0.1915839612483978,25.09156990051269,0.0005288676765727269,0.02320999694250239,0.368447279042585,104136.6138225864,Close
PBYI,3283,2012-06-11,2025-07-01,3.5899999141693115,1.6399999856948853,275.07000732421875,0.0013986195269581557,0.0725678034328773,1.1519781664416757,644291.7453548583,Close
PCAR,11383,1980-05-02,2025-07-01,98.1999969482422,0.1780532747507095,119.16902160644533,0.0007593056180994755,0.020261253445839053,0.3216374272088438,2652085.1363436705,Close
PCB,1698,2018-09-27,2025-07-01,21.57999992370605,6.58335542678833,22.213943481445312,0.0004589404591949826,0.02342692327197148,0.3718908777661687,39485.45347467609,Close
PCF,9535,1987-08-25,2025-07-01,6.409999847412109,0.2429975271224975,6.628198146820068,0.00039816155397262874,0.013893223115431166,0.2205480796353893,37392.753015207134,Close
PCG,13349,1972-07-19,2025-07-01,14.130000114440918,0.6506003737449646,70.52420043945312,0.0004584478286983914,0.02213867559525625,0.3514405798882973,3270820.93789797,Close
PCH,11383,1980-05-02,2025-07-01,39.619998931884766,1.0401822328567505,51.3531608581543,0.0004891483711396363,0.02044319192379373,0.3245256110083339,221793.48010190635,Close
PCK,5758,2002-08-13,2025-07-01,5.420000076293945,1.5171127319335938,8.270509719848633,0.00013465668004499078,0.011628042297216099,0.18458944891784404,68984.83848558528,Close
PCM,7982,1993-10-14,2025-07-01,6.380000114440918,0.5214661359786987,8.097296714782715,0.00037802899446466695,0.01357390424678833,0.21547904974323265,27290.002505637683,Close
PCN,5887,2002-02-07,2025-07-01,12.729999542236328,1.0450034141540527,13.309059143066406,0.0004945868990457777,0.01582880634610901,0.25127451085683256,117340.49600815355,Close
PCOR,1000,2021-07-08,2025-07-01,69.68000030517578,40.56999969482422,105.94000244140624,0.0001791017726119458,0.03101223790591886,0.4923040145917909,1149898.5,Close
PCQ,6005,2001-08-14,2025-07-01,8.619999885559082,2.742347478866577,16.814287185668945,0.0001971762719829076,0.01107554664570504,0.17581885235178685,41040.33305578685,Close
PCRX,3590,2011-03-23,2025-07-01,23.25,6.75,119.2699966430664,0.0008492170216905364,0.03162001377718925,0.5019521574412733,594517.6880222841,Close
PCSA,2814,2014-04-24,2025-07-01,0.2000000029802322,0.1959999948740005,2552.89990234375,0.0027309858602392752,0.14899701126847853,2.365254227449696,505717.7356076759,Close
PCT,1215,2020-08-28,2025-07-01,13.029999732971191,2.400000095367432,32.689998626708984,0.002001852559513822,0.0593906626964052,0.9427975421640536,1755973.497942387,Close
PCTTU,1263,2020-06-22,2025-07-01,15.649999618530272,3.0,45.5,0.0022900695569710683,0.06181797355410427,0.9813299074687654,1756.4528899445763,Close
PCTY,2806,2014-05-06,2025-07-01,182.3000030517578,15.5,305.75,0.001181860106462297,0.02733971145800301,0.43400446460483444,344517.2131147541,Close
PCVX,1236,2020-07-30,2025-07-01,32.939998626708984,16.450000762939453,117.93000030517578,0.0009782140179641434,0.04319084938540711,0.6856334783246049,715162.7022653722,Close
PCYO,7824,1994-06-01,2025-07-01,11.029999732971191,0.5,16.440000534057617,0.00261277172941803,0.0713265293824278,1.1322735517634723,29267.190695296522,Close
PD,1531,2019-05-30,2025-07-01,15.600000381469728,12.869999885559082,57.369998931884766,-8.667690029425846e-05,0.03744578211267302,0.5944333627106618,1267669.8236446767,Close
PDD,1709,2018-09-12,2025-07-01,105.48999786376952,17.149999618530273,202.82000732421875,0.0018858890401514314,0.04547072907685866,0.7218254464209697,9325720.83089526,Close
PDEX,9767,1986-09-24,2025-07-01,43.59000015258789,0.375,69.0,0.0011478652696394695,0.04600347385324863,0.730282507564549,10335.318112009829,Close
PDFS,5982,2001-09-21,2025-07-01,21.8700008392334,0.9700000286102296,47.59999847412109,0.0006445012000092465,0.0327831580633962,0.5204165005624092,136577.48244734202,Close
PDI,3260,2012-07-13,2025-07-01,19.059999465942383,5.140475273132324,19.19224548339844,0.0004642398061113005,0.011143975884743593,0.17690513284519527,572886.226993865,Close
PDLB,1914,2017-11-16,2025-07-01,14.100000381469728,5.491038799285889,14.100000381469728,0.00039269289278803766,0.022681765034004445,0.3600618574558575,44263.49373040752,Close
PDM,3838,2010-03-30,2025-07-01,7.400000095367432,4.57928466796875,17.427330017089844,0.00012937208413979067,0.018676328361700203,0.2964775214930467,918088.5356956748,Close
PDO,1076,2021-03-19,2025-07-01,13.479999542236328,8.800786018371582,13.93283748626709,0.00018121402069935896,0.010482414393969314,0.1664031697557999,484286.89591078064,Close
PDS,7167,1997-01-06,2025-07-01,47.79999923706055,5.599999904632568,595.6275024414062,0.0004989137671708028,0.03336290112708935,0.5296196363874898,66226.04227710339,Close
PDSB,2419,2015-11-16,2025-07-01,1.2200000286102295,0.6489999890327454,349.3999938964844,0.0001296177267968737,0.06336734258430816,1.0059253783266744,423262.74080198427,Close
PDT,8917,1990-02-02,2025-07-01,13.239999771118164,0.4788744151592254,13.239999771118164,0.00043399814301192874,0.013363650344255304,0.21214137251353343,68757.69877761579,Close
PDX,1581,2019-03-19,2025-07-01,24.559999465942383,2.534104824066162,31.071706771850582,0.0007395705997120169,0.02454277363902234,0.389604453195629,164950.72738772928,Close
PDYN,911,2021-11-11,2025-07-01,8.050000190734863,0.460999995470047,59.880001068115234,0.0018945665700019032,0.09543521907842993,1.5149871359909546,1093689.0636663008,Close
PEB,3880,2010-01-28,2025-07-01,10.329999923706056,6.108650207519531,39.081817626953125,0.0002038648707337597,0.023897893630541508,0.37936730042812394,1102819.7422680412,Close
PEBK,9971,1985-12-03,2025-07-01,29.06999969482422,1.285957098007202,31.752918243408203,0.0006037113321302229,0.025250581950449862,0.4008405618032797,4467.331461237589,Close
PEBO,8120,1993-03-30,2025-07-01,31.5,1.9372496604919436,35.089866638183594,0.0006616204631813016,0.02604607046849354,0.413468550540585,37624.64408866995,Close
PECO,1042,2021-05-07,2025-07-01,35.18000030517578,5.122381210327148,39.01263046264648,0.004656136610345551,0.11045412755932316,1.7534049168154486,771090.5950095969,Close
PED,5544,2003-06-19,2025-07-01,0.640999972820282,0.2849999964237213,51240.0,0.005514361517860435,0.18881549714304938,2.9973530946932123,230848.73124098123,Close
PEG,11435,1980-02-19,2025-07-01,82.87000274658203,0.3398589193820953,92.38572692871094,0.0005754768623302991,0.014031732332900693,0.2227468452976765,1840681.136860516,Close
PEGA,7251,1996-09-05,2025-07-01,52.5,0.4470970928668976,72.47037506103516,0.0011592047480556069,0.04054333842483888,0.6436055447547171,636206.1508757413,Close
PEN,2427,2015-11-04,2025-07-01,250.67999267578125,36.84000015258789,344.0599975585937,0.0011499066421503793,0.027078729604547904,0.429861506119177,334501.5245158632,Close
PENG,2004,2017-07-12,2025-07-01,20.170000076293945,7.699999809265137,36.5,0.0012740741650469135,0.0392703966367697,0.6233982203265596,860903.7924151696,Close
PENN,7794,1994-07-14,2025-07-01,18.239999771118164,0.1224659979343414,136.47000122070312,0.0011953969914794969,0.03387500562404711,0.5377490432528582,3163208.6716705156,Close
PEO,11383,1980-05-02,2025-07-01,21.57999992370605,1.0923478603363037,22.752321243286133,0.00035409723915744726,0.014943417986572505,0.23721940637856234,40658.86409558113,Close
PEP,13349,1972-07-19,2025-07-01,135.25999450683594,0.1364775002002716,182.34896850585935,0.0005556150237113217,0.015271505491816953,0.2424276340614288,4221102.734287213,Close
PERI,4852,2006-03-20,2025-07-01,10.850000381469728,2.1600000858306885,44.09999847412109,0.0005560826233877244,0.03627576294255316,0.5758598841907698,201337.02844187964,Close
PESI,8164,1993-01-26,2025-07-01,10.75,1.7999999523162842,40.625,0.0008350805067691405,0.04467091436721781,0.7091287815211235,26870.690837824597,Close
PET,911,2021-11-11,2025-07-01,0.1650000065565109,0.0930000022053718,10.890000343322754,-0.001851868188510918,0.07397050838249805,1.1742454171986512,867878.7047200878,Close
PETS,6554,1999-06-11,2025-07-01,3.2699999809265137,0.0850488170981407,44.4882698059082,0.0010065876898988442,0.04641388329574142,0.7367975554878406,324137.8547451938,Close
PETZ,1921,2017-11-07,2025-07-01,0.9890000224113464,0.8830000162124634,530.0,0.0003219513674400846,0.08556995397864119,1.3583809075603597,190129.4716293597,Close
PFBC,6412,2000-01-03,2025-07-01,89.0199966430664,4.75870418548584,158.79055786132812,0.0005073401796460747,0.02798309922153798,0.4442179287182078,37938.25795383655,Close
PFD,8637,1991-03-14,2025-07-01,11.329999923706056,0.7883275151252747,15.459609985351562,0.0004454155443080417,0.017904500409022372,0.28422513258676463,25208.61410211879,Close
PFE,13349,1972-07-19,2025-07-01,25.040000915527344,0.0839954689145088,51.62490081787109,0.0005263563303447904,0.017281447209761925,0.2743344696739268,20116891.31732714,Close
PFG,5927,2001-12-10,2025-07-01,80.83000183105469,3.461510181427002,88.80113220214844,0.0006864950899123802,0.027316185221722168,0.43363099718192777,1759792.6775771892,Close
PFGC,2419,2015-11-16,2025-07-01,88.3499984741211,11.420000076293944,90.93000030517578,0.0009959226223944365,0.029417734395157675,0.46699205606722993,988826.3745349317,Close
PFH,1179,2020-10-20,2025-07-01,17.270000457763672,15.695545196533203,21.976045608520508,-0.0001000397735361437,0.008723465778446016,0.13848072612210383,49232.65479219678,Close
PFIS,5773,2002-07-23,2025-07-01,51.34999847412109,8.614236831665039,56.661376953125,0.0005426740052615895,0.021699053486879245,0.34446179527062865,6111.675038974537,Close
PFL,5463,2003-10-14,2025-07-01,8.350000381469727,0.6797344088554382,8.605748176574707,0.00034530563823284034,0.013795258504914169,0.21899293965510966,102072.54255903349,Close
PFLT,3545,2011-05-26,2025-07-01,10.369999885559082,2.1353726387023926,11.07232666015625,0.00043954489433265746,0.01626871618762173,0.2582578630964275,253177.48942172073,Close
PFN,5169,2004-12-14,2025-07-01,7.440000057220459,0.5895990133285522,7.440000057220459,0.000311259867540105,0.013182850995252213,0.20927127182554614,225210.00193461016,Close
PFO,8376,1992-03-25,2025-07-01,9.279999732971191,0.6850854754447937,10.272241592407228,0.00042391329002123326,0.016435829376512365,0.26091070272804906,25330.13371537727,Close
PFS,5617,2003-03-06,2025-07-01,18.09000015258789,4.043631076812744,22.024105072021484,0.00040809189126879143,0.021665514690414472,0.34392938338231943,325329.58874844224,Close
PFSI,3022,2013-06-26,2025-07-01,101.47000122070312,9.864747047424316,115.54039001464844,0.0008151490231413787,0.02290520176512036,0.36360880560159703,321906.58504301787,Close
PFX,3600,2011-03-09,2025-07-01,50.650001525878906,6.585115909576416,303.8560791015625,-5.180135344777582e-05,0.027673772837266814,0.43930752459781397,12741.1625,Close
PFXNZ,875,2022-01-04,2025-07-01,23.420000076293945,16.98456382751465,23.51499938964844,0.00021553200607022215,0.01237521388736437,0.19645043020319408,1391.3142857142857,Close
PG,15948,1962-02-16,2025-07-01,161.22000122070312,0.16187284886837,177.50442504882812,0.0005031455091589279,0.013424599241966394,0.21310890626969578,5131969.206170052,Close
PGC,6553,1999-06-14,2025-07-01,28.989999771118164,6.2337565422058105,40.75075912475586,0.0005240611586361191,0.026111964984802026,0.41451459355807585,32215.47016633603,Close
PGEN,2959,2013-09-25,2025-07-01,1.4500000476837158,0.6700000166893005,68.70999908447266,0.0005105206567160632,0.05436366626578755,0.8629964477819116,1380219.7701926327,Close
PGNY,1394,2019-12-12,2025-07-01,22.059999465942383,13.670000076293944,66.66000366210938,0.0006245517236306168,0.03885934934832153,0.6168730469126319,986939.1678622669,Close
PGP,5023,2005-07-14,2025-07-01,8.3100004196167,1.0846507549285889,8.790945053100586,0.0004406283534905069,0.01905743955470136,0.30252747412431186,52593.3107704559,Close
PGR,11383,1980-05-02,2025-07-01,264.29998779296875,0.032566986978054,291.116455078125,0.0009506512649218842,0.017873944178609484,0.2837400674667081,2881275.1941491696,Close
PGRE,2635,2015-01-08,2025-07-01,6.039999961853027,3.8319265842437744,14.571093559265137,-9.10247782275287e-05,0.021876550455938396,0.3472794723022181,1509779.2789373815,Close
PGY,1021,2021-06-08,2025-07-01,22.59000015258789,6.875999927520752,359.3999938964844,0.0017381216302960161,0.08759439893738045,1.3905179749829348,785627.3349657198,Close
PGZ,2989,2013-08-13,2025-07-01,10.510000228881836,5.490920543670654,12.488911628723145,0.00025773838977983447,0.013203644826199063,0.20960136365848422,27182.268317162932,Close
PH,11383,1980-05-02,2025-07-01,703.280029296875,1.3563567399978638,704.4986572265625,0.000706694291817355,0.020152879811485152,0.3199170490977838,852283.7689537029,Close
PHAR,1101,2021-02-11,2025-07-01,10.710000038146973,6.605000019073486,15.979999542236328,0.0006759541915471991,0.04288301897526554,0.6807468220572991,5827.792915531335,Close
PHAT,1394,2019-12-12,2025-07-01,8.850000381469727,2.289999961853028,54.59999847412109,0.0011422557857372216,0.06112395218833097,0.9703126598383561,493420.5882352941,Close
PHD,5129,2005-02-10,2025-07-01,9.850000381469728,1.6134740114212036,9.850000381469728,0.000259483919058886,0.010800635748481823,0.17145477715126123,86396.06161045039,Close
PHG,11383,1980-05-02,2025-07-01,24.200000762939453,0.695181667804718,57.63965225219727,0.0005379141552515947,0.02255462824811874,0.3580436235482077,1152227.4005095318,Close
PHGE,1552,2019-04-30,2025-07-01,0.4550000131130218,0.3899999856948852,108.0,-0.0010343190901698663,0.0793806899210481,1.2601293865909486,35751.69458762887,Close
PHI,13119,1973-06-20,2025-07-01,22.06999969482422,0.0709002539515495,42.07674026489258,0.0007841740030430696,0.027375697352892886,0.4345757229763428,125676.22334019361,Close
PHIO,3268,2012-06-27,2025-07-01,2.4800000190734863,1.0099999904632568,5880600.0,0.0010120479617286618,0.16717358996954107,2.6537984690237257,194571.39534883722,Close
PHK,5549,2003-06-12,2025-07-01,4.809999942779541,0.4249002039432525,4.809999942779541,0.00043268073131040157,0.017708596542773982,0.28111525512094887,549169.2196792215,Close
PHLT,3207,2012-09-27,2025-07-01,4.110000133514404,0.5699999928474426,14.020000457763672,0.0007691336373399641,0.04652366725752602,0.7385403218527934,255681.07265357033,Close
PHM,11383,1980-05-02,2025-07-01,109.94000244140624,0.131307765841484,148.12596130371094,0.0009843579094245053,0.02807792302747129,0.44572320997141696,3044921.0137924976,Close
PHR,1464,2019-09-04,2025-07-01,28.489999771118164,12.390000343322754,80.61000061035156,0.0007516635055397141,0.03778513420696909,0.5998204102010399,463612.4316939891,Close
PHT,5800,2002-06-13,2025-07-01,8.119999885559082,1.099915623664856,8.119999885559082,0.00041110921285118036,0.013865490302066503,0.22010783487147492,94145.5172413793,Close
PHUN,2146,2016-12-15,2025-07-01,3.194999933242798,2.390000104904175,15420.0,0.004214670432761468,0.1696131415988821,2.6925251505541583,465352.63746505126,Close
PHVS,1072,2021-03-25,2025-07-01,17.25,1.9800000190734863,32.06999969482422,0.0026571607040928287,0.11997970816004104,1.9046188209934534,155673.3208955224,Close
PI,2216,2016-09-07,2025-07-01,112.01000213623048,11.06999969482422,238.5800018310547,0.0015927106494893488,0.045263592520763105,0.7185372555318144,472575.72202166065,Close
PII,9487,1987-11-02,2025-07-01,44.869998931884766,0.2844057381153106,128.8893585205078,0.0007762865340158766,0.02266192791887576,0.35974695301570075,640171.1289132497,Close
PIII,1032,2021-05-21,2025-07-01,6.340000152587891,6.03000020980835,572.0,-0.002484260487303406,0.05887986841004453,0.9346889342471153,9334.920542635658,Close
PIM,9335,1988-06-09,2025-07-01,3.369999885559082,0.3230975866317749,3.369999885559082,0.0002819525644217058,0.010437403297406334,0.16568864074933615,141373.03695768613,Close
PINC,2925,2013-11-12,2025-07-01,21.725000381469727,17.300373077392578,39.965179443359375,7.511068145916067e-05,0.017053738962891595,0.2707197133177424,674136.9230769231,Close
PINE,1374,2020-01-13,2025-07-01,14.640000343322754,5.532454013824463,17.853811264038086,0.00041239160446011067,0.026349401628145232,0.41828378342059624,70071.47016011644,Close
PINS,1526,2019-06-06,2025-07-01,35.68000030517578,10.920000076293944,89.1500015258789,0.0009881467834066979,0.03906394809473912,0.6201209513220909,11924498.099606816,Close
PIPR,5375,2004-02-20,2025-07-01,284.79998779296875,12.968313217163086,343.42791748046875,0.0007792414831349708,0.02867344968629226,0.45517690260151394,154920.7441860465,Close
PJT,2425,2015-11-06,2025-07-01,165.0800018310547,19.21837043762207,176.9983673095703,0.001115714125612832,0.021861402335158556,0.34703900333973753,172651.05154639174,Close
PK,2101,2017-02-22,2025-07-01,10.649999618530272,3.437576532363892,21.785964965820312,0.0002884150224259569,0.030006862130338628,0.47634416893366704,3171449.785816278,Close
PKBK,5509,2003-08-08,2025-07-01,21.059999465942383,1.9008069038391116,23.271392822265625,0.000644148232515669,0.024065003072048004,0.3820200805718665,13263.957342530404,Close
PKE,11383,1980-05-02,2025-07-01,14.59000015258789,0.1559402793645858,15.907607078552246,0.0006616278797036356,0.023979214231203867,0.3806582249430379,68004.01783361152,Close
PKG,6361,2000-03-16,2025-07-01,202.75,4.6705322265625,244.28160095214844,0.0007874175534377367,0.019798678755670478,0.31429428165097095,758658.4499292565,Close
PKOH,13169,1973-04-09,2025-07-01,18.299999237060547,1.5054609775543213,53.62091827392578,0.0007232498894984402,0.03471119332127528,0.5510231114302832,29105.277545751385,Close
PKX,7696,1994-12-01,2025-07-01,51.90999984741211,8.250649452209473,179.7488555908203,0.0004659680407629908,0.027380023148270625,0.43464439284909506,375006.75675675675,Close
PL,1018,2021-06-11,2025-07-01,6.159999847412109,1.690000057220459,11.84000015258789,0.000612058408839289,0.04678158425003924,0.7426346271793196,2622503.1434184676,Close
PLAB,9619,1987-04-27,2025-07-01,19.739999771118164,0.3333329856395721,45.125,0.0010152438693618038,0.04045286297253694,0.6421692914754351,432183.7820979312,Close
PLAG,3941,2009-10-29,2025-07-01,0.8899999856948853,0.7900000214576721,1005.0,0.0004119344731480482,0.07727717443924587,1.226737113528011,16086.835574727227,Close
PLAY,2663,2014-11-26,2025-07-01,31.149999618530277,4.869999885559082,71.40579986572266,0.0009989273833019567,0.042077946344276945,0.6679666902436574,1456249.3803980474,Close
PLBC,5641,2003-01-30,2025-07-01,46.91999816894531,1.4673596620559692,49.431739807128906,0.0009812174959608398,0.03657723472980534,0.5806456004489986,4961.540507002304,Close
PLBY,1181,2020-10-16,2025-07-01,1.600000023841858,0.4390000104904175,59.59999847412109,0.0001094787985506047,0.05850149025656708,0.9286823672732685,1082972.8196443692,Close
PLCE,6955,1997-11-05,2025-07-01,4.28000020980835,3.740000009536743,152.8301239013672,0.0008164051474856479,0.04200668837880956,0.6668355051103027,596545.9381739756,Close
PLD,6910,1998-01-12,2025-07-01,106.58000183105467,5.668601512908936,156.7969512939453,0.0006346701001177418,0.022874183063669156,0.36311639898140474,1974624.6743849493,Close
PLG,4906,2005-12-29,2025-07-01,1.5,0.8999999761581421,465.0,0.00022722432702434,0.04831369976734483,0.7669562070110015,195234.97431716265,Close
PLL,1851,2018-02-20,2025-07-01,6.059999942779541,4.116000175476074,81.70999908447266,0.0014131386553766863,0.07437279616353015,1.1806315377431968,410687.25013506215,Close
PLMR,1527,2019-06-05,2025-07-01,148.7899932861328,22.90999984741211,175.6699981689453,0.0016884459424780565,0.03107020385189277,0.49322419545713636,201623.05173542895,Close
PLNT,2457,2015-09-23,2025-07-01,106.54000091552734,11.657965660095217,109.06999969482422,0.0011554948852513928,0.026945076505191713,0.42773982894208007,1223348.4330484332,Close
PLOW,3780,2010-06-22,2025-07-01,30.01000022888184,5.763961315155029,45.96401977539063,0.0006402352105565011,0.02103253982231787,0.3338812188594943,115310.39682539682,Close
PLPC,6552,1999-06-15,2025-07-01,161.02999877929688,6.425183296203613,180.1569976806641,0.0007945755569042326,0.02883036317150504,0.45766782695686653,8289.92673992674,Close
PLRX,1243,2020-07-21,2025-07-01,1.1699999570846558,1.159999966621399,40.22999954223633,-0.0004978937238195029,0.06795432415215256,1.078741453308395,611976.9911504425,Close
PLSE,2260,2016-07-06,2025-07-01,14.84000015258789,1.2300000190734863,44.27000045776367,0.002195665574039102,0.05827166501035516,0.9250340045943828,141305.26548672566,Close
PLTK,1085,2021-03-08,2025-07-01,4.900000095367432,3.921283483505249,26.900161743164062,-0.0010190848224809277,0.03149376950669537,0.49994809177623184,1331381.8433179723,Close
PLTR,1160,2020-11-16,2025-07-01,130.67999267578125,6.0,144.25,0.0028305346122734416,0.0455275907615889,0.7227280976825159,60121013.448275864,Close
PLUG,6423,1999-12-16,2025-07-01,1.409999966621399,0.1199999973177909,1497.5,0.0009410389707689706,0.06090018860906375,0.9667605231390677,9235170.36120193,Close
PLUR,5504,2003-08-15,2025-07-01,4.829999923706055,3.5199999809265137,23840.0,0.0004926274537401134,0.06522078922547221,1.0353479316117626,13497.017078488372,Close
PLUS,7167,1997-01-06,2025-07-01,71.44999694824219,1.3177244663238523,101.66999816894533,0.0010298596882392693,0.034664079391122746,0.5502752009754603,136172.88963304032,Close
PLX,6791,1998-07-02,2025-07-01,1.4800000190734863,0.8100000023841858,675.0,0.005782232578827489,0.20692069822242512,3.284764251650291,185608.79620085406,Close
PLXS,9894,1986-03-25,2025-07-01,136.75999450683594,0.5,170.49000549316406,0.0011374949743364331,0.03681282470571741,0.5843854753748567,271176.13705275924,Close
PLYM,1993,2017-07-27,2025-07-01,16.25,5.979024887084961,27.207040786743164,0.0004880695465466971,0.02333221719770388,0.370387465445213,190786.4024084295,Close
PM,4318,2008-05-02,2025-07-01,177.52999877929688,14.811212539672852,183.5679473876953,0.0005862711264713144,0.014659772387851515,0.23271667209039978,5793323.5525706345,Close
PMCB,3110,2013-02-20,2025-07-01,1.1399999856948853,1.0099999904632568,790.5,0.0010824940487880604,0.07436921991224427,1.1805747665140267,175970.85241157556,Close
PMF,6005,2001-08-14,2025-07-01,7.96999979019165,2.4558427333831787,12.601274490356444,0.00020388501661763254,0.011654172036682333,0.18500424567254745,62179.333888426314,Close
PML,5758,2002-08-13,2025-07-01,7.449999809265137,1.8661088943481443,12.192312240600586,0.00018790503016245346,0.01103167424027045,0.17512239950659808,144729.08996179228,Close
PMM,9126,1989-04-07,2025-07-01,6.0,0.8976185917854309,7.420820713043213,0.00025268694312525293,0.009960617548550573,0.1581199016285439,93503.1996493535,Close
PMN,4615,2007-02-28,2025-07-01,0.4900000095367431,0.4699999988079071,103.1999969482422,0.0013723836372478784,0.07591807750435475,1.2051621185438988,11318.33434452871,Close
PMO,8049,1993-07-12,2025-07-01,9.960000038146973,1.7155781984329224,12.633133888244627,0.0002232547797646689,0.008246545774708871,0.13090985577114095,59268.50540439806,Close
PMT,3972,2009-09-16,2025-07-01,13.0,3.070510149002075,14.301854133605955,0.0005770939918744218,0.024135662905636325,0.3831417706560019,711503.6002014099,Close
PMTS,2413,2015-11-24,2025-07-01,23.96999931335449,0.5799999833106995,51.88922882080078,0.0010972082868982256,0.052497193694199216,0.8333671142618361,41073.4272689598,Close
PMVP,1163,2020-11-11,2025-07-01,1.0499999523162842,0.8379999995231628,61.5099983215332,-0.001736553375278513,0.04963635926410668,0.7879527755968997,500076.09630266554,Close
PMX,5671,2002-12-16,2025-07-01,6.860000133514404,1.8563404083251955,10.829654693603516,0.00018587294306589362,0.011253311403884534,0.17864078040387368,79173.97284429554,Close
PNBK,7727,1994-10-18,2025-07-01,1.5,0.8999999761581421,290.6769714355469,0.00027296015618576456,0.03839776397027177,0.6095456061977714,19210.980975799146,Close
PNC,12476,1976-01-06,2025-07-01,192.5200042724609,0.58402419090271,211.04660034179688,0.000653875708398509,0.0195949220111721,0.3110597436076019,1470912.9127925618,Close
PNF,6005,2001-08-14,2025-07-01,7.010000228881836,2.071699857711792,11.126593589782717,0.00015667531689308702,0.011371680123905848,0.18051982558098625,16546.84429641965,Close
PNFP,6218,2000-10-09,2025-07-01,114.2699966430664,2.2098398208618164,129.31954956054688,0.0009238611409297733,0.02669456297080355,0.4237630498697986,241674.10743004183,Close
PNFPP,1247,2020-07-15,2025-07-01,24.07999992370605,16.949382781982422,24.81114196777344,0.0003058134377400034,0.012771253355432803,0.20273736185444635,14647.313552526062,Close
PNI,5758,2002-08-13,2025-07-01,6.730000019073486,2.2619705200195312,10.027610778808594,0.0001540135933533183,0.011011964314654153,0.17480951413735626,22290.135463702674,Close
PNNT,4547,2007-06-06,2025-07-01,6.840000152587891,0.3229111731052398,6.943018913269043,0.0006021562171334198,0.02484350919819235,0.3943784821953758,367875.3683747526,Close
PNR,13119,1973-06-20,2025-07-01,105.0500030517578,0.192769855260849,108.61093139648438,0.0006363192827622629,0.020878157180414216,0.3314304703961611,750159.0169220215,Close
PNRG,11383,1980-05-02,2025-07-01,149.9600067138672,0.3125,232.50999450683597,0.0009502378070723898,0.037847874307991254,0.6008163784282542,2770.8249143459543,Close
PNTG,1412,2019-11-15,2025-07-01,27.020000457763672,9.130000114440918,66.4800033569336,0.0011042464386855676,0.04100907045064781,0.6509988114620497,170891.14730878186,Close
PNW,13169,1973-04-09,2025-07-01,90.83999633789062,1.3665508031845093,94.52446746826172,0.00037499407204830224,0.017008889352637186,0.27000774782695436,473810.729744096,Close
POAI,3782,2010-06-18,2025-07-01,0.8320000171661377,0.550000011920929,262500.0,0.002210102568607464,0.11405144024074854,1.8105104852745915,177817.2778952935,Close
POCI,8391,1992-03-04,2025-07-01,4.920000076293945,0.0599999986588954,17437.5,0.02649820035802022,1.652398191821057,26.231008094467924,1451.472530091765,Close
PODD,4529,2007-07-02,2025-07-01,299.989990234375,2.6700000762939453,330.2300109863281,0.0011903489160236835,0.03223210970698719,0.5116688790938345,516951.1150364319,Close
POET,4248,2008-08-12,2025-07-01,5.230000019073486,0.7699999809265137,25.0,0.002047457321330156,0.06675781693045346,1.059747490005343,121049.36440677966,Close
POLA,2119,2017-01-26,2025-07-01,1.950000047683716,1.6799999475479126,191.66000366210935,0.0008915515634433924,0.08499175302156832,1.3492022519189537,73836.56630486078,Close
POOL,7444,1995-11-30,2025-07-01,304.17999267578125,0.644946277141571,553.585693359375,0.00107310868319524,0.022474691363519376,0.3567746648448205,338525.6505910801,Close
POR,4810,2006-05-18,2025-07-01,40.95000076293945,7.634332180023193,49.97110366821289,0.0003229509131290185,0.014541708758428596,0.23084247007639142,671638.7733887734,Close
POST,3343,2012-03-15,2025-07-01,111.52999877929688,18.324607849121094,120.72000122070312,0.0006664935380205933,0.017232349312328536,0.2735550647148973,838359.1543523781,Close
POWI,6896,1998-02-02,2025-07-01,57.58000183105469,1.775837779045105,105.9259262084961,0.0010274701223850853,0.0342643417691107,0.5439295629503391,627051.6096287703,Close
POWL,11383,1980-05-02,2025-07-01,210.0399932861328,0.3637440204620361,351.0990295410156,0.0011158797253307544,0.0374524993590159,0.5945399956905724,49494.55328120882,Close
POWW,2078,2017-03-27,2025-07-01,1.2699999809265137,0.9800000190734864,9.789999961853027,0.0009521697561406479,0.053937456531152485,0.8562305779967163,764036.4773820982,Close
POWWP,999,2021-07-09,2025-07-01,22.350000381469727,16.891714096069336,24.641481399536133,0.00024959678527181176,0.017159393039514585,0.27239691978820996,4587.187187187187,Close
PPBI,7015,1997-08-12,2025-07-01,22.100000381469727,0.6778512001037598,95.55816650390624,0.0007651122596982411,0.04334137647076645,0.688023021725246,159895.1846044191,Close
PPBT,2382,2016-01-11,2025-07-01,2.375,2.190000057220459,1336.0,-0.00035038411745600914,0.0715767903098472,1.136246320824441,38779.29387069689,Close
PPC,9414,1988-02-17,2025-07-01,45.4900016784668,0.1004641279578208,54.58000183105469,0.0010191588494095176,0.03640143534398383,0.5778548717158689,611549.3467176546,Close
PPG,11383,1980-05-02,2025-07-01,116.41000366210938,0.5658131241798401,168.7508087158203,0.0006165085194768894,0.017492376918974976,0.27768287500208416,1370064.701748221,Close
PPIH,8917,1990-02-02,2025-07-01,22.5,1.5,31.209999084472656,0.0008814040741577491,0.03857098754797643,0.6122954452446878,14137.153751261634,Close
PPL,11383,1980-05-02,2025-07-01,33.9900016784668,0.435203343629837,36.20623397827149,0.0004588633031622497,0.013767470007848162,0.21855181093984022,2333002.538873759,Close
PPSI,3026,2013-06-20,2025-07-01,2.7300000190734863,0.6991536021232605,8.143229484558105,0.0018443902049995312,0.07463311704189933,1.1847640035746532,534663.6483807006,Close
PPT,9379,1988-04-07,2025-07-01,3.680000066757202,0.3408710360527038,3.683716535568237,0.00029544337903332827,0.010794648562180762,0.1713597335152275,297244.3650709031,Close
PPTA,1064,2021-04-07,2025-07-01,11.960000038146973,1.7000000476837158,17.3700008392334,0.001544694154705998,0.04461767112381124,0.7082835712348339,345026.4097744361,Close
PR,2283,2016-06-02,2025-07-01,13.989999771118164,0.2226342558860778,20.505788803100582,0.0014294627229226385,0.04866930967571942,0.7726013392988593,6569687.866841875,Close
PRA,8484,1991-10-21,2025-07-01,22.82999992370605,2.0911529064178467,51.4497184753418,0.0004914951368633699,0.021304433904676432,0.3381974036087195,216741.17161716172,Close
PRAA,5663,2002-12-27,2025-07-01,15.199999809265137,5.971957683563232,64.45999908447266,0.0005294020088959084,0.02728932554037308,0.433204612959063,416676.1787038672,Close
PRAX,1148,2020-12-03,2025-07-01,43.16999816894531,12.0600004196167,903.0,0.00017420068020491958,0.06313362575344873,1.0022152386566892,144379.537456446,Close
PRCH,1341,2020-03-02,2025-07-01,12.09000015258789,0.5249999761581421,25.65999984741211,0.0025243236325175797,0.07266705854577302,1.153553792512118,1560343.0275913498,Close
PRCT,919,2021-11-01,2025-07-01,56.56999969482422,16.889999389648438,99.4499969482422,0.0011462846941354095,0.04137754293605823,0.6568481308302447,529028.618063112,Close
PRDO,6865,1998-03-18,2025-07-01,32.560001373291016,1.6899287700653076,67.6306381225586,0.0009571352253668511,0.03415789775719629,0.542239816645874,987998.1354697742,Close
PRE,961,2021-09-01,2025-07-01,8.279999732971191,2.900000095367432,120.81394958496094,-0.0014463783875973246,0.050664992433915465,0.8042818209426564,24695.00520291363,Close
PRFX,1180,2020-10-19,2025-07-01,1.399999976158142,0.449999988079071,409.2000122070313,0.003320973175785391,0.18504047660947956,2.9374265015372836,472954.7279661017,Close
PRG,10716,1982-12-22,2025-07-01,30.32999992370605,0.3603214025497436,64.53702545166016,0.0007421054167279776,0.028044527835849875,0.4451930777393233,285914.2305897723,Close
PRGO,8411,1992-02-04,2025-07-01,27.43000030517578,3.9250006675720215,167.56875610351562,0.00037751960187865595,0.023621705135933813,0.37498294399786836,897487.2547854001,Close
PRGS,8509,1991-09-16,2025-07-01,55.52000045776367,2.4164838790893555,69.88999938964844,0.0006558811876629363,0.026376086053451327,0.4187073855400279,423543.8418145493,Close
PRI,3803,2010-05-19,2025-07-01,278.07000732421875,16.35930824279785,302.6358337402344,0.0008496622332150468,0.01816463248450348,0.2883546012652892,243116.61845911123,Close
PRIM,4219,2008-09-23,2025-07-01,79.61000061035156,2.7708027362823486,88.81678009033203,0.0009633275393096521,0.027157918887764847,0.43111859701853794,275182.7921308367,Close
PRK,8738,1990-10-18,2025-07-01,173.25,3.237712144851685,202.2576446533203,0.000676195954355452,0.02183493840597418,0.3466189014877246,25175.473334859234,Close
PRKS,3036,2013-06-06,2025-07-01,48.459999084472656,7.460000038146973,74.44000244140625,0.0005777721867701448,0.029500253231416092,0.4683020019825393,1395531.4229249011,Close
PRLB,3324,2012-04-12,2025-07-01,40.22999954223633,22.09000015258789,251.4900054931641,0.0005002312929037368,0.029728192946644184,0.4719204327849898,271741.21540312876,Close
PRLD,1163,2020-11-11,2025-07-01,0.800000011920929,0.6110000014305115,91.68000030517578,-0.0014721598038500744,0.061183495554993673,0.9712578814808345,208198.2803095443,Close
PRM,880,2021-12-28,2025-07-01,14.06999969482422,2.9200000762939453,14.25,0.0004883211645119233,0.03134497502956841,0.49758605267860484,983720.9090909091,Close
PRMB,8286,1992-08-03,2025-07-01,29.559999465942383,0.5004591941833496,35.5142822265625,0.0006994114586431682,0.030983065256786714,0.4918409131436593,676502.6309437605,Close
PRO,4479,2007-09-12,2025-07-01,16.149999618530273,3.130000114440918,75.12999725341797,0.0006564825303716717,0.035146126084572904,0.557927455002601,234734.40500111633,Close
PROF,1392,2019-12-16,2025-07-01,6.102000236511231,3.180000066757202,28.09000015258789,0.0006162092199891596,0.043668793316070195,0.6932206030116081,57826.86781609195,Close
PROK,972,2021-08-17,2025-07-01,0.5649999976158142,0.5109999775886536,13.779999732971191,-0.0008227165779770716,0.06520179905702753,1.0350464720334034,443621.1934156379,Close
PROP,3078,2013-04-08,2025-07-01,3.039999961853028,1.529412031173706,705.88232421875,0.014086883227570809,0.5136174833439057,8.153424779657003,33474.46036387265,Close
PROV,7265,1996-08-15,2025-07-01,15.720000267028809,1.5905355215072632,19.4588565826416,0.00048825822963374533,0.022120298492525794,0.3511488524264413,22088.22092222987,Close
PRPH,7831,1994-05-20,2025-07-01,0.3799999952316284,0.0166018977761268,14.699999809265137,0.004060509741846871,0.15771990881039627,2.5037259330965616,150464.12974077385,Close
PRPL,2398,2015-12-16,2025-07-01,0.7360000014305115,0.5630000233650208,40.0359001159668,0.00013463976020677308,0.04927317445257859,0.7821873954493446,669319.0575479566,Close
PRPO,1978,2017-08-17,2025-07-01,10.920000076293944,4.440000057220459,1587.0,0.001666051924043005,0.13106121213210095,2.080532242969323,44005.490394337714,Close
PRQR,2679,2014-11-04,2025-07-01,2.009999990463257,0.5600000023841858,24.989999771118164,0.0010049692407019322,0.060637221993524865,0.9625860575320982,467185.0317282568,Close
PRS,1690,2018-10-09,2025-07-01,23.729999542236328,14.459729194641112,24.32008552551269,0.00025746395041626504,0.009438524126113047,0.1498319254870702,43375.14792899408,Close
PRSO,5992,2001-08-31,2025-07-01,1.0199999809265137,0.5600000023841858,170800.0,-0.00016912624220786977,0.06261340225476272,0.9939569466345185,25800.365821094794,Close
PRSU,5258,2004-08-09,2025-07-01,29.25,7.921913146972656,71.17420196533203,0.0005174278365814714,0.02761946856704724,0.43844547103303494,126349.38227462914,Close
PRT,1768,2018-06-19,2025-07-01,4.050000190734863,0.7372791171073914,8.595528602600098,0.000360626884528646,0.03982964862051685,0.6322760703418465,54255.31674208145,Close
PRTA,3116,2013-02-11,2025-07-01,6.260000228881836,4.579999923706055,78.88999938964844,0.0011814120817125635,0.04829138659834421,0.7666019964341773,434790.9499358151,Close
PRTC,1127,2021-01-05,2025-07-01,17.25,13.494999885559082,64.0,-0.0002485500363303239,0.04027057245304032,0.639275519189718,2760.8695652173915,Close
PRTG,5879,2002-02-20,2025-07-01,5.889999866485596,2.0,4900.0,0.036054617366520166,1.5406703192977982,24.457383103202705,42844.86018030277,Close
PRTH,2120,2017-01-25,2025-07-01,7.710000038146973,1.3300000429153442,12.289999961853027,0.0010336147172669064,0.04893742292611315,0.7768575052013174,78828.82075471699,Close
PRTS,4594,2007-03-29,2025-07-01,0.75,0.6800000071525574,21.8700008392334,0.0005079508085993577,0.04364631123778839,0.6928637110830709,361495.38528515457,Close
PRU,5891,2002-02-01,2025-07-01,109.0,6.210947036743164,126.35296630859376,0.00068527964314154,0.02662906825854122,0.42272335354478346,2825352.4359191987,Close
PRVA,1016,2021-06-15,2025-07-01,22.540000915527344,16.09000015258789,49.25,-5.994127828484195e-05,0.032699388394359444,0.5190866982923206,852345.5708661417,Close
PSA,11212,1981-01-07,2025-07-01,298.0899963378906,1.343195915222168,357.49786376953125,0.0005912936141010631,0.017260376740018065,0.27399998633622935,496620.66535854444,Close
PSEC,5234,2004-09-13,2025-07-01,3.2300000190734863,0.854403555393219,5.916846752166748,0.00038864714410279507,0.022443102952649847,0.35627321436798554,1764840.122277417,Close
PSF,3637,2011-01-13,2025-07-01,20.13999938964844,6.5998382568359375,23.145938873291016,0.0003468937211664078,0.011962391789456097,0.18989708256253057,33905.85647511685,Close
PSFE,1153,2020-11-25,2025-07-01,13.15999984741211,9.31999969482422,230.8800048828125,-0.0009239393257186973,0.04474144185548632,0.7102483706884385,536745.1760624457,Close
PSHG,3529,2011-02-18,2025-07-01,1.7000000476837158,0.6899999976158142,6189536.0,0.0004982860312545089,0.174825991259871,2.775276573503822,57510.56163219042,Close
PSIX,3288,2012-06-04,2025-07-01,65.76000213623047,1.25,86.45999908447266,0.002132343731014114,0.05922015610060343,0.9400908338677275,53689.87226277372,Close
PSMT,6968,1997-10-17,2025-07-01,105.79000091552734,4.01287841796875,110.01627349853516,0.0006101098059385455,0.025384082952049955,0.402959824503351,106744.89092996555,Close
PSN,1513,2019-06-25,2025-07-01,72.7699966430664,25.309999465942383,113.30999755859376,0.0006711983738421394,0.02095476735304596,0.332646619184249,593532.3859881031,Close
PSNL,1483,2019-08-07,2025-07-01,6.570000171661377,0.9300000071525574,51.02000045776367,0.0012889102517975883,0.062154159507335605,0.9866666940279052,591089.0087660148,Close
PSNY,1002,2021-07-06,2025-07-01,1.1399999856948853,0.6290000081062317,15.329999923706056,-0.0010463504375792323,0.04710224956928208,0.7477250313121176,4546839.620758483,Close
PSO,7166,1997-01-07,2025-07-01,15.100000381469728,3.1420016288757324,17.516828536987305,0.00039544763273594366,0.022150418745506485,0.3516269966193208,253553.43287747697,Close
PSQH,968,2021-08-23,2025-07-01,2.140000104904175,1.7300000190734863,29.799999237060547,0.0012765156849786092,0.10459738057877854,1.6604319408013517,560377.3760330578,Close
PSTG,2415,2015-11-20,2025-07-01,55.220001220703125,8.760000228881836,72.37000274658203,0.0009673521813450458,0.031232867105117797,0.49580639455002923,3253489.275362319,Close
PSTL,1508,2019-07-02,2025-07-01,14.880000114440918,8.786650657653809,16.482053756713867,0.00033712788776026764,0.017415841510304505,0.2764679130550876,99175.46419098144,Close
PSTV,5996,2001-08-27,2025-07-01,0.3100000023841858,0.1800000071525573,1080000.0,0.00011786267356364205,0.08387338719754595,1.3314487448480115,436635.0702134757,Close
PSX,3291,2012-05-30,2025-07-01,123.1500015258789,19.005464553833008,165.34378051757812,0.0007780872990900931,0.02121362567269423,0.3367558676157853,3260874.992403525,Close
PT,1645,2018-12-13,2025-07-01,0.9200000166893004,0.270000010728836,64.69999694824219,0.00029820266029518074,0.08323205152520136,1.3212678566723823,96101.44680851063,Close
PTA,1140,2020-12-15,2025-07-01,19.989999771118164,13.469871520996094,20.10888671875,0.00013860558255437942,0.009325826872929098,0.14804291205488132,151346.40350877194,Close
PTC,8922,1990-01-26,2025-07-01,173.07000732421875,1.6145830154418943,201.88999938964844,0.000999896464774861,0.032386327206283094,0.5141170059995419,1115782.8737951133,Close
PTCT,2993,2013-08-07,2025-07-01,48.59000015258789,4.190000057220459,77.52999877929688,0.001555239673472658,0.047558796764439464,0.7549724933530207,833444.0026729035,Close
PTEN,7936,1993-12-20,2025-07-01,6.099999904632568,0.5375284552574158,30.99807929992676,0.0009753786752428873,0.03690204444015204,0.5858017947509764,3356883.8835685486,Close
PTGX,2201,2016-09-28,2025-07-01,50.209999084472656,4.690000057220459,59.7599983215332,0.002121196484293877,0.05944609856605577,0.9436775593129016,596547.5692866879,Close
PTIX,1017,2021-06-14,2025-07-01,3.539999961853028,2.7300000190734863,188.72000122070312,-9.540356663435795e-05,0.10906101109267638,1.7312898785068704,141449.68928220257,Close
PTLO,893,2021-12-08,2025-07-01,12.020000457763672,8.65999984741211,38.91999816894531,-0.0007492135789185571,0.03260141463467187,0.5175314130734606,980553.0795072789,Close
PTMN,4633,2007-02-01,2025-07-01,12.510000228881836,1.2698392868041992,19.46733856201172,0.00039728310530315857,0.028781713831929085,0.45689554263307347,22342.512410964817,Close
PTON,1415,2019-11-12,2025-07-01,6.599999904632568,2.880000114440918,167.4199981689453,0.0005503947208787431,0.054145930470240355,0.8595399991827035,13432582.120141342,Close
PTY,5631,2003-02-13,2025-07-01,13.920000076293944,0.9115059971809388,14.576839447021484,0.000529278024833285,0.015011744354270768,0.2383040538400701,329357.4853489611,Close
PUBM,1111,2021-01-28,2025-07-01,12.460000038146973,7.769999980926514,69.91999816894531,2.4700018965436695e-05,0.04459067575672974,0.7078550330677426,683946.8946894689,Close
PUK,6255,2000-08-16,2025-07-01,24.799999237060547,3.007171154022217,40.40934753417969,0.0005047901411805122,0.027300617755274596,0.43338387131334605,301870.9000799361,Close
PULM,2804,2014-05-08,2025-07-01,6.610000133514404,1.6200000047683716,3420.0,-0.00016956771841148433,0.06856805107503902,1.08848406617357,33726.93188302425,Close
PUMP,2051,2017-05-04,2025-07-01,6.210000038146973,1.5099999904632568,24.65999984741211,0.0006278738882422831,0.04420088481083853,0.7016672936309459,1469452.7547537787,Close
PVBC,2472,2015-09-01,2025-07-01,12.529999732971191,5.421473026275635,19.937969207763672,0.0005564994325740202,0.022762806886240293,0.3613483569766821,43584.27710355987,Close
PVH,11383,1980-05-02,2025-07-01,71.58999633789062,0.788425862789154,166.45687866210938,0.0007352167162771634,0.02662109556596088,0.42259679097370056,508262.6811912501,Close
PVL,3400,2011-12-21,2025-07-01,1.8600000143051147,0.3261550068855285,4.69905424118042,0.0003129905185753642,0.03352536951808496,0.5321987421383889,124460.67647058824,Close
PVLA,2606,2015-02-20,2025-07-01,22.670000076293945,6.53000020980835,756.0,0.0006359881180221248,0.05678499826844757,0.901433901705274,17539.97429009977,Close
PW,13169,1973-04-09,2025-07-01,1.090000033378601,0.4199999868869781,80.05000305175781,0.0004062004343642205,0.03029481975104438,0.4809153544487468,12704.472625104412,Close
PWOD,7741,1994-09-28,2025-07-01,31.43000030517578,2.0613739490509038,33.165122985839844,0.0005302037494492246,0.01905010875257382,0.3024111012482713,8617.116909959954,Close
PWP,1121,2021-01-13,2025-07-01,19.729999542236328,5.220134735107422,26.237455368041992,0.0009539404653776533,0.02568834323077241,0.40778980669135984,450224.44246208743,Close
PWR,6855,1998-04-01,2025-07-01,372.2900085449219,1.786592960357666,381.260009765625,0.001041615177070535,0.03140650628398811,0.49856283106091914,1460990.6272793582,Close
PX,893,2021-12-08,2025-07-01,10.489999771118164,6.983048915863037,14.136271476745604,-9.738568244450769e-05,0.02267397063760118,0.3599381252488401,406522.2844344905,Close
PXLW,6283,2000-07-07,2025-07-01,6.820000171661377,4.440000057220459,1746.0,0.000505890713415532,0.05116141612015881,0.8121623026549875,27126.92614992838,Close
PXS,2394,2015-12-22,2025-07-01,2.859999895095825,1.6200000047683716,26.71999931335449,0.0016540744418776683,0.0669263917839656,1.0624235328434968,93523.66332497912,Close
PYN,5671,2002-12-16,2025-07-01,5.289999961853027,1.9289500713348389,9.055021286010742,0.00011658516388938757,0.01152054816327639,0.18288303244302762,13289.89596191148,Close
PYPD,1226,2020-08-13,2025-07-01,3.5299999713897705,2.400000095367432,465.0,-0.0020809962251758345,0.05663113562100068,0.8989914078980352,30678.562805872756,Close
PYPL,2480,2015-08-20,2025-07-01,75.29000091552734,30.6299991607666,308.5299987792969,0.0005769522764738217,0.024082864075173616,0.38230361520648554,10600207.217741935,Close
PYXS,902,2021-11-24,2025-07-01,1.0800000429153442,0.8769999742507935,12.84000015258789,-0.000771978149060041,0.060796644251703114,0.9651168074236262,653133.9246119733,Close
PZC,5671,2002-12-16,2025-07-01,6.25,1.6399602890014648,9.635887145996094,0.00017180733945559761,0.012395467884483318,0.1967719524397846,51347.875154293775,Close
PZG,2539,2015-05-28,2025-07-01,0.6499999761581421,0.2750000059604645,2.789999961853028,0.00037665718729254613,0.03828272464088943,0.6077194134585475,169459.15714848365,Close
PZZA,8039,1993-07-26,2025-07-01,49.47999954223633,1.8524317741394043,126.56268310546876,0.0007097099110813859,0.024642594786010188,0.3911890647787194,737931.7328025873,Close
QBTS,1109,2021-02-01,2025-07-01,14.81999969482422,0.4129999876022339,19.040000915527344,0.0033337476788043736,0.08293111437644622,1.3164906275371806,12069642.380522994,Close
QCOM,8413,1992-01-31,2025-07-01,159.39999389648438,0.2511932849884033,222.2066650390625,0.001150491074474532,0.03034150589429267,0.481656473996993,17212570.450493284,Close
QCRH,7955,1993-11-22,2025-07-01,70.36000061035156,3.13196873664856,93.6138687133789,0.0006998138318197354,0.02520055336498504,0.4000463826297741,20067.074167190447,Close
QD,1902,2017-12-05,2025-07-01,3.0299999713897705,0.6299999952316284,16.860000610351562,0.0005059820389206401,0.050860973070690894,0.8073929171028077,2694360.2523659305,Close
QDEL,8632,1991-03-21,2025-07-01,29.790000915527344,1.75,301.9599914550781,0.0009140293043864005,0.03847599541621485,0.6107874919017938,309712.9402224282,Close
QFIN,1611,2019-02-04,2025-07-01,42.9900016784668,5.458381175994873,47.23194122314453,0.0019247789134844051,0.046293469343253305,0.7348860432518453,1311751.582867784,Close
QGEN,7265,1996-08-15,2025-07-01,48.209999084472656,2.695034503936768,55.28585815429688,0.0007054386695953458,0.02534916823963066,0.4024055706263982,812530.4495526496,Close
QH,1217,2020-08-26,2025-07-01,1.2269999980926514,0.2980000078678131,944.0,-0.001027286453892946,0.11058140117966186,1.755425322902699,555809.1429745276,Close
QIPT,3710,2010-09-30,2025-07-01,1.75,0.3199999928474426,32.13999938964844,0.0021969667460472507,0.08858210093317721,1.4061972580848572,55630.01482479784,Close
QLGN,2488,2015-08-10,2025-07-01,3.319999933242798,3.0,446250.0,-0.0019714023538823866,0.0795306892641482,1.262510552342944,12698.293408360129,Close
QLYS,3173,2012-11-16,2025-07-01,144.47000122070312,10.75,205.88999938964844,0.0011476304505808413,0.026668109327934453,0.4233431113079785,348654.6170816262,Close
QMCO,6486,1999-09-17,2025-07-01,8.970000267028809,2.509999990463257,2970.0,0.0007953276741459911,0.06233405958746135,0.9895225192650251,70949.65386987357,Close
QNCX,1512,2019-06-26,2025-07-01,1.5199999809265137,0.5410000085830688,120.20999908447266,-3.166647503044077e-05,0.06198021850581365,0.9839054662309576,414038.95502645505,Close
QNRX,2209,2016-09-16,2025-07-01,9.225000381469728,5.28000020980835,1144500.0,-0.0011916905980421297,0.10776040106393035,1.7106433343744392,16516.275690357626,Close
QNST,3837,2010-03-31,2025-07-01,16.34000015258789,2.630000114440918,25.170000076293945,0.0005338080719146898,0.0329948400724617,0.5237768482804922,334179.4370602033,Close
QNTM,1742,2018-07-26,2025-07-01,19.31999969482422,2.9100000858306885,9080.1748046875,0.0005158662179946359,0.08705603066905286,1.381971643672355,135415.61481056258,Close
QQQX,4600,2007-03-21,2025-07-01,26.399999618530277,1.934862494468689,26.54798889160156,0.0005011795346343568,0.014837960779152726,0.2355453251098098,102941.67391304347,Close
QRHC,3863,2010-02-23,2025-07-01,1.9800000190734863,1.1200000047683716,48.720001220703125,0.0024600437612803494,0.0784765983362744,1.2457773776165237,32027.845456898784,Close
QRVO,2606,2015-02-20,2025-07-01,86.08000183105469,34.529998779296875,199.5399932861328,0.000493320171244936,0.027783212414559097,0.4410448240284345,1578660.3223330774,Close
QS,1191,2020-10-02,2025-07-01,6.360000133514404,3.470000028610229,131.6699981689453,0.0011093589129631987,0.06371074769623401,1.011376765477299,9834273.467674224,Close
QSI,1128,2021-01-04,2025-07-01,1.899999976158142,0.6330000162124634,22.40999984741211,0.0015825645763816668,0.08694918334453791,1.3802754949788398,3210267.4645390073,Close
QSR,2620,2015-01-30,2025-07-01,67.91999816894531,22.78554344177246,78.6083984375,0.0004819737403719974,0.01781812886356336,0.2828540268089435,1598124.0076335878,Close
QTRX,1867,2018-01-26,2025-07-01,6.690000057220459,4.28000020980835,90.63999938964844,0.0005047355400001853,0.04823164429094468,0.7656536167054072,322724.8527048741,Close
QTTB,1792,2018-05-15,2025-07-01,1.440000057220459,1.440000057220459,546.1199951171875,-0.0013795484618659543,0.054135612079543184,0.8593761998084128,45927.44866071428,Close
QTWO,2805,2014-05-07,2025-07-01,92.5500030517578,10.029999732971191,146.6999969482422,0.0011269383784051816,0.028279638184547182,0.44892533881918784,403418.2531194296,Close
QUAD,3738,2010-08-20,2025-07-01,5.690000057220459,1.9605809450149536,25.067806243896484,0.0003699232489665984,0.03764182597714974,0.5975454625794545,265181.3536650615,Close
QUBT,4591,2007-04-03,2025-07-01,18.63999938964844,0.0149999996647238,5000.0,0.02516993071499111,0.6790027372427233,10.778834293658287,1351478.2463515573,Close
QUIK,6432,1999-12-03,2025-07-01,5.869999885559082,2.200000047683716,553.0,0.0007255516966413517,0.05183672954109217,0.8228825708678712,40258.88759328358,Close
QURE,2835,2014-03-25,2025-07-01,13.989999771118164,3.7799999713897705,82.19000244140625,0.0012553995661375307,0.05408238398091479,0.8585312299380236,606948.0776014109,Close
QVCC,1370,2020-01-17,2025-07-01,10.0,5.2312541007995605,17.19635009765625,0.0001816877434365547,0.030868082857716913,0.49001562414512967,55410.65693430657,Close
QVCD,1672,2018-11-02,2025-07-01,10.09000015258789,5.448541164398193,17.221471786499023,0.00015133067126183122,0.02453562214348749,0.38949092672350455,25710.346889952154,Close
QVCGA,4783,2006-06-27,2025-07-01,2.880000114440918,2.2699999809265137,1174.1922607421875,-0.0003372629375189879,0.03832078410090815,0.6083235886560052,88512.48170604224,Close
QVCGP,1180,2020-10-19,2025-07-01,7.53000020980835,4.679999828338623,60.897743225097656,-0.000793339348183991,0.03941532051669666,0.6256988155984875,60470.59322033898,Close
QXO,3288,2012-06-04,2025-07-01,21.18000030517578,0.2240101844072342,235.6100006103516,0.01317304166222948,0.498399687317585,7.9118497569280954,311538.0343673966,Close
R,11435,1980-02-19,2025-07-01,168.66000366210938,1.3839762210845947,170.0455322265625,0.0006139859944997412,0.02128994321689016,0.337967371071467,449446.6899868824,Close
RA,2122,2017-01-23,2025-07-01,13.40999984741211,5.786369323730469,14.359786033630373,0.0003168526306918048,0.013663375600783085,0.21689936345603872,216807.492931197,Close
RACE,2404,2015-12-08,2025-07-01,489.3699951171875,29.818653106689453,508.1499938964844,0.0011703921410090123,0.018705394153533547,0.2969389266341479,438541.846921797,Close
RAIL,5059,2005-05-23,2025-07-01,8.59000015258789,0.7599999904632568,68.04086303710938,0.0006161660436951063,0.03873659643533197,0.6149244048297571,226033.24767740662,Close
RAMP,10435,1984-02-01,2025-07-01,33.15999984741211,1.089504361152649,85.95999908447266,0.0007336842911270926,0.029715702151365576,0.47172214755708214,483459.65500718734,Close
RAND,11383,1980-05-02,2025-07-01,16.299999237060547,1.9358645677566528,43.42226409912109,0.0011247082875867173,0.044917270313062335,0.7130395609213638,1397.7989106562418,Close
RANI,951,2021-09-16,2025-07-01,0.5139999985694885,0.4819999933242798,35.0,-0.00183658636212995,0.06314947181776037,1.0024667871292556,265997.79179810727,Close
RAPT,1390,2019-12-18,2025-07-01,7.329999923706055,5.984000205993652,390.8800048828125,0.0005446209923876633,0.07691618710616577,1.2210066172693648,71344.52086330936,Close
RARE,2838,2014-03-20,2025-07-01,36.2599983215332,31.059999465942383,177.38999938964844,0.0004401665891891224,0.03555214807881262,0.5643728543440858,566626.4622973925,Close
RAVE,7979,1993-10-19,2025-07-01,2.7300000190734863,0.4099999964237213,15.369999885559082,0.0008557546007971631,0.043243312017576606,0.6864662967916708,83566.64995613486,Close
RBA,6838,1998-04-27,2025-07-01,105.87000274658205,1.9702118635177608,109.0500030517578,0.0007004874981562754,0.018866451509358246,0.29949563289612663,463889.3828604855,Close
RBB,1961,2017-09-12,2025-07-01,17.81999969482422,8.421904563903809,27.36298179626465,0.00025340237388328394,0.02321809661647126,0.368575857380719,46377.15451300357,Close
RBBN,6279,2000-07-13,2025-07-01,4.179999828338623,0.949999988079071,435.2083435058594,0.0003672873499627172,0.04607220164388537,0.7313735274176514,666968.7211339385,Close
RBC,4971,2005-09-27,2025-07-01,381.4299926757813,11.857987403869627,388.1900024414063,0.0009351869348575171,0.024528061551010956,0.3893709060387613,123122.10822772078,Close
RBCAA,6745,1998-09-08,2025-07-01,75.4800033569336,2.481588363647461,76.62406158447266,0.0006980700277865804,0.02535429344176964,0.4024869306880703,26977.01452928095,Close
RBKB,1589,2019-03-07,2025-07-01,11.859999656677246,6.03000020980835,12.40999984741211,0.0002032938675727871,0.019989203668605418,0.31731877088009947,6865.764631843927,Close
RBLX,1050,2021-04-27,2025-07-01,100.6500015258789,23.190000534057617,134.72000122070312,0.0012883746949995949,0.04512618098280549,0.7163559149915738,13147728.19047619,Close
RBOT,1177,2020-10-22,2025-07-01,7.329999923706055,5.079999923706055,448.7999877929688,-0.0009981417829384963,0.06548865760232869,1.0396002102673272,19085.54375531011,Close
RC,3084,2013-03-28,2025-07-01,4.570000171661377,1.9436602592468264,10.152633666992188,0.00029420882217885263,0.02580960820790741,0.40971482852480673,562578.5343709468,Close
RCAT,5867,2002-03-06,2025-07-01,6.920000076293945,0.4000000059604645,990000.0,0.014816945881665834,0.2218493254542796,3.521748862076732,398909.7746718936,Close
RCB,1459,2019-09-11,2025-07-01,24.36000061035156,7.63335657119751,24.84149932861328,0.00037998109938046896,0.02593872295716803,0.4117644616276111,9290.815627141877,Close
RCC,1066,2021-04-05,2025-07-01,24.56999969482422,19.395938873291016,24.790000915527344,0.00015160020415076292,0.005311259444130167,0.08431362982626947,17365.103189493435,Close
RCEL,3269,2012-06-29,2025-07-01,5.269999980926514,4.0,55.20000076293945,0.000617160091749777,0.04532078135397938,0.7194451001145756,72984.34995411441,Close
RCG,7307,1996-06-17,2025-07-01,2.559999942779541,0.7389304041862488,11.40414333343506,0.0003725279082448228,0.028302320881812653,0.44928541547535944,10065.22512659094,Close
RCI,7383,1996-02-28,2025-07-01,30.31999969482422,0.9438890814781188,55.88481140136719,0.0005424306440511078,0.02080457746962601,0.33026242869844713,364411.8515508601,Close
RCKT,2575,2015-04-07,2025-07-01,2.5899999141693115,2.3299999237060547,70.5999984741211,0.0010243921401100935,0.0648932491291674,1.0301483937764144,609660.2233009709,Close
RCKY,8125,1993-03-23,2025-07-01,23.020000457763672,1.8328887224197388,59.63510894775391,0.0008107387593971945,0.03720788760059224,0.590656904407265,33610.38769230769,Close
RCL,8067,1993-06-15,2025-07-01,315.1000061035156,4.571353435516357,315.1000061035156,0.0009599176834937808,0.03029312118788766,0.48088839059455385,2244451.964794843,Close
RCMT,10501,1983-10-27,2025-07-01,24.809999465942383,0.1638064831495285,31.90999984741211,0.0014828584215737647,0.04872633100254323,0.7735065248000758,41995.40043805352,Close
RCON,3972,2009-09-16,2025-07-01,2.609999895095825,1.340000033378601,246.2400054931641,0.002159584507864718,0.09640791436467992,1.530428194964128,22697.04405840886,Close
RCS,7841,1994-05-06,2025-07-01,7.019999980926514,0.5061371326446533,7.70790958404541,0.00041544768879797704,0.01384963213501028,0.2198560942737944,111417.28095906135,Close
RCUS,1801,2018-05-02,2025-07-01,8.359999656677246,6.440000057220459,48.470001220703125,0.0008132020361878396,0.049281857566617994,0.7823252356114678,638785.6191004997,Close
RDCM,6951,1997-11-11,2025-07-01,13.739999771118164,0.4000000059604645,79.0,0.0011561871519088667,0.053055356534564696,0.842227674661943,27604.09653287297,Close
RDFN,1959,2017-09-14,2025-07-01,11.1899995803833,3.2699999809265137,96.58999633789062,0.0007781649115969957,0.050524182326091814,0.802046529778343,2828374.119448698,Close
RDGT,3928,2009-11-17,2025-07-01,1.0700000524520874,0.800000011920929,2395.199951171875,6.653637985214921e-05,0.05950544547742003,0.9446196623241994,15065.78131364562,Close
RDHL,3107,2013-02-25,2025-07-01,2.0199999809265137,1.75,19790.0,-0.0009353687505060528,0.06982293675617623,1.1084047587901997,23680.39942066302,Close
RDI,10436,1984-01-31,2025-07-01,1.3300000429153442,1.190000057220459,40.25,0.00023875983799498445,0.029058482514193826,0.4612891092568548,26132.105212725182,Close
RDIB,6377,2000-02-23,2025-07-01,9.710000038146973,1.4500000476837158,35.0,0.001026048247010114,0.04202941225705442,0.6671962354942554,1354.779520150541,Close
RDN,8190,1992-12-17,2025-07-01,36.560001373291016,0.6353254914283752,54.33269500732422,0.0010281816783327812,0.039905394281108876,0.6334784954267594,1767813.5531135532,Close
RDNT,7135,1997-02-20,2025-07-01,55.619998931884766,0.1500000059604644,86.37999725341797,0.0019708091798822476,0.05438613926782178,0.8633531956294853,190209.78276103715,Close
RDUS,7926,1994-01-04,2025-07-01,29.6200008392334,2.1286606788635254,75.01810455322266,0.0007271763536154476,0.033090906385271145,0.5253018537188806,336947.00353267725,Close
RDVT,1793,2018-05-14,2025-07-01,49.02000045776367,5.266200065612793,50.959999084472656,0.001951224183300918,0.03881489441640561,0.6161673467462327,53779.64305633018,Close
RDW,1087,2021-03-04,2025-07-01,15.3100004196167,1.6799999475479126,25.65999984741211,0.0017708351427770217,0.053681668380840764,0.8521700669924642,643725.3909843606,Close
RDWR,6444,1999-11-16,2025-07-01,29.57999992370605,2.494999885559082,41.7400016784668,0.0004287387286173652,0.028416247025185203,0.45109393693451416,325605.09000620735,Close
RDY,6058,2001-05-30,2025-07-01,14.9399995803833,1.242045760154724,16.841999053955078,0.0005937641446309904,0.020530942404632633,0.3259186067066903,1539742.0435787388,Close
RDZN,835,2022-03-03,2025-07-01,0.9860000014305116,0.6940000057220459,11.649999618530272,-0.0002719067074954173,0.07272042204118007,1.1544009117397351,287257.9640718563,Close
REAL,1477,2019-08-15,2025-07-01,4.960000038146973,1.0299999713897705,28.729999542236328,0.0010889783515578286,0.060567040698479124,0.9614719640118214,2934475.8970886935,Close
REAX,1091,2021-02-26,2025-07-01,4.389999866485596,1.0399999618530271,6.659999847412109,0.0014491787352679815,0.040190220048349594,0.637999964309372,361724.4729605866,Close
REE,1088,2021-03-03,2025-07-01,0.6100000143051147,0.550000011920929,354.8999938964844,-0.0033617043537971145,0.0653448493540196,1.0373173250982932,73833.92463235294,Close
REFI,860,2022-01-26,2025-07-01,13.960000038146973,9.27851676940918,15.230542182922363,0.0003200419041456801,0.015382239535325092,0.24418548250617567,87929.41860465116,Close
REFR,9789,1986-08-22,2025-07-01,1.5499999523162842,0.6000000238418579,38.625,0.0009158585022406828,0.04535712879748415,0.7200220978924152,56379.23352742875,Close
REG,7938,1993-12-16,2025-07-01,71.11000061035156,3.0138328075408936,76.24948120117188,0.0005834023494254457,0.01954621545857942,0.3102865510553248,609579.7430083144,Close
REGN,8592,1991-05-17,2025-07-01,534.9099731445312,2.991729974746704,1198.4471435546875,0.0012362388637255036,0.03998481109444482,0.6347391982547843,561755.0977653632,Close
REI,4554,2007-05-25,2025-07-01,0.7900000214576721,0.4699999988079071,20.350000381469727,0.0006814948175564378,0.05408416105815691,0.8585594401646828,855425.719367589,Close
REKR,1937,2017-10-16,2025-07-01,1.100000023841858,0.5249999761581421,25.229999542236328,0.0017323150149580109,0.06962972542534539,1.1053376239990502,990658.8022715539,Close
RELI,1070,2021-03-29,2025-07-01,1.7999999523162842,0.9980000257492064,2376.60009765625,-0.0023772600719580744,0.09614761176673847,1.5262960193254655,245036.23925233644,Close
RELL,10467,1983-12-15,2025-07-01,9.789999961853027,1.665843486785889,25.272964477539062,0.000595856095527673,0.03129178581436048,0.4967417000633796,43668.15228814369,Close
RELX,7702,1994-11-22,2025-07-01,53.90999984741211,2.539247751235962,55.65999984741211,0.0005318383573482366,0.017247344044183134,0.2737930987036775,268840.40508958715,Close
RELY,913,2021-11-09,2025-07-01,18.459999084472656,6.880000114440918,37.54999923706055,-3.98677098087228e-05,0.0369780391601782,0.5870081735318355,1486932.7491785323,Close
RENB,1825,2018-03-27,2025-07-01,0.2720000147819519,0.2720000147819519,12.550000190734863,0.0009727696635950014,0.07437387883076417,1.18064872455272,462076.1095890411,Close
RENT,889,2021-12-14,2025-07-01,4.949999809265137,3.7699999809265137,198.1999969482422,-0.0006514886950745604,0.0927149251141581,1.471803808056235,163080.52305961755,Close
REPL,1713,2018-09-06,2025-07-01,9.149999618530272,5.010000228881836,52.650001525878906,0.0006743247076088778,0.04833698553340831,0.7673258570875512,498537.1862230006,Close
REPX,6635,1999-02-16,2025-07-01,26.57999992370605,3.816317081451416,1472.47412109375,0.0015322464043949387,0.06694128001456551,1.0626598761772714,18914.849284099473,Close
RERE,980,2021-08-05,2025-07-01,3.359999895095825,1.0299999713897705,13.229999542236328,-7.642134696369381e-05,0.04982059435053474,0.7908774169256666,596617.0408163265,Close
RES,10312,1984-07-27,2025-07-01,4.949999809265137,0.0653291121125221,23.994144439697266,0.0008616112516591772,0.03143767199577031,0.49905757139776713,766562.3568657874,Close
RETO,1873,2018-01-18,2025-07-01,2.009999990463257,0.3899999856948852,11130.0,0.0022250864760734964,0.167651746035842,2.6613889612595805,156142.74159103044,Close
REVB,1126,2021-01-06,2025-07-01,0.8199999928474426,0.7459999918937683,177240.0,-0.00642617836103108,0.09409830798854771,1.4937643303779584,86343.81172291297,Close
REVG,2085,2017-03-16,2025-07-01,48.459999084472656,3.007853746414185,48.459999084472656,0.0009968416755812971,0.033749172315577294,0.5357515014077004,411666.2350119904,Close
REX,10287,1984-08-31,2025-07-01,49.70000076293945,0.3888890147209167,59.900001525878906,0.000882598902990826,0.031817299172306204,0.5050839659979808,222010.8048993876,Close
REXR,2973,2013-09-05,2025-07-01,36.16999816894531,9.502662658691406,75.43476867675781,0.0005662956814757351,0.015996225075717456,0.2539322007969824,903263.134880592,Close
REYN,1328,2020-03-19,2025-07-01,21.780000686645508,21.059999465942383,31.61335182189941,9.128162436192515e-05,0.01462339417688708,0.23213918589427976,507970.1054216867,Close
REZI,1643,2018-12-17,2025-07-01,23.15999984741211,3.940000057220459,32.619998931884766,0.0007002783951207163,0.03655186699834143,0.5802429001963223,1004954.8387096775,Close
RF,11383,1980-05-02,2025-07-01,24.170000076293945,0.4542486667633056,26.617055892944336,0.0006403670327340324,0.024389219034912913,0.38716684942477386,6301262.518053237,Close
RFI,7865,1994-03-31,2025-07-01,12.119999885559082,0.7071943283081055,12.874176025390623,0.0004774369072058311,0.016728218161499345,0.2655522307953683,38869.12905276541,Close
RFIL,7829,1994-05-24,2025-07-01,6.730000019073486,0.1166015863418579,11.935823440551758,0.0018154993058272953,0.05231730797047156,0.8305115169254705,34336.07101800996,Close
RFL,1793,2018-05-14,2025-07-01,1.9299999475479128,1.2799999713897705,62.712032318115234,0.00047341012615229186,0.04679245993719018,0.7428072733605495,92426.93976575571,Close
RFM,1289,2020-05-14,2025-07-01,14.020000457763672,11.423192024230955,17.261445999145508,0.00013656190793992216,0.008353104891966338,0.1326014293162799,19971.761055081457,Close
RFMZ,1060,2021-04-13,2025-07-01,12.68000030517578,9.96410846710205,16.401885986328125,-9.631790391110054e-05,0.00906960497144395,0.14397551546421455,71085.94339622642,Close
RGA,4193,2008-10-29,2025-07-01,199.22999572753903,16.3431396484375,229.92770385742188,0.0006794492911562305,0.020341876336710633,0.3229172759241956,428080.4197471977,Close
RGC,961,2021-09-01,2025-07-01,14.600000381469728,0.084316000342369,78.0,0.011909769825809895,0.18944484932497108,3.0073437508558563,3082154.5265348596,Close
RGCO,7873,1994-03-21,2025-07-01,22.84000015258789,0.9944286346435548,25.205873489379883,0.0005881030290306717,0.02078856879368622,0.33000829884631055,7141.235869427156,Close
RGEN,9837,1986-06-16,2025-07-01,126.44000244140624,0.5,324.2099914550781,0.0013938968813934978,0.048707970504731204,0.773215060933128,231375.439666565,Close
RGLD,11073,1981-07-27,2025-07-01,177.6199951171875,0.02370585501194,186.7100067138672,0.0016443526631549584,0.05482909280764251,0.8703848650818138,323522.89352479,Close
RGNX,2428,2015-11-03,2025-07-01,8.229999542236328,5.309999942779541,82.1500015258789,0.0005977390425120118,0.04214652814707094,0.6690553926116017,459340.48599670513,Close
RGP,6137,2001-02-05,2025-07-01,5.760000228881836,3.50393295288086,21.453643798828125,0.0002896781720307846,0.025531041858811714,0.40529272482477624,316540.94834609743,Close
RGR,13119,1973-06-20,2025-07-01,36.09000015258789,0.0527239851653575,73.52626037597656,0.0007773692084596519,0.025068466627609774,0.397949570678265,115246.71087735346,Close
RGS,8535,1991-08-08,2025-07-01,22.01000022888184,4.150000095367432,859.7908935546875,0.000620398611329817,0.048059388881275485,0.7629191468495857,24546.24885764499,Close
RGT,2916,2013-11-25,2025-07-01,12.1899995803833,4.324923038482666,13.693255424499512,0.00032882485465576556,0.012216226101281463,0.1939265773423614,25044.272976680382,Close
RGTI,1020,2021-06-09,2025-07-01,11.329999923706056,0.375,20.0,0.0034807289104791857,0.08359789628652226,1.3270754622138476,16220788.333333334,Close
RH,3150,2012-12-20,2025-07-01,198.97000122070312,25.07999992370605,738.52001953125,0.0012667257040314594,0.037397713311750576,0.5936702941522907,1075500.1904761905,Close
RHI,11383,1980-05-02,2025-07-01,42.84999847412109,0.0667024850845336,112.9146957397461,0.0008241338664081556,0.02300500225256416,0.3651930892245929,801804.445225336,Close
RHP,8448,1991-12-11,2025-07-01,101.4499969482422,2.4745421409606934,114.75061798095705,0.0007296640580405516,0.02690431925948209,0.4270928277244504,329991.35890151514,Close
RICK,7444,1995-11-30,2025-07-01,39.58000183105469,0.5930207371711731,95.81763458251952,0.001302902789325951,0.04764052235041953,0.7562698468105464,59248.22004298764,Close
RIG,8045,1993-07-16,2025-07-01,2.6600000858306885,0.6700000166893005,128.3423614501953,0.0004733943707506546,0.03518310056475143,0.5585144066790506,8557817.270478558,Close
RIGL,6149,2001-01-18,2025-07-01,18.709999084472656,6.699999809265137,911.25,0.0007932206169534703,0.0570066580905076,0.9049526422942281,110125.72889900797,Close
RILY,4467,2007-09-28,2025-07-01,3.2100000381469727,0.7225000858306885,101.76925659179688,0.0005715070348178117,0.051482470265745796,0.8172588792146445,230719.82919185134,Close
RILYG,862,2022-01-24,2025-07-01,12.5600004196167,6.5,19.463943481445312,0.00012127645922010871,0.03539696431007253,0.5619093883864856,31847.21577726218,Close
RILYK,1036,2021-05-17,2025-07-01,19.89299964904785,8.852057456970215,22.624652862548828,0.00039690506428160057,0.02730172134525215,0.433401390261126,24453.37837837838,Close
RILYL,1176,2020-10-23,2025-07-01,2.095000028610229,1.850000023841858,22.0463924407959,-0.0006395323471198187,0.04771239992522889,0.7574108679372745,8134.778911564626,Close
RILYN,1417,2019-11-08,2025-07-01,13.5,6.46270751953125,19.52064323425293,0.0004720183250021728,0.03387744261613855,0.537787729302984,28590.543401552575,Close
RILYP,1409,2019-11-20,2025-07-01,2.0799999237060547,1.784999966621399,21.01358985900879,-0.00041031043795548144,0.04585201945003705,0.7278782434493678,11880.41163946061,Close
RILYT,1080,2021-03-15,2025-07-01,7.340000152587891,5.099999904632568,18.693418502807617,-0.00018703740229358988,0.03450142285042496,0.547693108440634,29563.055555555555,Close
RILYZ,945,2021-09-24,2025-07-01,7.050000190734863,5.03000020980835,18.29152107238769,-0.00042386725917943825,0.033344825107127385,0.5293326884664106,73081.26984126984,Close
RIME,7676,1994-12-30,2025-07-01,2.380000114440918,1.950000047683716,140000.0,0.003301979939670682,0.11124268696813203,1.765922909353699,7403.28804064617,Close
RIO,8783,1990-08-15,2025-07-01,58.29999923706055,1.3517004251480105,69.01644897460938,0.0006662332170499069,0.023398162959524724,0.3714343219599929,1749556.3588750996,Close
RIOT,2294,2016-05-17,2025-07-01,11.270000457763672,0.6499999761581421,77.9000015258789,0.0030564993448573105,0.07228564506515757,1.1474990412137418,11580280.034873582,Close
RITM,3027,2013-06-19,2025-07-01,11.470000267028809,2.0140457153320312,11.622719764709473,0.0006853556662132401,0.02426847930554997,0.38525016564121634,3809993.7231582426,Close
RIV,2350,2016-02-26,2025-07-01,12.31999969482422,4.698056221008301,12.31999969482422,0.00048447119472916166,0.013208217483405171,0.2096739523412729,71077.92808510638,Close
RIVN,879,2021-12-29,2025-07-01,13.470000267028809,8.399999618530273,103.69000244140624,-0.0011156862214955251,0.048830023815057584,0.7751525971680228,31553753.811149035,Close
RJF,10550,1983-08-18,2025-07-01,154.63999938964844,0.1406672745943069,172.01858520507812,0.0008711393133375876,0.023606508167253522,0.3747416995990078,793262.8448341233,Close
RKDA,2514,2015-07-02,2025-07-01,4.429999828338623,1.8899999856948853,5376.0,3.85335531123498e-05,0.09385384266181225,1.4898835636256376,47968.9769291965,Close
RKLB,1121,2021-01-13,2025-07-01,34.33000183105469,3.5299999713897705,36.13999938964844,0.0021821396667581717,0.048019777640310055,0.7622903378932827,7358050.936663693,Close
RKT,1198,2020-09-23,2025-07-01,14.479999542236328,5.942819118499756,34.9531135559082,0.0005654212669783073,0.04023916063085346,0.6387768719713153,5863114.858096828,Close
RL,7024,1997-07-30,2025-07-01,272.1000061035156,9.986323356628418,285.2644958496094,0.0006777292991405855,0.024810706006044573,0.3938577476635833,888818.0381548975,Close
RLAY,1213,2020-09-01,2025-07-01,3.5199999809265137,2.0,61.52999877929688,-0.0008105336413204762,0.049250557810690036,0.7818283673897735,1191468.5902720527,Close
RLGT,4661,2006-12-19,2025-07-01,6.119999885559082,0.0599999986588954,8.640000343322754,0.0016886095825718844,0.050516960164454415,0.8019318815166179,121699.63527140098,Close
RLI,11383,1980-05-02,2025-07-01,71.58999633789062,0.0681171119213104,87.93270874023438,0.0007098728742507709,0.017350817338615477,0.2754356863301048,256280.64622682947,Close
RLJ,3523,2011-06-28,2025-07-01,7.489999771118164,3.713822364807129,22.901552200317383,0.00023143951317028348,0.02459879558290261,0.3904937739844467,1266112.4325858643,Close
RLMD,2741,2014-08-07,2025-07-01,0.6159999966621399,0.2520000040531158,74.4000015258789,0.0008697690730945527,0.06942724197830709,1.1021232989262275,199323.52243706677,Close
RLTY,807,2022-04-12,2025-07-01,15.390000343322754,9.696897506713867,16.417072296142578,0.00017220686887629594,0.01589512330072932,0.25232725987462756,80805.70012391574,Close
RLX,1082,2021-03-11,2025-07-01,2.25,0.9345935583114624,19.365095138549805,-0.000290850194436099,0.053833501287651415,0.8545803396660064,8425812.384473197,Close
RLYB,952,2021-09-15,2025-07-01,0.3300000131130218,0.25,19.90999984741211,-0.001503223253600562,0.06786772737291655,1.077366772055209,204719.85294117648,Close
RM,3301,2012-05-15,2025-07-01,30.84000015258789,8.837508201599121,55.29349136352539,0.0006646454755589327,0.028446295953570344,0.4515709488845406,65907.87640109057,Close
RMAX,2921,2013-11-18,2025-07-01,8.34000015258789,7.019999980926514,56.316036224365234,4.417232026313169e-05,0.02732753317501996,0.43381114035582097,142992.74221157137,Close
RMBI,1475,2019-08-19,2025-07-01,14.140000343322754,7.397252559661865,15.67233657836914,0.00037646152176080104,0.01901280646976368,0.30181894586636754,25607.254237288136,Close
RMBL,2081,2017-03-22,2025-07-01,2.400000095367432,1.5099999904632568,214.0,0.00024809525028035584,0.06689586933547555,1.06193900399484,133489.32003844305,Close
RMBS,7044,1997-07-01,2025-07-01,64.13999938964844,3.3299999237060547,117.375,0.0012097374085184855,0.04408691283453399,0.6998580445965518,2253479.4293015334,Close
RMCF,9890,1986-04-01,2025-07-01,1.4299999475479126,0.287061482667923,13.574213027954102,0.0005718556930632447,0.03532908970373413,0.5608319124142386,15530.170576339737,Close
RMCO,1011,2021-06-22,2025-07-01,1.2999999523162842,0.7581760287284851,11.1631441116333,-0.0009926688161259732,0.04484185537624802,0.7118423859136618,72143.81800197824,Close
RMD,7537,1995-07-20,2025-07-01,256.260009765625,0.5477919578552246,287.76171875,0.0011091710251459699,0.0254999253686579,0.4047987658570551,945003.0383441688,Close
RMI,1644,2018-12-14,2025-07-01,14.25,11.08176040649414,17.320999145507812,0.00012182236982475132,0.010415059401293288,0.16533394239472385,19411.374695863746,Close
RMM,1458,2019-09-12,2025-07-01,13.479999542236328,9.424699783325195,16.451007843017578,5.896401789443462e-05,0.011865979117022358,0.18836657883556174,60784.01920438957,Close
RMMZ,815,2022-03-31,2025-07-01,14.119999885559082,11.466830253601074,15.705121994018556,-3.829991238918669e-06,0.011767831453642272,0.18680853298116704,26886.012269938652,Close
RMNI,2441,2015-10-15,2025-07-01,3.940000057220459,1.590000033378601,11.300000190734863,0.0003124479576014133,0.03652140282787596,0.5797592964826251,223109.09463334698,Close
RMR,2367,2016-02-02,2025-07-01,16.940000534057617,10.57801914215088,57.33893585205078,0.00040529760877191503,0.021286407100087428,0.33791123695746555,78405.06970849176,Close
RMSG,907,2021-11-17,2025-07-01,1.830000042915344,1.4320000410079956,37.0,0.0010984543202042878,0.07854729239649604,1.2468996110316188,18657.55237045204,Close
RMT,7906,1994-02-01,2025-07-01,9.399999618530272,0.4892865717411041,9.789729118347168,0.0004815944876009009,0.01625501335885607,0.2580403374333953,79701.03718694662,Close
RMTI,6867,1998-03-16,2025-07-01,0.8299999833106995,0.7900000214576721,205.58999633789065,0.0011389225892256024,0.05812806241384516,0.9227543840464512,64649.38386486093,Close
RNA,1236,2020-07-30,2025-07-01,28.459999084472656,4.869999885559082,52.5,0.0011671107461717928,0.04852686038861272,0.7703400269701228,856645.9546925566,Close
RNAC,2236,2016-08-09,2025-07-01,10.890000343322754,8.770000457763672,789.9000244140625,0.00018882557219887023,0.057692573709723936,0.9158412151871559,39152.55679785331,Close
RNAZ,967,2021-08-24,2025-07-01,7.5,6.699999809265137,2971584.0,-0.005049075590775722,0.14420453031063188,2.289175950784847,26970.178903826265,Close
RNG,2924,2013-11-13,2025-07-01,29.239999771118164,10.170000076293944,443.2900085449219,0.0007208611471850455,0.03299588075794949,0.5237933686504547,1015718.194254446,Close
RNGR,1949,2017-09-28,2025-07-01,12.1899995803833,2.2199976444244385,17.90545082092285,0.0005743122263855916,0.0359114962606069,0.5700773298827511,58431.554643406875,Close
RNP,5507,2003-08-12,2025-07-01,22.81999969482422,0.7843784093856812,22.919654846191406,0.0005333529209089571,0.019114239675051787,0.30342914808162647,128285.54566914836,Close
RNR,7499,1995-09-13,2025-07-01,244.08999633789065,4.87955904006958,286.56597900390625,0.0006503796020790509,0.016655644212184788,0.2644001550660796,389017.1622883051,Close
RNST,8322,1992-06-11,2025-07-01,37.18000030517578,1.9984055757522583,40.87662124633789,0.0006026333944068648,0.022492586119677253,0.3570587352922158,105213.95241528479,Close
RNTX,1979,2017-08-16,2025-07-01,1.4500000476837158,1.149999976158142,298.20001220703125,-0.00020676940336430497,0.07199673781944832,1.142912780869074,41171.98585144012,Close
RNW,1076,2021-03-19,2025-07-01,6.809999942779541,4.21999979019165,11.800000190734863,6.420764160912006e-05,0.029795172867280163,0.4729837060620157,827300.3717472119,Close
RNWWW,1076,2021-03-19,2025-07-01,0.1220000013709068,0.0790000036358833,2.2699999809265137,0.0009773601309327688,0.08505058909810782,1.3501362456788073,33017.93680297398,Close
RNXT,932,2021-10-13,2025-07-01,1.2699999809265137,0.6000000238418579,8.5,0.0005120290213498186,0.06676900384840855,1.0599250768224218,280440.8798283262,Close
ROAD,1766,2018-06-21,2025-07-01,104.69000244140624,8.170000076293945,110.36000061035156,0.0016459206298761035,0.030850583752990806,0.4897378344695003,270784.9377123443,Close
ROCK,7933,1993-12-23,2025-07-01,61.0,3.650000095367432,100.9800033569336,0.0007509407893255414,0.031297243957982,0.4968283454072353,139777.74486322954,Close
ROG,11383,1980-05-02,2025-07-01,71.0999984741211,2.95853590965271,273.9599914550781,0.0005145705980109574,0.02411360811486258,0.3827916617063725,76958.0514802776,Close
ROIV,1112,2021-01-27,2025-07-01,10.9399995803833,2.809999942779541,13.520000457763672,0.000728710370242693,0.037379469085621765,0.5933806760410928,3310617.4460431654,Close
ROK,10930,1982-02-18,2025-07-01,338.6099853515625,0.5839810371398926,338.6099853515625,0.0007788490191688509,0.020656547246083123,0.3279125217503525,764336.2763037512,Close
ROKU,1916,2017-11-14,2025-07-01,86.19999694824219,27.170000076293945,479.5,0.0014046225656544247,0.04575617070244524,0.7263566917517382,7898752.244258872,Close
ROL,11383,1980-05-02,2025-07-01,56.63999938964844,0.0916618704795837,58.58000183105469,0.000714555370670398,0.018557386006679485,0.29458937014262365,1135256.6197838883,Close
ROOT,1140,2020-12-15,2025-07-01,125.27999877929688,3.4600000381469727,416.7000122070313,0.0014011220473585458,0.06673346779609181,1.0593609594803792,333500.99035087717,Close
ROP,8371,1992-04-01,2025-07-01,572.7100219726562,1.159989833831787,592.9649047851562,0.0009000208472047721,0.02120819631325806,0.3366696792067064,423294.0031059611,Close
ROST,10018,1985-09-25,2025-07-01,129.97000122070312,0.0842505544424057,155.2934112548828,0.0009273355013063928,0.026031674334283945,0.4132400189948292,5695711.2796965465,Close
RPAY,1716,2018-08-31,2025-07-01,4.889999866485596,3.7100000381469727,27.899999618530277,0.00013320449914641,0.03310009658932302,0.5254477436853958,715242.0163170163,Close
RPD,2471,2015-09-02,2025-07-01,24.040000915527344,9.460000038146973,140.1300048828125,0.0005335287231552513,0.03044270997610878,0.48326303898989337,592962.7276406314,Close
RPID,962,2021-08-31,2025-07-01,3.490000009536743,0.6029999852180481,22.190000534057617,-0.00039233405988618454,0.0546073753734621,0.8668652099288016,136769.33471933473,Close
RPM,11383,1980-05-02,2025-07-01,112.38999938964844,0.3785914480686188,139.003662109375,0.0006709408785319326,0.01861414993925009,0.2954904696367428,444536.3537731705,Close
RPRX,1234,2020-08-03,2025-07-01,35.880001068115234,23.95952033996582,47.61747741699219,8.215925887827716e-05,0.0167461446992383,0.26583680575972246,2475518.152350081,Close
RPT,2577,2015-04-02,2025-07-01,2.690000057220459,2.3587234020233154,10.021257400512695,9.219364685958454e-05,0.026786484022089174,0.42522225132151886,102402.79394644935,Close
RPTX,1231,2020-08-06,2025-07-01,1.4199999570846558,0.8999999761581421,44.459999084472656,-0.001073127513986092,0.04857564298500493,0.7711144266802936,219171.81153533712,Close
RQI,5842,2002-04-15,2025-07-01,12.520000457763672,0.4254367649555206,13.654276847839355,0.0005605180225910566,0.021563003538592192,0.34230206929632423,279971.0373159877,Close
RRBI,1516,2019-06-20,2025-07-01,60.93999862670898,28.943124771118164,61.026885986328125,0.00046743307808546014,0.024316560770915537,0.3860134352413895,9691.688654353562,Close
RRC,11317,1980-08-06,2025-07-01,38.959999084472656,0.871891438961029,88.00135040283203,0.0008699028994201795,0.03856246125023963,0.6121600944641938,1876197.0813819917,Close
RRGB,5742,2002-09-05,2025-07-01,6.449999809265137,2.559999942779541,92.9000015258789,0.0005610063716395117,0.03718277507332854,0.5902582553956726,334138.679902473,Close
RRR,2275,2016-06-14,2025-07-01,53.5,3.0823144912719727,59.65127944946289,0.0010145976515310677,0.03190244479966968,0.5064356109293507,751780.3956043957,Close
RRX,11383,1980-05-02,2025-07-01,146.6999969482422,0.578659176826477,180.83255004882807,0.0006615260200912174,0.02105385105632379,0.33421952421136375,172428.50636914698,Close
RS,7716,1994-11-02,2025-07-01,321.3299865722656,1.6160763502120972,333.53192138671875,0.0009364341451925196,0.024311489313486593,0.38593292835053966,486788.0184033178,Close
RSF,1488,2019-07-31,2025-07-01,14.5600004196167,8.924099922180176,15.083709716796877,0.0002270773835570654,0.00851610742865229,0.13518901436714217,17581.84677419355,Close
RSG,6759,1998-08-18,2025-07-01,244.6699981689453,3.937226057052612,258.07000732421875,0.0006501715038055337,0.018173090218194115,0.288488863625293,1447472.555111703,Close
RSI,1269,2020-06-12,2025-07-01,14.899999618530272,2.789999961853028,25.170000076293945,0.0010986732456690863,0.03951472273576053,0.6272767769069533,1186474.7044917257,Close
RSKD,952,2021-09-15,2025-07-01,5.070000171661377,3.630000114440918,27.290000915527344,-0.0010771949860144455,0.03590947506705114,0.5700452444297507,615726.0504201681,Close
RSLS,2162,2016-11-22,2025-07-01,2.430000066757202,2.289999961853028,26796000.0,-0.0005750071141711422,0.16027369788183546,2.5442660778002177,91173.25069380204,Close
RSSS,3645,2011-01-03,2025-07-01,2.859999895095825,0.4900000095367431,4.150000095367432,0.0008442699591747055,0.040861876473251124,0.6486621795099811,28529.327846364882,Close
RSVR,1094,2021-02-23,2025-07-01,7.739999771118164,4.53000020980835,11.119999885559082,6.385083748011986e-05,0.02809093368198745,0.4459297477088806,96395.24680073126,Close
RSVRW,1081,2021-03-12,2025-07-01,1.2000000476837158,0.6710000038146973,2.440000057220459,0.0038655454283242742,0.09558935227784841,1.5174339246775947,16979.740980573544,Close
RTO,7166,1997-01-07,2025-07-01,24.280000686645508,1.8130587339401243,40.533233642578125,0.0004227761055604987,0.025021528665056227,0.39720445362247647,85265.90845660062,Close
RTX,15885,1962-05-18,2025-07-01,144.19000244140625,0.0744992792606353,148.47999572753906,0.0006184281555631574,0.017509542428440102,0.27795536901711887,4479033.9670129055,Close
RUM,1026,2021-06-01,2025-07-01,9.15999984741211,3.390000104904175,16.809999465942383,0.001329213346596238,0.055681021507536746,0.8839088139298861,2552613.5477582845,Close
RUN,2458,2015-09-22,2025-07-01,9.039999961853027,4.630000114440918,96.5,0.0010949340953824366,0.048716709591178554,0.7733537896296815,5503237.062652563,Close
RUSHA,5435,2003-11-21,2025-07-01,54.310001373291016,2.013547897338867,63.95919418334961,0.0009019795033754332,0.02456591519146334,0.38997181395189406,368671.20128794847,Close
RUSHB,7280,1996-07-25,2025-07-01,54.810001373291016,0.8969385623931885,59.319374084472656,0.0008460136799504274,0.03012457903746849,0.47821286690190684,43029.08887362637,Close
RVLV,1492,2019-07-25,2025-07-01,21.290000915527344,7.300000190734863,87.79000091552734,0.0006056851240969809,0.0432004954332727,0.6857866045873267,1229629.4235924934,Close
RVMD,1319,2020-04-01,2025-07-01,36.88999938964844,14.539999961853027,60.59999847412109,0.0012201165427124243,0.04037146882626177,0.6408771994601119,1044436.3153904473,Close
RVP,6042,2001-06-21,2025-07-01,0.6399999856948853,0.4300000071525574,21.5,0.0007620181990415423,0.05026132306633913,0.7978737683916463,101283.99536577292,Close
RVPH,1650,2018-12-06,2025-07-01,0.3700000047683716,0.3400000035762787,11.880000114440918,6.983484188195458e-05,0.06609904385225178,1.0492897915932662,470190.1212121212,Close
RVSB,7942,1993-12-10,2025-07-01,5.679999828338623,0.832280695438385,12.77549934387207,0.0005672026295812711,0.027650825924629203,0.4389432536526389,27084.410224124906,Close
RVT,9694,1987-01-08,2025-07-01,15.270000457763672,0.3027456998825073,16.023216247558594,0.0004636174389347375,0.014861524221264482,0.23591938315697203,140165.65112440684,Close
RVTY,13169,1973-04-09,2025-07-01,99.02999877929688,0.2431911528110504,199.4429168701172,0.0006688410625967267,0.02297637142840654,0.3647385889812816,566584.5546358873,Close
RVYL,3802,2010-05-20,2025-07-01,0.8999999761581421,0.3799999952316284,199.0,0.011149082404135025,0.17581084301371527,2.790910610417449,203528.13492898474,Close
RWAY,893,2021-12-08,2025-07-01,10.65999984741211,7.190655708312988,11.291167259216309,0.0004607774154110954,0.017983753572924532,0.2854832375605656,210845.35274356103,Close
RWT,7493,1995-09-21,2025-07-01,6.039999961853027,0.9682722687721252,13.996362686157228,0.0005633720757044327,0.02804676509682799,0.4452285931563196,615027.0118777526,Close
RXRX,1024,2021-06-03,2025-07-01,5.130000114440918,3.9700000286102295,41.33000183105469,0.00010005736142208786,0.06171021177579462,0.9796192422712929,5904181.54296875,Close
RXST,951,2021-09-16,2025-07-01,13.119999885559082,8.970000267028809,64.29000091552734,0.0008587807290760831,0.04081687278237813,0.6479477680652013,377475.70977917983,Close
RXT,1199,2020-09-22,2025-07-01,1.2799999713897705,1.0299999713897705,26.06999969482422,-0.0009425297464804737,0.051170397284037286,0.8123048742116258,1372180.7339449541,Close
RY,7443,1995-12-01,2025-07-01,132.25999450683594,1.8305209875106807,132.25999450683594,0.0006857254844712907,0.015276461525209421,0.2425063086525036,654110.0362756953,Close
RYAAY,7034,1997-07-16,2025-07-01,57.68000030517578,1.0508520603179932,58.24847412109375,0.0008438680363938255,0.024644943776325243,0.3912263538439538,1453038.631077623,Close
RYAM,2745,2014-08-01,2025-07-01,4.0,0.9700000286102296,30.57821083068848,0.0003848419317600935,0.046604618759698596,0.7398253871108279,670680.4735883424,Close
RYAN,957,2021-09-08,2025-07-01,67.62000274658203,30.842241287231445,75.7981948852539,0.0009195888672183252,0.020548827069294173,0.3262025169565477,737723.7199582027,Close
RYI,2707,2014-09-25,2025-07-01,22.51000022888184,2.3903043270111084,41.47271728515625,0.0010674233773938456,0.04131092968395507,0.6557906782357275,238471.8876985593,Close
RYN,7861,1994-04-07,2025-07-01,22.770000457763672,1.4480234384536743,37.781494140625,0.000516411371119761,0.018771021706823106,0.29798073174509476,840248.7579188398,Close
RYTM,1909,2017-11-24,2025-07-01,65.44000244140625,3.119999885559082,68.11000061035156,0.0014250642585624685,0.04534419412438746,0.7198167663225926,490311.8910424306,Close
RZB,2243,2016-07-29,2025-07-01,24.670000076293945,11.48188591003418,24.700000762939453,0.0002323614635524503,0.012089835686727035,0.19192019171228117,33518.23450735622,Close
RZLT,3102,2013-03-04,2025-07-01,4.420000076293945,0.7379999756813049,495.0,0.003075828654366202,0.10540695646431461,1.6732835595647317,86920.04706640876,Close
RZLV,879,2021-12-29,2025-07-01,2.880000114440918,1.1299999952316284,13.859999656677246,0.00012715393553513685,0.05746350313064623,0.9122048324776288,1406000.2275312855,Close
S,972,2021-08-17,2025-07-01,18.18000030517578,12.770000457763672,76.30000305175781,-0.00012656562034831165,0.04194880034286776,0.6659165610283748,5087065.740740741,Close
SA,5301,2004-06-07,2025-07-01,14.710000038146973,1.909999966621399,38.720001220703125,0.0009574630492244506,0.036777489181436564,0.5838245413166976,416426.69307677797,Close
SABA,9360,1988-05-04,2025-07-01,9.210000038146973,0.8090364336967468,9.210000038146973,0.0003131866912428258,0.011263266029088701,0.1787988051799842,142820.38995726497,Close
SABR,2785,2014-06-05,2025-07-01,3.309999942779541,1.899999976158142,26.65971946716309,0.00014323777030612121,0.03807856493348967,0.6044784785774306,4395055.691202872,Close
SABS,1070,2021-03-29,2025-07-01,1.7599999904632568,1.1100000143051147,112.4000015258789,-0.0013157996948953187,0.07205641768958951,1.1438601694370953,33643.299065420564,Close
SACH,2075,2017-03-30,2025-07-01,1.1399999856948853,0.6709100008010864,4.133996963500977,0.00022335266493464634,0.03144432396320605,0.49916316810715283,202867.9518072289,Close
SAFE,8937,1990-01-05,2025-07-01,15.850000381469728,-29.81376838684082,149.01171875,0.000789016183696107,0.0437596919648252,0.6946635743263135,143882.2689940696,Close
SAFT,5653,2003-01-13,2025-07-01,79.05000305175781,5.320075988769531,86.97713470458984,0.0006146119030198689,0.017221087208577242,0.27337628436030537,61105.64302140456,Close
SAGE,2722,2014-09-04,2025-07-01,9.079999923706056,4.78000020980835,192.3300018310547,0.0006155798818069773,0.04537788258861985,0.7203515541130562,704118.0749448935,Close
SAH,6917,1997-12-31,2025-07-01,82.7300033569336,0.7940913438796997,82.7300033569336,0.00108317582533862,0.035822064641699444,0.568657646944901,364019.6617030504,Close
SAIA,5705,2002-10-28,2025-07-01,285.9700012207031,4.679999828338623,605.9199829101562,0.0011279738881722651,0.02997611632436944,0.4758560943949508,248610.23663453112,Close
SAIC,2933,2013-10-31,2025-07-01,115.75,25.101917266845703,153.09568786621094,0.0006614557649508501,0.019587757223406038,0.31094600612784856,364893.4197067849,Close
SAIH,974,2021-08-13,2025-07-01,8.329999923706055,3.4200000762939453,158.77499389648438,0.0014265998945999273,0.10911853359294371,1.7322030198898584,22153.591375770022,Close
SAM,7417,1996-01-10,2025-07-01,199.63999938964844,6.75,1306.449951171875,0.0005746907428437993,0.0241082913831104,0.3827072612063491,106232.06148038291,Close
SAMG,2988,2013-08-14,2025-07-01,16.440000534057617,5.820890426635742,20.38546562194824,0.0005290949034681107,0.025213047832879403,0.40024472615864953,26285.9437751004,Close
SAN,9520,1987-09-16,2025-07-01,8.270000457763672,0.439431369304657,8.319999694824219,0.0005311579692228693,0.0227513899626382,0.3611671189331507,3080100.2584033613,Close
SANA,1073,2021-03-24,2025-07-01,2.8299999237060547,1.340000033378601,33.470001220703125,2.7442980141971182e-05,0.0763443038861703,1.2119282525948918,1874680.4287045666,Close
SAND,3831,2010-04-09,2025-07-01,9.359999656677246,1.9620600938797,14.63774585723877,0.0007322755824237563,0.03269715975745112,0.5190513197781881,1462738.882798225,Close
SANG,3831,2010-04-09,2025-07-01,6.0,0.1700000017881393,18.799999237060547,0.0019784220083667635,0.08250383603477972,1.3097077941412587,7133.516053249804,Close
SANM,8077,1993-06-01,2025-07-01,98.48999786376952,1.2000000476837158,354.0,0.0010703814871914714,0.03805612581162505,0.6041222685608759,743974.320044571,Close
SANW,3753,2010-07-30,2025-07-01,2.130000114440918,2.130000114440918,210.8999938964844,1.742958332490496e-05,0.0430819046361545,0.6839040340455926,4676.535571542766,Close
SAP,7463,1995-11-02,2025-07-01,300.67999267578125,7.096765041351318,309.79998779296875,0.0007570128683133813,0.0241549366582199,0.3834477319930047,1193138.282192148,Close
SAR,4563,2007-05-14,2025-07-01,25.100000381469727,1.9827064275741575,25.100000381469727,0.0004956859909897317,0.030133475846661987,0.4783540993694348,32928.65220249836,Close
SATL,1038,2021-05-13,2025-07-01,3.470000028610229,0.6899999976158142,12.329999923706056,0.0009415704761292121,0.06387639084728847,1.0140062689817262,244167.34104046243,Close
SATS,4369,2008-02-20,2025-07-01,28.36000061035156,9.68000030517578,50.44570541381836,0.00031068918148064524,0.02594977233361956,0.41193986504100955,482892.2185854887,Close
SAVA,6245,2000-08-30,2025-07-01,1.850000023841858,0.7699999809265137,135.3000030517578,0.0016377359677500819,0.06906196803259305,1.0963247548016035,766098.8720576462,Close
SB,4266,2008-07-17,2025-07-01,3.640000104904175,0.2542246580123901,9.819089889526367,0.0005646457131502369,0.039979495951497204,0.6346548229762513,478552.50820440694,Close
SBAC,6518,1999-08-03,2025-07-01,238.7400054931641,0.1866818070411682,369.317626953125,0.0011130489952999557,0.03574678005003438,0.5674625411022961,1058700.9051856399,Close
SBCF,10401,1984-03-21,2025-07-01,28.59000015258789,3.887550592422485,131.3734130859375,0.0005159155192131451,0.026490501023665434,0.4205236668847242,92123.4868762619,Close
SBET,7039,1997-07-09,2025-07-01,9.350000381469728,2.5199999809265137,24480.0,0.0017135831630850833,0.08917113919747378,1.4155479506450364,53403.45546242364,Close
SBEV,1577,2019-03-25,2025-07-01,3.4200000762939453,1.2300000190734863,780.0,0.0033183945034551943,0.10578845497365613,1.6793396606522888,87047.4286620165,Close
SBFG,6631,1999-02-22,2025-07-01,19.0,1.743161678314209,23.81234741210937,0.00039489423856713227,0.02433427952515463,0.3862947117449405,6321.149298748303,Close
SBFM,813,2022-04-04,2025-07-01,1.4500000476837158,1.2200000286102295,19300.0,-0.0050069403595739,0.1058309163753449,1.680013714507415,199994.23616236163,Close
SBGI,7534,1995-07-25,2025-07-01,14.050000190734863,0.455754816532135,46.06816864013672,0.0007297319092302537,0.03494758384534328,0.5547756946641401,726230.4486328644,Close
SBH,4649,2007-01-09,2025-07-01,9.84000015258789,2.700000047683716,34.880001068115234,0.0005001263931128409,0.030078557188158484,0.47748229269300946,1515120.369972037,Close
SBI,8377,1992-03-24,2025-07-01,7.579999923706055,1.7429003715515137,8.325037956237793,0.00021675498453797466,0.009476486576272772,0.15043456070075809,22495.66670645816,Close
SBLK,4389,2008-01-22,2025-07-01,17.3799991607666,1.0257259607315063,402.1871032714844,0.0001224777037855983,0.038550833475546005,0.6119755092633513,606265.9059011164,Close
SBR,10676,1983-02-17,2025-07-01,66.44999694824219,0.1984213441610336,72.87621307373047,0.0006409091168417448,0.018173688168185643,0.28849835578713723,23060.406519295615,Close
SBRA,5818,2002-05-17,2025-07-01,18.299999237060547,0.1014439314603805,18.677600860595703,0.0008764658834786739,0.04548188059735898,0.7220024713208741,862804.687005844,Close
SBS,5790,2002-06-27,2025-07-01,22.100000381469727,0.3475543558597564,22.100000381469727,0.001019027833626596,0.028493100647242964,0.4523139503624305,1733158.6183074266,Close
SBSI,6793,1998-06-30,2025-07-01,30.5,1.5639779567718506,38.32467651367188,0.0006242402984981466,0.02176621121149546,0.3455278910983374,72237.71029000441,Close
SBSW,3083,2013-04-01,2025-07-01,7.28000020980835,1.639499306678772,18.202733993530277,0.0010221291048336848,0.03992033183263097,0.6337156217059013,3353342.3107362958,Close
SBUX,8278,1992-08-13,2025-07-01,94.91999816894533,0.283939778804779,115.14048767089844,0.0009710296449002529,0.023673850337339486,0.3758107234077771,14561304.940806959,Close
SCCC,1174,2020-10-27,2025-07-01,25.0,17.4587345123291,25.0,0.0003123000127429293,0.005139720527092787,0.08159053393836799,6185.008517887564,Close
SCCD,850,2022-02-09,2025-07-01,21.739999771118164,16.961179733276367,22.52741050720215,5.58689158905081e-05,0.01070335759161382,0.16991053428483244,5239.411764705882,Close
SCCO,7387,1996-02-22,2025-07-01,102.0999984741211,0.6398787498474121,123.30029296875,0.0009235516636286119,0.025779159335526006,0.4092314676606655,1979995.1003113578,Close
SCD,5339,2004-04-13,2025-07-01,15.729999542236328,1.49919331073761,16.94870376586914,0.0004115947104727358,0.014442821433732269,0.22927268246261354,64993.27589436224,Close
SCE,3333,2002-11-08,2017-07-25,4.139999866485596,0.1500000059604644,84.7490005493164,0.005025201604345724,0.12742810340687058,2.0228584299312122,10230.21902190219,Close
SCHL,8364,1992-04-10,2025-07-01,21.709999084472656,7.027544975280762,44.15057373046875,0.0003534645340219753,0.022842833562931122,0.3626187410853315,229983.05834528935,Close
SCHW,9483,1987-11-06,2025-07-01,91.16999816894533,0.0870887786149978,91.23999786376952,0.001084075065788945,0.027683478622146714,0.43946159915623945,7183387.362227144,Close
SCI,11383,1980-05-02,2025-07-01,82.16000366210938,0.2088969647884369,87.58126831054688,0.0008209146339079534,0.02430899417403811,0.38589331923973696,828562.5207765967,Close
SCKT,6554,1999-06-11,2025-07-01,1.1399999856948853,0.7300000190734863,497.5,0.0020291180731032343,0.09074319274892848,1.4405035271139863,131549.96338114128,Close
SCL,13169,1973-04-09,2025-07-01,57.20000076293945,0.2876917719841003,128.8273162841797,0.0005375950754991849,0.019154209633563644,0.30406365150244213,41498.595185663304,Close
SCLX,1053,2021-04-22,2025-07-01,6.039999961853027,3.990000009536743,518.0,-0.0015789867619498995,0.0672501939568285,1.0675637329837622,24789.2383665717,Close
SCM,3146,2012-12-27,2025-07-01,14.010000228881836,2.849696397781372,14.90837574005127,0.0006256867430831539,0.02146285290725727,0.3407122273113743,91651.97679593135,Close
SCNI,2518,2015-06-26,2025-07-01,2.490000009536743,1.919999957084656,5110.0,-0.0001332329236709881,0.05920366683421505,0.9398290748787342,39981.860603653695,Close
SCNX,2790,2014-05-29,2025-07-01,1.2899999618530271,0.7820000052452087,74.38240051269531,0.005802108718156817,0.13899391759641455,2.206460038264305,112172.24372759857,Close
SCOR,4499,2007-08-14,2025-07-01,5.070000171661377,4.599999904632568,1292.800048828125,-0.000192308575946047,0.039923356572963094,0.6337636379700975,17005.293398533006,Close
SCPH,1880,2018-01-08,2025-07-01,3.920000076293945,2.015000104904175,17.31999969482422,0.0005711716208537113,0.04832154942851989,0.7670808165190736,183202.18085106384,Close
SCS,6852,1998-04-06,2025-07-01,11.020000457763672,2.206307411193848,17.844158172607422,0.0002866356901720656,0.025443671830537976,0.4039057686236583,530132.0490367776,Close
SCSC,7841,1994-05-06,2025-07-01,42.41999816894531,1.84375,53.11000061035156,0.0007381180580923472,0.02727667317568494,0.4330037628962927,165644.50962887387,Close
SCVL,8097,1993-05-03,2025-07-01,20.350000381469727,0.7790325284004211,45.12612533569336,0.000825757872713621,0.03436744676328388,0.5455663039914052,248447.72137828826,Close
SCWO,7294,1996-07-05,2025-07-01,0.2300000041723251,0.0099999997764825,107.29166412353516,0.006220713616344027,0.12673690542242239,2.0118860020898586,33488.73594735399,Close
SCYX,2775,2014-06-19,2025-07-01,0.7009999752044678,0.675000011920929,145.0,-0.0005678609333271002,0.05004592897793193,0.7944544932408528,174384.5009009009,Close
SD,2164,2016-11-18,2025-07-01,10.829999923706056,0.5854135155677795,21.068946838378903,0.0006641396175336976,0.04323844988749508,0.6863891128694444,449446.8576709797,Close
SDA,1024,2021-06-03,2025-07-01,2.549999952316284,2.5,43.310001373291016,0.0010762964673923356,0.0737244057906958,1.1703386596691479,285683.7890625,Close
SDGR,1324,2020-03-25,2025-07-01,20.61000061035156,16.239999771118164,113.08999633789062,0.0004000049956456123,0.04311229603192194,0.6843864824967734,874958.3836858006,Close
SDHY,1120,2021-01-14,2025-07-01,16.899999618530273,11.147619247436523,16.899999618530273,0.0002192106475394712,0.0073169607125133295,0.11615315038884146,75737.67857142857,Close
SDOT,1319,2020-04-01,2025-07-01,1.409999966621399,1.1299999952316284,33.20000076293945,-0.0001997586764650405,0.05862020140453862,0.9305668483255706,68705.17816527672,Close
SDST,1053,2021-04-22,2025-07-01,0.1949999928474426,0.1809999942779541,24.46999931335449,-0.0021217677902620148,0.062011231096096,0.9843977758393518,194180.43684710353,Close
SE,1900,2017-12-07,2025-07-01,150.5,10.34000015258789,366.989990234375,0.0021223620976427264,0.04014559075713484,0.6372914962749121,4695483.2105263155,Close
SEAT,894,2021-12-07,2025-07-01,1.8899999856948853,1.4800000190734863,12.3100004196167,-0.0010858594830443523,0.03946092868442985,0.6264228228159395,961119.4630872483,Close
SEATW,1095,2021-02-22,2025-07-01,0.1400000005960464,0.1400000005960464,3.809999942779541,0.0015986906368407174,0.09103090670144055,1.4450708445164087,34177.35159817352,Close
SEB,13168,1973-04-10,2025-07-01,2915.52001953125,4.326840400695801,4623.44873046875,0.0006970282254140973,0.022059214125429355,0.3501791681604555,1514.687120291616,Close
SEDG,2549,2015-05-13,2025-07-01,21.86000061035156,10.46500015258789,368.3299865722656,0.0008306504821072329,0.04475170112291417,0.7104112315099252,1519763.8681836014,Close
SEE,11383,1980-05-02,2025-07-01,32.0,0.1653715372085571,65.61795806884766,0.0006974771108225266,0.021580719269195758,0.3425832978011493,1083323.9479926205,Close
SEED,5316,2004-05-14,2025-07-01,0.9800000190734864,0.9800000190734864,175.60000610351562,0.0006451798646436012,0.05482404459518183,0.8703047271933955,65280.722347629795,Close
SEER,1114,2021-01-25,2025-07-01,2.190000057220459,1.4700000286102295,81.3499984741211,-0.0018882014047256705,0.05111512867688197,0.8114275122725744,395481.23877917416,Close
SEI,2012,2017-06-29,2025-07-01,29.07999992370605,3.6046462059021,35.60308837890625,0.0013440384274448559,0.038314139786383206,0.6082181134328122,430951.73956262425,Close
SEIC,11125,1981-05-12,2025-07-01,91.5,0.1467698067426681,91.5,0.0008118142619754686,0.022647477256483972,0.3595175558618878,825883.379775281,Close
SELF,7110,1997-03-27,2025-07-01,5.329999923706055,0.693114161491394,5.684645175933838,0.00041342584445851243,0.017882872614355217,0.2838818019901883,16870.562587904362,Close
SEM,3932,2009-11-11,2025-07-01,15.25,2.755225658416748,22.38054847717285,0.0006429394759348139,0.026226839676207075,0.41633817275043417,1220465.05595117,Close
SEMR,1040,2021-05-11,2025-07-01,9.050000190734863,7.239999771118164,31.31999969482422,3.4265556197853045e-05,0.03721815774979247,0.5908199379715332,410229.8076923077,Close
SENEA,6779,1998-07-21,2025-07-01,103.7300033569336,10.25,103.7300033569336,0.0006242485932824764,0.025486622177697708,0.4045875842475095,20211.786399173918,Close
SENEB,11383,1980-05-02,2025-07-01,102.5,1.046875,102.5,0.0006722178886164185,0.023372969050114843,0.3710343810468807,2047.447948695423,Close
SENS,2361,2016-02-10,2025-07-01,0.4760000109672546,0.2540000081062317,5.269999980926514,0.0007722241034072736,0.059101736349790254,0.938210978601908,5587782.549767048,Close
SER,1621,2019-01-18,2025-07-01,6.019999980926514,4.110000133514404,175.7142791748047,0.0006379057567503703,0.08221248864194529,1.305082797661857,12866.42936458976,Close
SERA,962,2021-08-31,2025-07-01,2.5899999141693115,1.159999966621399,11.6899995803833,0.0013868655370096218,0.08699634244531274,1.3810241224950617,287390.9563409563,Close
SES,1057,2021-04-16,2025-07-01,0.8600000143051147,0.270000010728836,11.140000343322754,-5.877665328786573e-05,0.07172926816284392,1.1386668317012874,3709387.6064333017,Close
SEVN,4771,2006-07-14,2025-07-01,12.170000076293944,2.0267481803894043,13.736029624938965,0.00033090305923933437,0.01930506352643867,0.30645838281156196,30581.059735904422,Close
SF,10539,1983-09-02,2025-07-01,105.26000213623048,0.4192934036254883,116.51890563964844,0.0007070878663363726,0.02445697178126408,0.3882423909296948,321620.66571781004,Close
SFBC,4364,2008-02-27,2025-07-01,47.0,3.1123409271240234,55.283992767333984,0.0006734343800455349,0.022133144734331353,0.3513527801930371,2080.9349220898257,Close
SFBS,2767,2014-07-01,2025-07-01,80.12999725341797,12.201292037963867,98.20870208740234,0.0009083808516467656,0.021817832778562654,0.34634735807082084,181525.1535959523,Close
SFIX,1880,2018-01-08,2025-07-01,3.869999885559082,2.0999999046325684,106.41000366210938,0.0004331338270043681,0.05354277527677301,0.8499652073193537,2577834.0425531915,Close
SFL,5261,2004-08-04,2025-07-01,8.399999618530273,0.9039250016212464,13.15975570678711,0.0005970514149214336,0.02527759315047877,0.40126935131061914,660564.1322942406,Close
SFM,2964,2013-09-18,2025-07-01,162.10000610351562,13.31999969482422,179.52999877929688,0.0007408137688068488,0.022927594922657054,0.36396428595706654,1882042.5101214575,Close
SFNC,10120,1985-05-01,2025-07-01,19.700000762939453,0.3765924274921417,28.05693626403809,0.0005478110368277008,0.02182436534709145,0.346451059381319,149661.9861660079,Close
SFST,6424,1999-12-15,2025-07-01,39.09999847412109,3.187396049499512,65.0199966430664,0.0007057211169094284,0.027390621130003043,0.4348126305934742,9067.179638854297,Close
SG,873,2022-01-06,2025-07-01,14.550000190734863,6.309999942779541,43.970001220703125,0.0005205444058462147,0.04942488696805264,0.7845957569696669,2334170.7903780066,Close
SGA,8107,1993-04-19,2025-07-01,13.0,1.0208559036254885,32.32709884643555,0.0004522364044142915,0.027167940466611758,0.4312776846507768,10045.287652645862,Close
SGBX,1984,2017-08-09,2025-07-01,0.6320000290870667,0.3379999995231628,1194.5616455078125,0.000553456110298632,0.11549111043181015,1.8333645410476027,489385.8361895161,Close
SGC,13169,1973-04-09,2025-07-01,10.739999771118164,0.0497792176902294,23.800092697143555,0.0006200691409686457,0.025279071473061288,0.40129281895408436,22716.014883438376,Close
SGHC,1122,2021-01-12,2025-07-01,10.90999984741211,2.493704319000244,11.583961486816406,0.0007166071875732747,0.035318113692570256,0.5606576736386761,566596.7023172906,Close
SGHT,962,2021-08-31,2025-07-01,4.070000171661377,1.2899999618530271,33.41999816894531,-0.00020402727359613201,0.05885439751343973,0.9342845962985985,244993.03534303536,Close
SGI,5384,2004-02-06,2025-07-01,69.69000244140625,0.9370589852333068,69.69000244140625,0.0010953910890098043,0.03282084322021989,0.521014733880853,4517313.410104012,Close
SGLY,4272,2008-07-09,2025-07-01,0.9700000286102296,0.6200000047683716,408.5,0.00153911723703315,0.08335423776601288,1.323207503113309,54561.61844569288,Close
SGMA,7867,1994-03-29,2025-07-01,2.970000028610229,0.6299999952316284,32.779998779296875,0.0012844685850945039,0.058614977007519914,0.930483913594,45763.18800050845,Close
SGML,1725,2018-08-20,2025-07-01,4.349999904632568,1.059999942779541,42.400001525878906,0.0013817840424263908,0.039108755754403056,0.6208322508679005,421091.768115942,Close
SGMO,6313,2000-05-24,2025-07-01,0.5400000214576721,0.3000000119209289,49.625,0.0011065215217742998,0.05537303665794373,0.8790197060122935,1158326.4216695707,Close
SGRP,7348,1996-04-18,2025-07-01,0.9800000190734864,0.21875,28.375,0.0020237621269909097,0.07650847132127443,1.2145343298348568,58545.87642896026,Close
SGRY,2419,2015-11-16,2025-07-01,22.549999237060547,4.679999828338623,67.05000305175781,0.0009230571867505051,0.041486799598723686,0.6585825265811828,543610.5828854899,Close
SGU,7400,1996-02-02,2025-07-01,11.829999923706056,0.4036990702152252,13.443779945373535,0.0005642344562562508,0.02585507876699519,0.4104366512727347,98718.63513513513,Close
SHAK,2587,2015-03-19,2025-07-01,138.3800048828125,30.600000381469727,140.60000610351562,0.0009478167219393664,0.03267289177171518,0.5186660774477215,952024.3911867028,Close
SHBI,6060,2001-05-25,2025-07-01,16.25,3.033311128616333,20.99462890625,0.0004705818681322802,0.026308778738651995,0.41763891504178047,28155.511551155116,Close
SHC,1123,2021-01-11,2025-07-01,11.449999809265137,5.949999809265137,28.979999542236328,3.8984890133931636e-05,0.04239154912391973,0.6729449800360178,1223318.4327693677,Close
SHCO,962,2021-08-31,2025-07-01,7.650000095367432,3.200000047683716,14.109999656677246,0.0008284758552825433,0.049393247299328556,0.7840934927996165,292643.24324324325,Close
SHEL,10372,1984-05-02,2025-07-01,71.19000244140625,0.3766548037528991,72.54000091552734,0.0009534187956241869,0.030442212812019174,0.48325514675464204,5799684.535769379,Close
SHEN,6554,1999-06-11,2025-07-01,14.010000228881836,0.8230261206626892,37.79777145385742,0.0008391108349689037,0.02956512947231671,0.4693318803790578,127145.3005797986,Close
SHFS,936,2021-10-07,2025-07-01,2.180000066757202,1.919999957084656,228.3999938964844,-0.0025590679664668557,0.07159193113367082,1.1364866739513328,59071.169871794875,Close
SHG,5449,2003-11-03,2025-07-01,45.650001525878906,12.184670448303224,71.18702697753906,0.0005358770631046398,0.024914831159890183,0.3955106832373942,102981.18920902918,Close
SHIP,4350,2008-03-18,2025-07-01,6.269999980926514,3.003530740737915,1351588.75,-0.000897762580030858,0.06273292567228991,0.9958543220662713,133752.87977011493,Close
SHLS,1078,2021-03-17,2025-07-01,5.264999866485596,2.809999942779541,37.4900016784668,-0.0006646953646233379,0.04852218246615399,0.7702657672532532,3496324.9536178107,Close
SHO,5173,2004-12-08,2025-07-01,8.84000015258789,1.2860207557678225,14.499732971191406,0.00043712258075329617,0.029290662464219956,0.46497485169996206,1784666.7311038082,Close
SHOO,7908,1994-01-28,2025-07-01,25.200000762939453,0.1889125108718872,48.68868637084961,0.001036738025167129,0.033679830373309246,0.5346507321996957,1032419.3937784522,Close
SHOP,2511,2015-07-08,2025-07-01,112.66999816894533,1.932999968528748,169.05999755859375,0.0021227073367497524,0.03719934983749229,0.5905213716197736,16529638.868976504,Close
SHOT,1138,2020-12-17,2025-07-01,0.4329999983310699,0.2409999966621399,7.980000019073486,0.0002046257163802401,0.06989989343443834,1.1096264081846425,1153897.978910369,Close
SHW,11383,1980-05-02,2025-07-01,355.29998779296875,0.147828459739685,397.9666442871094,0.0008438607883885203,0.018220854139130205,0.2892470923639225,1934255.495036458,Close
SHYF,10306,1984-08-06,2025-07-01,12.539999961853027,0.1229828596115112,51.90567779541016,0.0010745537314706133,0.03758560006238901,0.5966529038532905,195916.02765379392,Close
SIBN,1651,2018-12-04,2025-07-01,18.309999465942383,8.359999656677246,35.959999084472656,0.000541332300763837,0.034800646688496285,0.5524431396119079,288852.57419745607,Close
SID,7166,1997-01-07,2025-07-01,1.399999976158142,0.0382279753684997,9.938426971435549,0.001046844930736392,0.03674351191136452,0.5832851688756605,3791159.656712252,Close
SIDU,856,2022-02-01,2025-07-01,1.7799999713897705,1.1699999570846558,1189.0,-0.00021500820031710214,0.15099980426675455,2.3970475806555744,897793.6530373832,Close
SIEB,11382,1980-05-05,2025-07-01,4.28000020980835,0.1410209834575653,40.6059684753418,0.0013180381358376702,0.048692037091727744,0.7729621258430661,31486.118432612897,Close
SIF,13169,1973-04-09,2025-07-01,3.799999952316284,1.1598891019821167,35.61077117919922,0.0006054251549542597,0.033833973239206595,0.5370976743369308,10279.38909560331,Close
SIFY,6431,1999-12-06,2025-07-01,4.610000133514404,1.919999957084656,2426.031005859375,0.0009909539727247002,0.06599457934142826,1.0476314688944397,57383.453117711084,Close
SIG,9278,1988-08-30,2025-07-01,83.91999816894531,1.5166656970977783,126.1141357421875,0.001114673994994273,0.04629055879331515,0.7348398397039565,536045.9646475534,Close
SIGA,6962,1997-10-27,2025-07-01,6.489999771118164,0.2270001918077469,20.37778663635254,0.001796206825213612,0.06131809402113873,0.9733945658904579,444804.2660155128,Close
SIGI,11383,1980-05-02,2025-07-01,87.16000366210938,0.3224359154701233,106.95689392089844,0.0006983790407832028,0.020013226779546565,0.3177001259437098,183913.44988140208,Close
SIGIP,1115,2021-01-22,2025-07-01,16.780000686645508,13.454498291015623,20.744718551635746,-5.842410776190968e-05,0.010678124072193543,0.1695099645822986,8941.165919282512,Close
SII,3831,2010-04-09,2025-07-01,68.31999969482422,8.846065521240234,69.08999633789062,0.0005912257322294615,0.02636165228020404,0.4184782564930722,38688.89323936309,Close
SILC,7860,1994-04-08,2025-07-01,15.43000030517578,0.2444894611835479,76.79000091552734,0.0014511821376864118,0.052378489968296846,0.8314827510312294,32382.15012722646,Close
SILO,1091,2021-02-26,2025-07-01,0.6140000224113464,0.1700000017881393,16.75,0.03703753761937182,1.2635743274693054,20.05862060117684,639805.9468377635,Close
SIM,8022,1993-08-18,2025-07-01,28.299999237060547,0.7464609742164612,37.0,0.0009245182863096589,0.04154604510982299,0.6595230199131767,38080.96484667165,Close
SIMO,4999,2005-08-17,2025-07-01,74.29000091552734,1.365322232246399,88.67547607421875,0.0010089140432845674,0.03341244325738766,0.5304060933246278,460796.9193838768,Close
SINT,2829,2014-04-02,2025-07-01,3.190000057220459,1.7300000190734863,68760000.0,0.0009103363893884908,0.22507566456598058,3.572965407685063,90387.42099681866,Close
SIRI,7719,1994-10-28,2025-07-01,23.6299991607666,0.5239791870117188,580.7435913085938,0.0011036778268014571,0.049504215738367295,0.7858550621580577,3070244.886643348,Close
SISI,2168,2016-11-14,2025-07-01,0.202000007033348,0.1930000036954879,12096.0,-0.0019820139996304794,0.07754176687018827,1.2309373881543928,81338.53367158672,Close
SITC,8126,1993-03-22,2025-07-01,11.479999542236328,5.779738903045654,278.6657409667969,0.00032654028898833473,0.029154333420015045,0.4628106952153141,323321.7607679055,Close
SITE,2264,2016-06-29,2025-07-01,126.2699966430664,29.81999969482422,251.6999969482422,0.0009198408344296959,0.026370796072663055,0.4186234096983914,360149.69081272086,Close
SITM,1376,2020-01-09,2025-07-01,206.1499938964844,16.799999237060547,334.9800109863281,0.002859232200947848,0.04992861634613217,0.7925922129445208,229673.90988372092,Close
SJ,1556,2019-04-24,2025-07-01,0.8619999885559082,0.6990000009536743,12.489999771118164,0.00020120418107326702,0.05752770699460815,0.9132240372211449,161290.80976863753,Close
SJM,7685,1994-12-16,2025-07-01,102.9499969482422,7.146180152893066,149.0557098388672,0.000405444303498469,0.015752141985452092,0.25005750186051273,586437.3454782043,Close
SJT,11228,1980-12-12,2025-07-01,6.179999828338623,0.3147058486938476,14.36799430847168,0.00046282796553519874,0.023843157537569538,0.3784983918896651,150391.78838617742,Close
SKE,5846,2002-04-09,2025-07-01,15.579999923706056,0.1800000071525573,182.0,0.0034081012700296186,0.13132132928818244,2.084661474809721,30784.68970236059,Close
SKIL,1458,2019-09-12,2025-07-01,16.40999984741211,5.340000152587891,256.3999938964844,-0.0007434315175531141,0.04412538666325974,0.7004687976933088,33460.631001371745,Close
SKIN,1121,2021-01-13,2025-07-01,2.1600000858306885,0.8209999799728394,29.489999771118164,0.00031095173041281824,0.05754367440861535,0.9134775120604081,1948659.3220338982,Close
SKLZ,1269,2020-06-12,2025-07-01,7.039999961853027,3.700000047683716,874.4000244140625,-0.001154720392921272,0.0556360616832421,0.8831950988454494,379887.2379826635,Close
SKM,7266,1996-08-14,2025-07-01,23.68000030517578,5.969844341278076,71.71060180664062,0.00035351814025032203,0.02563405274151002,0.406927971892494,514596.73176438204,Close
SKT,8045,1993-07-16,2025-07-01,30.959999084472656,0.8951385617256165,36.450286865234375,0.0006281940628096273,0.020709617462779304,0.3287549853227669,781709.782473586,Close
SKX,6523,1999-07-27,2025-07-01,63.119998931884766,1.1041669845581057,78.23999786376953,0.001102151613756752,0.033951079651130714,0.5389566809942246,2052226.2915836272,Close
SKY,13119,1973-06-20,2025-07-01,66.11000061035156,2.3985300064086914,108.91999816894533,0.0005912005463942104,0.028617083575130327,0.45428211832647614,92660.00457351933,Close
SKYE,2604,2015-02-24,2025-07-01,3.740000009536743,1.2000000476837158,1387.5,0.001661528624654957,0.09039643271477511,1.4349988822240698,54871.86827956989,Close
SKYH,1112,2021-01-27,2025-07-01,9.649999618530272,2.539999961853028,35.720001220703125,0.0012623452576382757,0.052901059514926255,0.8397782854099325,190325.80935251797,Close
SKYT,1021,2021-06-08,2025-07-01,9.949999809265137,4.559999942779541,34.349998474121094,0.0008534046909802048,0.060555438080594326,0.9612877781629385,398583.7414299706,Close
SKYW,9796,1986-08-13,2025-07-01,104.0999984741211,0.4534776210784912,120.91999816894533,0.0010369664404840289,0.034065113819360275,0.5407669172948217,407028.6341363822,Close
SKYX,816,2022-03-30,2025-07-01,1.0499999523162842,0.7649999856948853,13.350000381469728,-0.000679094555416192,0.07016728427887906,1.1138711062481166,346940.8088235294,Close
SLAB,6322,2000-05-11,2025-07-01,148.86000061035156,10.5,210.1000061035156,0.0006155991773926434,0.032319365865621216,0.513054027670461,635976.9693135084,Close
SLB,10930,1982-02-18,2025-07-01,35.20000076293945,2.859480142593384,87.2602767944336,0.000449585201136551,0.022741626053738997,0.3610121216845236,6787831.564501372,Close
SLDB,1834,2018-03-15,2025-07-01,4.599999904632568,1.8899999856948853,775.5,0.0003344664004368609,0.07091105960160146,1.1256781734594985,250454.62104689205,Close
SLDP,1002,2021-07-06,2025-07-01,2.200000047683716,0.9269999861717224,14.170000076293944,-0.0003348932471060781,0.049456369288499905,0.785095523313259,2306150.598802395,Close
SLE,1563,2019-04-12,2025-07-01,5.239999771118164,4.190000057220459,8112.0,-0.0014161778823719399,0.07855711436046123,1.2470555298758477,9036.669225847729,Close
SLF,6323,2000-05-10,2025-07-01,66.41000366210938,4.809689998626709,66.44999694824219,0.0005926454684095298,0.01885676121391297,0.29934180422485296,431679.59829195,Close
SLG,6979,1997-10-02,2025-07-01,62.41999816894531,4.637004852294922,79.2750244140625,0.0006567409686595806,0.027064066196805212,0.42962873173761756,773715.1993122224,Close
SLGL,1830,2018-03-21,2025-07-01,7.329999923706055,3.660000085830689,171.5,0.0007631648867008283,0.08601456568186808,1.365438899540723,6762.617486338798,Close
SLGN,7105,1997-04-04,2025-07-01,55.84000015258789,0.5407673716545105,56.90147399902344,0.0006877646260514609,0.022103888505305175,0.3508883519552202,585702.5897255454,Close
SLI,1808,2018-04-23,2025-07-01,2.0299999713897705,0.3179999887943268,12.369999885559082,0.0017278246797923775,0.054132714657332784,0.8593302046567416,810734.0707964601,Close
SLM,10492,1983-11-09,2025-07-01,33.36000061035156,0.1704224497079849,34.221195220947266,0.0008083204658350435,0.025281293938519626,0.40132809949948556,8222826.404308044,Close
SLMBP,4993,2005-08-25,2025-07-01,73.16000366210938,4.099839210510254,79.0,0.0004063466684467651,0.021787330178577854,0.3458631443074169,11886.02042860004,Close
SLN,1176,2020-10-23,2025-07-01,5.920000076293945,2.180000066757202,28.350000381469727,0.00046539822519604503,0.050793525954041734,0.8063222273189954,108968.87755102041,Close
SLND,849,2022-02-10,2025-07-01,4.380000114440918,2.5,10.300000190734863,-0.0003178736888347281,0.03552292487881567,0.5639089504258532,60612.24970553593,Close
SLNG,4528,2007-07-03,2025-07-01,4.989999771118164,0.9200000166893004,88.72000122070312,0.0011791583084260272,0.0627300634023169,0.995808884939069,16402.109540636044,Close
SLNH,6520,1999-07-30,2025-07-01,0.6100000143051147,0.4000000059604645,4771.111328125,0.0022457865270768167,0.08507937477312402,1.3505932041032913,23049.476073619633,Close
SLNHP,936,2021-10-07,2025-07-01,3.299999952316284,0.800000011920929,21.912548065185547,0.0007036627908106899,0.07616888062738669,1.209143494693384,11322.32905982906,Close
SLNO,2639,2015-01-02,2025-07-01,82.62999725341797,0.8920000195503235,656.25,0.003268386193563809,0.12197598056649653,1.9363086630131834,200402.5430087154,Close
SLP,7020,1997-08-05,2025-07-01,18.31999969482422,0.1462199985980987,87.81529998779297,0.0018383533275921164,0.05583264034461907,0.886315688351842,68009.07407407407,Close
SLQT,1251,2020-07-09,2025-07-01,2.5,0.5289999842643738,32.279998779296875,0.00024949807461393636,0.06463587358718574,1.026062683710611,1649526.4588329336,Close
SLRC,3839,2010-03-29,2025-07-01,16.190000534057617,4.466968536376953,16.965599060058594,0.00043309789703376906,0.016773700154519938,0.2662742350513527,194207.26751758272,Close
SLRX,2588,2015-03-18,2025-07-01,0.8769999742507935,0.5979999899864197,120850.0,-0.0017043925542125956,0.07720666626636173,1.225617830982917,153934.8272797527,Close
SLS,4321,2008-04-29,2025-07-01,2.0799999237060547,0.5099999904632568,341100.0,-9.371487161793956e-05,0.07359568130715494,1.1682952218425817,306353.6093496876,Close
SLSN,6907,1998-01-15,2025-07-01,4.340000152587891,0.1700000017881393,17.75,0.0018302692633029645,0.06244933678287825,0.9913524880104858,64219.06761256696,Close
SLSR,1193,2020-09-30,2025-07-01,4.75,1.9299999475479128,13.40999984741211,0.0010683530791299385,0.03898444299620086,0.6188588470099273,19353.730092204525,Close
SLVM,913,2021-11-09,2025-07-01,52.9900016784668,25.32323265075684,94.41132354736328,0.0011475487190673248,0.02750997461236949,0.4367073083881811,401846.76889375685,Close
SLXN,1031,2021-05-24,2025-07-01,0.8019999861717224,0.2119999974966049,12.300000190734863,0.00698143293834528,0.2860352603741013,4.540668990872881,1343449.175557711,Close
SM,8158,1993-02-03,2025-07-01,26.040000915527344,0.9642515182495116,83.97564697265625,0.0010331626648527252,0.03867012621318657,0.6138692227654294,1349076.0357930865,Close
SMBC,7825,1994-05-31,2025-07-01,56.810001373291016,1.0475561618804932,66.51392364501953,0.0007174982980947069,0.02145563468801858,0.34059764163328843,12637.840255591054,Close
SMBK,5435,2003-11-21,2025-07-01,34.66999816894531,3.1805922985076904,56.762996673583984,0.0008881380826575929,0.0402259101229636,0.638566526679584,14029.539098436062,Close
SMC,3173,2012-11-16,2025-07-01,23.65999984741211,7.5,436.9539794921875,0.00029019128147621405,0.04171682711069534,0.6622341001294624,30060.226599432714,Close
SMCI,4561,2007-05-16,2025-07-01,47.20000076293945,0.3849999904632568,118.80699920654295,0.0015914215418435745,0.038737653481936814,0.6149411849244008,10526335.299276475,Close
SMFG,4854,2006-03-16,2025-07-01,15.100000381469728,4.610000133514404,23.5,0.00015807317087332293,0.021446994079493607,0.34046047622528836,1275949.845488257,Close
SMG,8380,1992-03-19,2025-07-01,67.0999984741211,3.438601016998291,217.88153076171875,0.000547212183445585,0.021289662346207532,0.3379629123876062,412163.5918854415,Close
SMHI,1998,2017-07-20,2025-07-01,5.119999885559082,1.4900000095367432,25.299999237060547,0.00028043720098433516,0.04328101512590137,0.6870648150813596,105536.23623623623,Close
SMID,7402,1996-01-31,2025-07-01,34.189998626708984,0.3355184197425842,50.02999877929688,0.0018166656584507096,0.05621117488239713,0.8923247378494992,13204.012429073224,Close
SMLR,2824,2014-04-09,2025-07-01,35.41999816894531,1.3600000143051147,149.99000549316406,0.001972800046247462,0.050633764191659714,0.803786087965314,77514.76628895184,Close
SMMT,2564,2015-04-22,2025-07-01,21.200000762939453,0.6800000071525574,36.70000076293945,0.003158269483875493,0.09027709612400789,1.4331044725751878,1010554.0951638066,Close
SMRT,933,2021-10-12,2025-07-01,1.0299999713897705,0.7200000286102295,14.020000457763672,-0.0016136844654405574,0.04539714494720076,0.7206573345758741,1384089.389067524,Close
SMSI,7462,1995-11-03,2025-07-01,0.8700000047683716,0.5199999809265137,836.0,0.0014288420754788084,0.0734077892353228,1.1653125276702507,57084.83382471187,Close
SMTC,11383,1980-05-02,2025-07-01,43.470001220703125,0.109375,91.98999786376952,0.0011755861730477898,0.04154347972898893,0.6594822957549463,636850.8477554248,Close
SMTI,7828,1994-05-25,2025-07-01,28.809999465942383,2.0,7600.0,0.009384472456295591,0.16926283790331217,2.686964251783209,3475.8220490546755,Close
SMWB,1006,2021-06-29,2025-07-01,8.520000457763672,4.53000020980835,24.76000022888184,6.461772919427088e-05,0.040245584963756416,0.6388788550945195,221887.77335984097,Close
SMX,859,2022-01-27,2025-07-01,4.25,3.5999999046325684,2832451.5,-0.006765042521248469,0.14159794321858585,2.247797663487738,42499.88009313155,Close
SNA,13169,1973-04-09,2025-07-01,317.8599853515625,1.1134272813796997,366.6050415039063,0.0005227314180566972,0.01860165688409924,0.2952921485344754,250517.89809400865,Close
SNAP,2062,2017-04-19,2025-07-01,9.350000381469728,4.989999771118164,83.11000061035156,0.0006962960996633528,0.04624055840260831,0.7340461081083582,28701597.720659554,Close
SNBR,6650,1999-01-25,2025-07-01,7.039999961853027,0.1899999976158142,146.97000122070312,0.0010597888283384613,0.04928547758792243,0.7823827016681416,678235.1278195488,Close
SNCR,4758,2006-08-02,2025-07-01,7.449999809265137,3.150000095367432,483.0299987792969,0.0004989287451807454,0.04364377078603259,0.6928233826616893,59507.09058427911,Close
SNCY,1045,2021-05-04,2025-07-01,12.25,8.210000038146973,40.86000061035156,-0.0005502578286058565,0.03405917677416404,0.5406726696241511,607076.8421052631,Close
SND,2141,2016-12-22,2025-07-01,1.9900000095367432,0.5727272629737854,20.045454025268555,0.00011500992401001242,0.046081563674721826,0.7315221450498102,355990.42503503035,Close
SNDA,6925,1997-12-18,2025-07-01,24.149999618530277,6.300000190734863,412.5,0.0004324634274983929,0.038750693138258005,0.6151481830512465,11796.132996389892,Close
SNDL,1454,2019-09-18,2025-07-01,1.2200000286102295,1.2100000381469729,85.19999694824219,-0.00039012441919771034,0.07569104315307937,1.2015580599486375,7753159.270976616,Close
SNDR,2037,2017-05-24,2025-07-01,25.030000686645508,14.136675834655762,33.24336624145508,0.0004052677756269196,0.018931251866077158,0.3005243066686057,672324.1040746196,Close
SNDX,2314,2016-04-19,2025-07-01,8.819999694824219,3.5999999046325684,28.979999542236328,0.0007524463856410814,0.0454628046683391,0.7216996503355895,665415.9896283492,Close
SNES,2118,2017-01-27,2025-07-01,4.949999809265137,1.309999942779541,440640.0,-0.0019631177868731945,0.09718338649633809,1.5427384334183,19789.350802644003,Close
SNEX,7599,1995-04-21,2025-07-01,90.88999938964844,0.2088889926671981,94.1500015258789,0.0018239373817924912,0.05269846556448536,0.836562206149976,124122.41716015265,Close
SNFCA,9511,1987-09-29,2025-07-01,10.229999542236328,0.2118533253669738,13.460000038146973,0.0014519813936020036,0.05045845157050713,0.8010030863817503,21660.004521080853,Close
SNGX,7831,1994-05-20,2025-07-01,1.409999966621399,1.309999942779541,2160000.0,0.0059345754327222375,0.15549320476280176,2.4683781021769056,34840.78431873324,Close
SNN,6411,2000-01-04,2025-07-01,30.600000381469727,3.2317941188812256,44.804954528808594,0.00046462948512061814,0.017655962690335442,0.28027971861637496,391060.7413819997,Close
SNOA,4605,2007-03-14,2025-07-01,2.950000047683716,1.8799999952316284,69300.0,3.244827989593436e-05,0.07269664895766376,1.1540235257384472,56018.54744842563,Close
SNOW,1170,2020-11-02,2025-07-01,215.97000122070312,108.55999755859376,401.8900146484375,0.0006084692421589959,0.03855967979872525,0.6121159402902488,5565081.452991453,Close
SNPS,8363,1992-04-13,2025-07-01,521.780029296875,5.65625,621.2999877929688,0.0008222845953648681,0.025045642468267713,0.39758724838124576,1294644.5533899318,Close
SNPX,1111,2021-01-28,2025-07-01,8.350000381469727,0.2300000041723251,252.25,0.04450818647911155,1.0764621462962438,17.08830680924814,219495.6579657966,Close
SNSE,1073,2021-03-24,2025-07-01,8.850000381469727,5.78000020980835,302.79998779296875,-0.0014346295257822662,0.06158815148327235,0.9776815951974747,14001.2954333644,Close
SNT,8092,1993-05-10,2025-07-01,4.630000114440918,0.7550739645957947,19.79820251464844,0.0008758245169637186,0.04332947692302898,0.6878341222610811,87092.87605042016,Close
SNTG,967,2021-08-24,2025-07-01,1.809999942779541,1.4500000476837158,33.5,0.0012936331306790635,0.10432547593750394,1.6561155884345307,299760.68252326787,Close
SNTI,996,2021-07-14,2025-07-01,2.190000057220459,1.5800000429153442,102.4000015258789,0.0011051438246627147,0.13995943299780894,2.2217871200988584,274065.7831325301,Close
SNV,8984,1989-10-27,2025-07-01,53.790000915527344,3.282625913619995,63.08773040771485,0.0006368465547220352,0.02687113355071386,0.4265660209295574,726878.2968610864,Close
SNX,5400,2004-01-14,2025-07-01,135.82000732421875,3.948266267776489,144.06492614746094,0.0007753609726962772,0.022929991322815993,0.3640023276302406,473774.72222222225,Close
SNY,5755,2002-08-16,2025-07-01,49.04999923706055,9.869185447692873,56.89866638183594,0.00035907752338576747,0.016625387024130748,0.26391983709630096,1772186.915725456,Close
SO,10930,1982-02-18,2025-07-01,92.3000030517578,0.2775622606277466,92.3000030517578,0.0006103905105673828,0.01265528049907098,0.20089634983384316,3088609.381335773,Close
SOAR,830,2022-03-10,2025-07-01,1.2100000381469729,1.2100000381469729,800.25,-0.002555558734774405,0.09930142755962643,1.5763612929388027,197795.80240963856,Close
SOBR,4050,2009-05-27,2025-07-01,3.180000066757202,2.799999952316284,154000.0,0.019100273988247943,0.5191665720856017,8.24151383253834,12533.282222222222,Close
SOC,1023,2021-06-04,2025-07-01,21.5,9.579999923706056,33.02000045776367,0.0012202990023038813,0.029961450992924063,0.47562328947555793,463502.44379276637,Close
SOFI,1095,2021-02-22,2025-07-01,17.639999389648438,4.300000190734863,23.88999938964844,0.0007132282787570479,0.0437479357874501,0.6944769507960937,41363200.2739726,Close
SOGP,1337,2020-03-06,2025-07-01,5.679999828338623,1.1859999895095823,158.1999969482422,0.0008415936204685139,0.0823352561467328,1.3070316713823433,171449.6933433059,Close
SOHO,5133,2005-02-04,2025-07-01,0.9300000071525574,0.5118914842605591,6.781413555145264,0.00038562310711030677,0.037769496780311176,0.5995721737485488,44844.36002337814,Close
SOHOB,2183,2016-10-24,2025-07-01,16.43000030517578,1.449718952178955,20.357295989990234,0.004529283753051448,0.19820543352317194,3.146413713624346,3817.9569399908382,Close
SOHON,1530,2019-05-31,2025-07-01,16.43000030517578,2.318483352661133,20.39057159423828,0.0009649789393174162,0.043741776969530126,0.6943791825925755,3952.6797385620916,Close
SOHOO,1908,2017-11-27,2025-07-01,16.0,2.116581439971924,20.232227325439453,0.0008057859742295453,0.038113025906305845,0.6050255295614844,3591.6142557651992,Close
SOHU,6247,2000-08-28,2025-07-01,13.479999542236328,0.6000000238418579,106.27999877929688,0.0008907342797213173,0.03982077421831842,0.6321351935743381,815369.6014086761,Close
SOJC,1874,2018-01-17,2025-07-01,21.520000457763672,15.366776466369627,23.91024780273437,0.0001690270144708058,0.008240255831504017,0.13081000601825635,36556.29669156884,Close
SOJD,1340,2020-03-03,2025-07-01,20.149999618530277,12.224771499633787,23.427221298217773,0.00012107907084583183,0.013036561381081273,0.20694899619461873,99399.92537313433,Close
SOJE,1165,2020-11-09,2025-07-01,17.799999237060547,15.108384132385254,22.11129570007324,-9.932327741065048e-05,0.008945644318610283,0.14200770110568398,77237.51072961373,Close
SOL,4351,2008-03-17,2025-07-01,1.870000004768372,0.8600000143051147,139.0,0.0006888626365469719,0.054102778499762916,0.8588549828879093,507276.32268444035,Close
SON,11383,1980-05-02,2025-07-01,45.7400016784668,0.4805922210216522,59.88624954223633,0.0005381332359238008,0.016608247996148587,0.26364776346177593,292700.24668365106,Close
SOND,1047,2021-04-30,2025-07-01,3.430000066757202,1.2100000381469729,212.1999969482422,-0.0005836621204029896,0.08611367915559061,1.3670122771589963,107739.08309455587,Close
SONM,1511,2019-06-27,2025-07-01,0.6800000071525574,0.6800000071525574,1398.0,-0.0023700434741994584,0.07357487336552493,1.167964906009493,227733.04367968233,Close
SONN,4590,2006-12-18,2025-07-01,1.2100000381469729,1.1200000047683716,7047040.0,-0.0005120967866326551,0.08719607041772053,1.3841947057641868,21629.839215686276,Close
SONO,1704,2018-09-19,2025-07-01,11.119999885559082,6.96999979019165,43.88999938964844,0.0004383362940262338,0.03405593512992136,0.5406212101171206,2304277.2300469484,Close
SONY,13169,1973-04-09,2025-07-01,25.46999931335449,0.237910583615303,27.727561950683597,0.0004865256720202387,0.022112230228967827,0.3510207727131222,3756008.205862252,Close
SOPA,880,2021-12-28,2025-07-01,1.399999976158142,0.6650000214576721,216.4499969482422,-0.00261128770956481,0.08504571632551738,1.3500588928119892,368960.04659090907,Close
SOPH,956,2021-09-09,2025-07-01,3.289999961853028,1.7100000381469729,18.799999237060547,-0.0003460323049673592,0.05361242584448558,0.8510708758044052,73205.12552301255,Close
SOR,11383,1980-05-02,2025-07-01,43.84000015258789,0.4318780899047851,43.84000015258789,0.0004801386763563598,0.012169736737522023,0.19318858157165886,8945.884213300536,Close
SOS,2022,2017-06-15,2025-07-01,6.129000186920166,4.230000019073486,85725.0,-0.0009884225094478653,0.08872145817556203,1.4084094857253329,16713.20474777448,Close
SOTK,6554,1999-06-11,2025-07-01,3.7300000190734863,0.0900000035762786,9.0,0.0031030059183309315,0.08099252662569523,1.2857165010382015,12943.881599023498,Close
SOWG,3740,2010-08-18,2025-07-01,0.8299999833106995,0.5400000214576721,516.0,0.007045873514446082,0.13617946840127293,2.161782042376481,11712.685828877005,Close
SPB,11688,1979-02-16,2025-07-01,55.41999816894531,8.681154251098633,944.6588745117188,0.0006331264390402756,0.03965940734827702,0.6295735739264915,95053.9956365503,Close
SPCB,5091,2005-04-07,2025-07-01,10.06999969482422,2.690000057220459,11900.0947265625,0.008967066187753406,0.27882729392997196,4.426246070854892,35084.04753486545,Close
SPCE,1915,2017-11-15,2025-07-01,2.819999933242798,2.369999885559082,1188.199951171875,-0.0008339405165680321,0.053606501121156294,0.8509768237373083,843509.3707571801,Close
SPE,8045,1993-07-16,2025-07-01,15.609999656677246,1.1858117580413818,15.609999656677246,0.00031726680720962317,0.008931764942472635,0.14178737284000634,30303.08266003729,Close
SPFI,1512,2019-06-26,2025-07-01,37.2400016784668,10.693015098571776,40.16142272949219,0.0008909931889884649,0.024664099016889807,0.3915304338609785,30900.132275132277,Close
SPG,7907,1994-01-31,2025-07-01,164.27000427246094,4.393596172332764,183.07244873046875,0.0006855690833276101,0.021480189535938634,0.34098743775975326,1633089.8417857594,Close
SPGI,13169,1973-04-09,2025-07-01,529.3200073242188,0.1414569020271301,541.7828369140625,0.000742936216659389,0.018637355925699393,0.29585885325117955,1243124.633609234,Close
SPH,7349,1996-04-17,2025-07-01,18.200000762939453,1.5201005935668943,21.844932556152344,0.0004579252236133631,0.016320259344470487,0.2590760853452816,159977.28942713296,Close
SPHR,1280,2020-05-28,2025-07-01,41.70000076293945,18.61893844604492,54.32332611083984,0.000659019183309541,0.03185821848598882,0.5057335399649225,638580.021875,Close
SPIR,1136,2020-12-21,2025-07-01,11.300000190734863,3.3359999656677246,147.60000610351562,4.906025505575823e-05,0.057824547862174905,0.9179362399083986,236495.8213028169,Close
SPNS,6841,1998-04-22,2025-07-01,29.36000061035156,0.6094123721122742,84.69630432128906,0.000765667885388911,0.04010151378246876,0.6365917959938489,59971.5538663938,Close
SPNT,2954,2013-10-02,2025-07-01,20.06999969482422,4.159999847412109,20.8799991607666,0.0003024906704338754,0.02011364154732534,0.3192941609647154,490038.72714962764,Close
SPOK,5154,2005-01-05,2025-07-01,18.07999992370605,1.8700751066207888,18.07999992370605,0.0005041785861655067,0.023967973268672484,0.38047978019490775,150916.2398137369,Close
SPOT,1789,2018-05-18,2025-07-01,722.3499755859375,71.05000305175781,775.9000244140625,0.0012952391011620448,0.029964364684732674,0.47566954289909397,1838461.4868641698,Close
SPR,4643,2007-01-18,2025-07-01,38.34999847412109,7.627589702606201,101.42674255371094,0.0005228701439539114,0.030554615682176364,0.4850394870011569,1681816.777945294,Close
SPRC,930,2021-10-15,2025-07-01,0.3129999935626983,0.2080000042915344,200.1999969482422,-0.0018764163683413235,0.10805267050413209,1.7152829679020263,1382263.2021505376,Close
SPRO,1891,2017-12-20,2025-07-01,2.900000095367432,0.5600000023841858,22.06999969482422,0.0014721128233648128,0.08286992826521539,1.3155193281331332,607314.2781597038,Close
SPRU,1432,2019-10-18,2025-07-01,1.9600000381469729,1.5700000524520874,260.7200012207031,-0.001474538029131225,0.049103188951099004,0.7794889592689351,225805.41480446927,Close
SPRY,1114,2021-01-25,2025-07-01,16.09000015258789,2.900000095367432,60.40999984741211,0.00043121213521141784,0.05219103236911733,0.8285069538984401,710253.5008976661,Close
SPSC,3789,2010-06-09,2025-07-01,138.8699951171875,4.300000190734863,215.4199981689453,0.0011127284770030886,0.023271079033531872,0.36941692717712793,203918.28978622326,Close
SPT,1360,2020-02-03,2025-07-01,21.1299991607666,12.039999961853027,144.25999450683594,0.0010689793805138696,0.04524658139867814,0.7182672123404604,629650.5147058824,Close
SPTN,6232,2000-09-19,2025-07-01,26.5,0.7683917880058289,32.970680236816406,0.0007870525102752811,0.03137552377122797,0.49807099891838785,196727.10205391527,Close
SPWH,2785,2014-06-05,2025-07-01,3.299999952316284,0.953000009059906,17.950000762939453,0.0003949667452539582,0.040906380654794176,0.6493686614899734,644740.1077199281,Close
SPXC,11383,1980-05-02,2025-07-01,168.9499969482422,0.3752268552780151,181.55999755859372,0.000817011827470489,0.02363978008155477,0.3752698748643128,1192325.3882104894,Close
SPXX,4897,2006-01-12,2025-07-01,17.790000915527344,2.3012211322784424,17.790000915527344,0.0003822675647624821,0.012142187797461118,0.19275125570595136,54818.39901980804,Close
SQFT,1155,2020-11-23,2025-07-01,5.599999904632568,4.340000152587891,47.9160385131836,-0.0004114991731083033,0.04639129780863236,0.7364390219950616,11917.16883116883,Close
SQFTP,987,2021-07-27,2025-07-01,13.859999656677246,9.771317481994627,16.126291275024414,0.00012196266934299188,0.019944636445195955,0.3166112881415029,3576.3931104356634,Close
SQM,7966,1993-11-05,2025-07-01,35.209999084472656,0.716752290725708,99.0624771118164,0.000764042764441975,0.025205271569945814,0.40012128181153916,679077.567913633,Close
SQNS,3538,2011-06-07,2025-07-01,1.4500000476837158,0.875,165.8000030517578,6.246971374459438e-05,0.0533284805508577,0.8465633840070856,62953.383267382706,Close
SR,13169,1973-04-09,2025-07-01,73.56999969482422,0.4341436326503753,78.2374038696289,0.0004441199764699703,0.014264249579740184,0.22643794216170077,94502.6425696712,Close
SRAD,920,2021-10-29,2025-07-01,27.690000534057617,7.360000133514404,28.07999992370605,0.0009133393176668328,0.03375627084137819,0.5358641870113665,526622.7173913043,Close
SRCE,10521,1983-09-29,2025-07-01,64.27999877929688,0.670181155204773,67.23207092285156,0.0006995722754574592,0.02324493562591532,0.36900191344726485,29401.308430757534,Close
SRDX,6842,1998-04-21,2025-07-01,29.280000686645508,3.125,80.3499984741211,0.0007537938055716622,0.030824283156382096,0.48932032544174464,123494.89915229465,Close
SRE,6761,1998-08-14,2025-07-01,76.18000030517578,3.526270627975464,92.4718780517578,0.0005386594732872533,0.015855014322075856,0.2516905495774804,2626872.9773702114,Close
SREA,1478,2019-08-14,2025-07-01,20.700000762939453,13.248437881469728,24.0014705657959,0.00014363359046372704,0.011593509175638337,0.18404125260770696,62518.47090663058,Close
SRG,2480,2015-08-20,2025-07-01,3.069999933242798,2.470000028610229,52.60559844970703,-0.0002536239774328886,0.040561442249344215,0.6438929340592389,483931.81451612903,Close
SRI,6940,1997-11-26,2025-07-01,7.550000190734863,1.5099999904632568,37.18999862670898,0.0005709710719017176,0.037301578744253744,0.5921442052043304,121325.36023054755,Close
SRL,7301,1996-06-25,2025-07-01,5.809999942779541,3.2274556159973145,131.06805419921875,0.0004688685947824892,0.031778845815762055,0.5044735378870316,18412.30516367621,Close
SRPT,7030,1997-07-22,2025-07-01,17.709999084472656,2.880000114440918,178.74000549316406,0.0014719407462200013,0.06047260635765911,0.959972865325617,856014.6182076813,Close
SRRK,1751,2018-07-13,2025-07-01,33.7599983215332,4.659999847412109,68.0199966430664,0.0032076388439688263,0.10509890757433024,1.668393435037443,545120.4454597373,Close
SRTS,2213,2016-09-12,2025-07-01,4.639999866485596,1.830000042915344,14.970000267028809,0.0009822083704767372,0.04626196563737268,0.7343859374250228,132667.14866696793,Close
SRV,4452,2007-10-19,2025-07-01,42.0,4.5397796630859375,61.37619400024414,0.000291341245233353,0.02686953439012089,0.42654063504214473,11238.552336028752,Close
SRXH,3699,2010-08-03,2025-07-01,0.6919999718666077,0.4749999940395355,1895111.125,0.3846778987839401,17.498110774454293,277.7738971359953,59197.265206812655,Close
SRZN,1090,2021-03-01,2025-07-01,8.8100004196167,4.965000152587891,180.4499969482422,-0.0006462415022477071,0.06280896292880034,0.9970613760928846,14696.822935779817,Close
SSB,7118,1997-03-17,2025-07-01,95.26000213623048,6.125134944915772,110.69905853271484,0.0006033282973405147,0.022865237824860555,0.3629743977175709,127106.83534700758,Close
SSBI,4738,2006-08-30,2025-07-01,11.229999542236328,1.610121250152588,17.23454475402832,0.0005086609696166891,0.02561214677528893,0.4065802254593965,7232.709159983116,Close
SSBK,942,2021-09-29,2025-07-01,36.369998931884766,18.04177474975586,37.79389953613281,0.0009148718017053079,0.019234277221709225,0.30533468506030187,19005.626326963906,Close
SSD,7794,1994-07-14,2025-07-01,160.16000366210938,1.779473066329956,213.1201629638672,0.000793535723515441,0.022260163218802954,0.3533691361239582,188261.88093405185,Close
SSKN,4911,2005-12-21,2025-07-01,2.380000114440918,2.200000047683716,5835.0,-0.00015583741351439997,0.05227433981623945,0.8298294186231088,5153.779678273264,Close
SSL,10851,1982-06-11,2025-07-01,4.599999904632568,0.3627948760986328,44.587310791015625,0.0005966864612489791,0.029082073892248896,0.4616636107733689,256528.7623260529,Close
SSNC,3804,2010-05-18,2025-07-01,83.31999969482422,6.066094398498535,88.60480499267578,0.0008027340565307401,0.018212847275050466,0.2891199873371036,1054152.7076761303,Close
SSP,9287,1988-08-17,2025-07-01,3.049999952316284,0.5852200388908386,24.32999992370605,0.0005868553676519832,0.031216351507204018,0.49554421756102884,262752.2606869818,Close
SSRM,7242,1996-09-18,2025-07-01,12.699999809265137,0.7144550085067749,43.53412628173828,0.0009134702647631768,0.039830437781268546,0.6322885978804071,1105102.4578845622,Close
SSSS,3532,2011-06-15,2025-07-01,8.170000076293945,1.8861737251281736,13.20197868347168,0.0006434948131015077,0.030370695189441452,0.48211983969244665,240020.44167610418,Close
SSSSL,853,2022-02-04,2025-07-01,24.61199951171875,18.58592987060547,24.738000869750977,0.00023629533966304612,0.006206089904296137,0.09851862300525735,3725.322391559203,Close
SST,1197,2020-09-24,2025-07-01,5.03000020980835,2.900000095367432,268.1000061035156,-0.0008107516827236468,0.059913420478669516,0.9510960646908239,41969.005847953216,Close
SSTI,1995,2017-07-25,2025-07-01,13.5,9.84000015258789,63.119998931884766,0.00078932340377941,0.039099546687921045,0.6206860614695897,87362.95739348371,Close
SSTK,3164,2012-11-30,2025-07-01,20.100000381469727,14.287909507751465,113.33148956298828,0.00040500779559257834,0.029124146668440622,0.46233149538998525,339104.9936788875,Close
SSY,11382,1980-05-05,2025-07-01,0.8999999761581421,0.3600000143051147,19.00190544128418,0.0012869206758819236,0.05495776055271531,0.8724274022131223,52780.76787910736,Close
SSYS,7691,1994-12-08,2025-07-01,11.350000381469728,0.7083330154418945,136.4600067138672,0.0009912455324911256,0.039402259842819316,0.6254914838282812,534231.3093225849,Close
ST,3818,2010-04-28,2025-07-01,31.07999992370605,14.915593147277832,62.34813690185547,0.0003285505828650785,0.02023920646824452,0.3212874422895893,1162876.348873756,Close
STAA,8365,1992-04-09,2025-07-01,17.020000457763672,0.800000011920929,162.67999267578125,0.0009709948761079743,0.043693456372878345,0.6936121169009183,228734.29766885834,Close
STAG,3540,2011-06-03,2025-07-01,36.540000915527344,4.585479259490967,41.41582489013672,0.0006674543097748914,0.01667388583406718,0.2646897318361473,815811.0451977401,Close
STBA,8325,1992-06-08,2025-07-01,39.02999877929688,1.9504083395004272,44.10279083251953,0.0005936801607365718,0.021530413019360678,0.3417847108424139,77742.16216216216,Close
STC,13169,1973-04-09,2025-07-01,66.04000091552734,0.2635925114154815,75.52071380615234,0.0006531276891157559,0.02597188582271797,0.41229090579765554,85599.60513326753,Close
STE,8297,1992-07-17,2025-07-01,242.66000366210935,1.5991806983947754,252.5500030517578,0.0008955570427250872,0.023963104398366616,0.3804024892749368,511030.5773171026,Close
STEC,1038,2021-05-13,2025-07-01,0.8999999761581421,0.2060000002384185,8.010000228881836,0.005314786960869578,0.2096444678895633,3.3280027546575037,388592.1001926782,Close
STEL,1887,2017-12-27,2025-07-01,28.899999618530277,12.03557300567627,33.932674407958984,0.00035438798753007964,0.023903098898793267,0.37944993149993317,114087.75834658188,Close
STEM,1154,2020-11-24,2025-07-01,6.360000133514404,5.900000095367432,999.4000244140624,-0.0003520122177368564,0.07439723222452893,1.1810194481857454,241962.17504332756,Close
STEP,1170,2020-11-02,2025-07-01,55.470001220703125,19.64567375183105,68.0026626586914,0.0010833658100367536,0.025630905105758165,0.40687800472399066,403868.2051282051,Close
STEW,11383,1980-05-02,2025-07-01,17.8700008392334,0.6220810413360596,17.8700008392334,0.00037269442684302774,0.013740024424099198,0.2181161258047197,49260.405868400245,Close
STG,1795,2018-05-10,2025-07-01,5.860000133514404,2.450000047683716,137.625,-0.00015271429294308076,0.056252109682158956,0.8929745576503273,17999.578830083567,Close
STGW,7570,1995-06-02,2025-07-01,4.570000171661377,0.6301304697990417,26.493310928344727,0.0006305760575423925,0.03645937921077947,0.5787747020851252,235465.87186261558,Close
STIM,1728,2018-08-15,2025-07-01,3.4649999141693115,0.6100000143051147,37.540000915527344,0.0005614662838722585,0.05971970510254331,0.9480209284286681,358958.3912037037,Close
STK,3888,2010-01-15,2025-07-01,30.450000762939453,3.393727779388428,32.90683364868164,0.0006320799422237107,0.01507541502201361,0.239314794356012,61176.9804526749,Close
STKH,1048,2021-04-29,2025-07-01,1.6799999475479126,1.440000057220459,464.5,-0.0037338132484414526,0.055337412496830066,0.8784541899864613,13294.595419847328,Close
STKL,9906,1986-03-07,2025-07-01,6.0,0.09375,16.520000457763672,0.0016361699655982028,0.057401489743854534,0.9112204004811827,316348.7583282859,Close
STKS,2736,2014-08-14,2025-07-01,4.409999847412109,0.8700000047683716,16.1299991607666,0.0007949036133074398,0.04117451221461102,0.6536251180455127,81661.03801169591,Close
STLA,3756,2010-07-27,2025-07-01,10.220000267028809,1.5004593133926392,25.285106658935547,0.0008367479903365397,0.02695292457929402,0.4278644132561531,4458643.863684771,Close
STLD,7162,1997-01-13,2025-07-01,130.16000366210938,1.3743623495101929,152.4929962158203,0.000939234674779162,0.029855940551046695,0.47394836313598965,2829326.5847528623,Close
STM,7658,1995-01-26,2025-07-01,30.06999969482422,2.469151735305786,53.3349723815918,0.000748253284178879,0.02917552273867392,0.4631470652210478,2178035.870984591,Close
STN,4974,2005-09-22,2025-07-01,108.48999786376952,5.469470977783203,109.58000183105467,0.0007580453091069525,0.019895850929969688,0.31583684209627777,49081.70486529956,Close
STNE,1645,2018-12-13,2025-07-01,16.139999389648438,7.239999771118164,94.08999633789062,0.000827166191303362,0.04375904399594127,0.6946532881391684,4639869.179331307,Close
STNG,3804,2010-05-18,2025-07-01,39.900001525878906,7.95488977432251,86.48853302001953,0.0003404753761668906,0.032092978391534535,0.5094602379322205,617667.1319663512,Close
STOK,1484,2019-08-06,2025-07-01,11.649999618530272,3.369999885559082,69.80999755859375,0.0007996557533437697,0.05207719363042083,0.8266998199455028,359967.7223719677,Close
STR,1894,2017-12-15,2025-07-01,18.450000762939453,4.564108848571777,27.250383377075195,0.0004274877952666718,0.03212617808650319,0.509987266751162,309037.8035902851,Close
STRA,7247,1996-09-11,2025-07-01,86.08999633789062,6.89150333404541,191.15264892578125,0.0007282163917973929,0.027839193247411832,0.4419334921999221,147881.93045398095,Close
STRL,8521,1991-08-28,2025-07-01,222.5399932861328,0.421875,231.50999450683597,0.0017274921525930597,0.051297146421907365,0.8143169543978022,106142.17814810468,Close
STRM,7315,1996-06-05,2025-07-01,5.190000057220459,1.8600000143051147,247.5,0.0017264926251998431,0.07484535719853101,1.1881332116106662,5244.784415584416,Close
STRO,1665,2018-11-13,2025-07-01,0.6800000071525574,0.5199999809265137,27.540000915527344,-0.0003552750490143421,0.053715736401424005,0.8527108800532052,519892.4324324324,Close
STRR,5265,2004-07-29,2025-07-01,1.9800000190734863,1.7999999523162842,412.732177734375,-0.00016158140169135276,0.0419488899746046,0.6659179838880863,13339.933523266856,Close
STRRP,1424,2019-10-30,2025-07-01,9.02400016784668,2.3934996128082275,10.114408493041992,0.0008026632835441626,0.028603051607563292,0.4540593677469524,2191.2219101123596,Close
STRS,8275,1992-08-18,2025-07-01,18.81999969482422,2.516586780548096,39.73239135742188,0.000976824961237296,0.039192433455908525,0.6221605931986902,10493.861027190333,Close
STRT,7606,1995-04-11,2025-07-01,64.2300033569336,5.58132266998291,99.0390853881836,0.0006764196336325755,0.029321361821770232,0.465462188892887,12155.955824349197,Close
STT,11383,1980-05-02,2025-07-01,106.95999908447266,0.1081488505005836,106.95999908447266,0.0008748817522433475,0.022785750145698055,0.3617125699294249,2080725.3799525609,Close
STTK,1153,2020-11-25,2025-07-01,0.8159999847412109,0.7329999804496765,57.61000061035156,-0.0008710238009417216,0.07394884400215183,1.1739015058224247,292903.9028620989,Close
STVN,961,2021-09-01,2025-07-01,24.799999237060547,14.059333801269531,35.38764190673828,0.0005054104700666284,0.031583629315437046,0.5013745720169737,367503.74609781476,Close
STWD,3963,2009-09-29,2025-07-01,20.38999938964844,3.524922132492065,20.38999938964844,0.0005562390130845977,0.017157167268025762,0.27236158676120187,2028954.7751703255,Close
STX,5641,2003-01-30,2025-07-01,145.0399932861328,1.6074219942092896,145.0399932861328,0.0010157632362547634,0.02818337269923413,0.44739717161532416,5656609.661407552,Close
STXS,5222,2004-09-29,2025-07-01,2.130000114440918,0.5099999904632568,146.89781188964844,0.0008629293086177316,0.06256429023668195,0.993177317517161,179110.254691689,Close
STZ,8349,1992-05-04,2025-07-01,166.4199981689453,1.2203876972198486,265.62762451171875,0.0007650032565284618,0.020646199182237666,0.3277482513294359,1419896.4546652294,Close
SU,11383,1980-05-02,2025-07-01,37.83000183105469,0.0123361349105834,46.31814193725586,0.00413439572361794,0.33286563504309336,5.284078141941671,2774387.3671264164,Close
SUI,7910,1994-01-26,2025-07-01,127.72000122070312,3.092975854873657,184.3914794921875,0.0006170149116430817,0.017094838475163937,0.27137214784861435,252383.10998735778,Close
SUN,3179,2012-11-08,2025-07-01,53.06999969482422,7.770120143890381,59.22355270385742,0.0008054016949799375,0.021144311922354348,0.335655545940766,376231.6137150047,Close
SUNE,10959,1982-01-07,2025-07-01,1.6200000047683716,1.4500000476837158,10263776.0,-8.596488415059142e-05,0.04748845816754174,0.7538559027432572,5224.383611643398,Close
SUPN,3278,2012-06-18,2025-07-01,31.81999969482422,4.510000228881836,59.84999847412109,0.0011747327874296399,0.037243664075920356,0.5912248383462929,538950.4881025015,Close
SUPV,2259,2016-07-07,2025-07-01,10.630000114440918,1.2196861505508425,30.32572555541992,0.0009654943999800564,0.04371227588938375,0.6939108674637249,777502.3461708721,Close
SURG,1841,2018-03-06,2025-07-01,3.059999942779541,1.1299999952316284,43.95000076293945,0.0010388916613168363,0.06774820284221529,1.0754693789523657,207620.3617599131,Close
SUZ,4156,2008-12-22,2025-07-01,9.3100004196167,1.677890419960022,12.64000129699707,0.0011064964990941948,0.04200436256109685,0.6667985838987265,427596.00577478344,Close
SVC,7484,1995-10-04,2025-07-01,2.5,1.7799999713897705,21.118549346923828,0.00023270809471384008,0.02659888770174106,0.42224425205844734,821042.717797969,Close
SVM,2011,2017-06-30,2025-07-01,4.489999771118164,1.7676953077316284,8.295019149780273,0.000860238098352117,0.03695665240214364,0.5866686692731793,1571511.6857284934,Close
SVRA,2022,2017-06-15,2025-07-01,2.049999952316284,0.7120000123977661,16.760000228881836,0.0012159793094064606,0.06268497034777228,0.9950930548899809,674498.4174085064,Close
SVT,13119,1973-06-20,2025-07-01,46.93999862670898,0.2217122763395309,47.0099983215332,0.001092923526599623,0.053864943233076355,0.8550794650759891,2381.0505373885203,Close
SWAG,880,2021-12-28,2025-07-01,1.4500000476837158,0.7649999856948853,6.170000076293945,-0.0005250986438021112,0.04368945628104245,0.693548617411603,198186.93181818182,Close
SWBI,6475,1999-10-04,2025-07-01,8.6899995803833,0.0625474527478218,31.071720123291016,0.0014855038142736721,0.04879453020426651,0.7745891535643133,1212625.734826255,Close
SWIM,1019,2021-06-10,2025-07-01,6.630000114440918,2.109999895095825,31.959999084472656,-4.1555249766108306e-05,0.05300610089201155,0.8414457655767692,562962.021589794,Close
SWK,11383,1980-05-02,2025-07-01,70.41000366210938,1.3622444868087769,192.1915740966797,0.0005432414594384922,0.0203629108457888,0.32325118840402256,700015.1102521304,Close
SWKH,6449,1999-11-09,2025-07-01,15.079999923706056,2.921382188796997,9921.7451171875,6.758530226865494e-05,0.04394003696610175,0.6975264624677417,18981.05365172895,Close
SWKS,10250,1984-10-24,2025-07-01,77.16000366210938,0.4757102131843567,179.583984375,0.001085330270729981,0.03993327950225272,0.6339211595891633,2056116.1365853657,Close
SWTX,1424,2019-10-30,2025-07-01,46.9900016784668,17.739999771118164,93.58999633789062,0.001613528543324424,0.045063575577858415,0.715362084998263,915067.9073033708,Close
SWVL,1047,2021-04-30,2025-07-01,4.150000095367432,0.699999988079071,252.25,-0.0006084835157810399,0.08509528485000448,1.3508457687438848,63773.0582617001,Close
SWX,13169,1973-04-09,2025-07-01,75.22000122070312,1.3451601266860962,84.2475814819336,0.00038342655877997886,0.01632131633921394,0.25909286461665126,128881.04639684106,Close
SWZ,9506,1987-10-06,2025-07-01,6.329999923706055,0.3336473405361175,6.420000076293945,0.0003525265662454641,0.013728426335203455,0.21793201185130917,43225.17357458447,Close
SXC,3474,2011-09-07,2025-07-01,8.460000038146973,1.7058188915252686,17.782875061035156,0.0005024024334996256,0.0337333812291541,0.5355008256820567,747097.5532527346,Close
SXI,13169,1973-04-09,2025-07-01,161.22999572753906,0.4157131314277649,210.7239532470703,0.0006241438720698247,0.02155364177409768,0.3421534558922128,31951.47695345129,Close
SXT,11383,1980-05-02,2025-07-01,103.98999786376952,0.5725970268249512,103.98999786376952,0.0005965708759560832,0.01724439204414818,0.2737462371559011,185122.65000439252,Close
SXTC,1598,2019-02-22,2025-07-01,1.919999957084656,0.3199999928474426,779.0,0.01118673030996255,0.4272376179297852,6.7821869266430515,407058.16708385485,Close
SY,1517,2019-06-19,2025-07-01,2.8350000381469727,0.4671514332294464,15.370198249816896,0.00021797182423210858,0.04948413752259761,0.7855363303638788,434643.1773236651,Close
SYBT,8091,1993-05-11,2025-07-01,80.62999725341797,0.7804105877876282,80.62999725341797,0.0007878310879345954,0.020950231722244368,0.3325746182774101,39739.852552218515,Close
SYBX,2419,2015-11-16,2025-07-01,1.1799999475479126,0.2469999939203262,66.01000213623047,0.0031736617728253943,0.21651049788496723,3.436997601830396,192574.94212484497,Close
SYF,2713,2014-09-17,2025-07-01,68.16999816894531,11.179667472839355,69.9843521118164,0.0007539891270423627,0.02411289943036897,0.38278041168880395,5697467.858459271,Close
SYK,11383,1980-05-02,2025-07-01,396.739990234375,0.0832801312208175,398.1268005371094,0.0009552191532024325,0.020617598650658348,0.32729423196589713,1412771.2905209523,Close
SYM,1051,2021-04-26,2025-07-01,39.68000030517578,8.8100004196167,63.540000915527344,0.0031641574105807538,0.06654294340658232,1.0563364785603722,956438.8201712655,Close
SYNA,5861,2002-03-18,2025-07-01,66.41000366210938,2.433332920074463,292.8500061035156,0.0008979882730293774,0.03415835669739269,0.542247102095632,833781.4878007167,Close
SYPR,7800,1994-07-06,2025-07-01,2.0199999809265137,0.367910772562027,32.643550872802734,0.0011093820223217975,0.05655365387256642,0.897761423273014,109539.96153846153,Close
SYRE,2289,2016-05-24,2025-07-01,15.489999771118164,2.650000095367432,275.875,0.001376089599896663,0.08916248093027335,1.4154105049142536,112514.4622105723,Close
SYTA,1162,2020-11-11,2025-07-01,3.4200000762939453,0.9800000190734864,1866060.0,-0.0058017149254705564,0.10136165841057342,1.609066443788735,563347.7728055078,Close
SYY,13116,1973-06-25,2025-07-01,77.36000061035156,0.0271469876170158,82.8388671875,0.0007383538753432022,0.019210061296718803,0.30495026916854956,1993193.9844464776,Close
T,10451,1984-01-10,2025-07-01,28.8799991607666,0.2450961917638778,28.940000534057617,0.0005691484855310736,0.015551234387299835,0.2468681926132277,20844019.429336905,Close
TAC,5982,2001-09-21,2025-07-01,10.710000038146973,2.266836643218994,20.36168098449707,0.00030834622404244376,0.019824745069414954,0.31470807155355535,174002.3236375794,Close
TACT,7227,1996-10-09,2025-07-01,3.670000076293945,1.310261607170105,25.256736755371094,0.0007217054691935175,0.039353396398175394,0.6247158006919026,40151.34218901342,Close
TAIT,7568,1995-06-06,2025-07-01,2.240000009536743,0.3002232313156128,5.6756463050842285,0.0010118326219658122,0.04741092080983288,0.7526250353483689,16739.032769556026,Close
TAK,3863,2010-02-23,2025-07-01,15.369999885559082,12.420000076293944,30.739999771118164,4.254257801892291e-06,0.013767742554549703,0.2185561374845978,1000362.2573129692,Close
TAL,3663,2010-12-07,2025-07-01,10.300000190734863,1.144277811050415,90.1500015258789,0.0012097667951051075,0.038861746499529976,0.6169111005083472,4931631.668031668,Close
TALK,1203,2020-09-16,2025-07-01,2.700000047683716,0.5839999914169312,12.100000381469728,-0.0001553755289530127,0.043063972292516274,0.6836193669154449,1132865.4197838737,Close
TALO,1762,2018-06-27,2025-07-01,8.529999732971191,5.119999885559082,37.470001220703125,0.00010014816912098641,0.041848525991258705,0.6643247550449599,1169159.4211123723,Close
TANH,2551,2015-05-11,2025-07-01,2.025000095367432,1.5800000429153442,298464.0,-0.0018177896764199064,0.06969075857891785,1.1063064952755466,22060.884751078007,Close
TAOP,4689,2006-11-08,2025-07-01,4.070000171661377,3.930000066757202,38448.0,0.00034794036090314155,0.07614236354952651,1.2087225491322988,10201.356152697803,Close
TAP,12586,1975-07-30,2025-07-01,49.06999969482422,2.1115708351135254,89.8267822265625,0.0003663584291906669,0.020435278870055845,0.32439999517452467,851719.1403146354,Close
TARA,2655,2014-12-09,2025-07-01,2.799999952316284,1.125,800.0,9.488036024397697e-05,0.056093012994432104,0.8904489760294911,116089.51977401129,Close
TARS,1148,2020-12-03,2025-07-01,39.9900016784668,11.079999923706056,56.93999862670898,0.0013545494176944199,0.041283092011830724,0.6553487688906077,338444.9477351916,Close
TASK,985,2021-07-29,2025-07-01,16.729999542236328,8.175000190734863,83.51000213623047,0.0003955316989695858,0.04548306761116293,0.7220213145808424,512692.8934010152,Close
TATT,9604,1987-05-18,2025-07-01,30.25,0.357520580291748,35.209999084472656,0.0014705180042234743,0.05128797083293374,0.8141712964384615,21511.753644314867,Close
TAYD,11221,1980-12-23,2025-07-01,42.900001525878906,0.2399999946355819,63.70000076293945,0.0011691288292099333,0.0460001351508032,0.7302295073063156,15238.202833972016,Close
TBB,1888,2017-12-26,2025-07-01,22.459999084472656,15.67148208618164,23.82578468322754,0.00014901470823770082,0.007086705304881764,0.1124979591091159,108932.15042372882,Close
TBBK,5354,2004-03-22,2025-07-01,58.15999984741211,2.220000028610229,62.75,0.0007635732765246931,0.033040179332254505,0.5244965867167293,220172.65595816213,Close
TBCH,3645,2011-01-03,2025-07-01,14.399999618530272,1.7200000286102295,84.55999755859375,0.00150145571699162,0.05260104220831397,0.8350156583160634,309462.9492455418,Close
TBI,7831,1994-05-20,2025-07-01,6.599999904632568,0.460904985666275,32.689998626708984,0.0009603694015532422,0.03570719459509656,0.5668341414864911,312062.8906908441,Close
TBLA,972,2021-08-17,2025-07-01,3.680000066757202,1.600000023841858,9.93000030517578,-0.00011781482192172688,0.03895026789819167,0.6183163341477459,1179087.6543209876,Close
TBLD,953,2021-09-14,2025-07-01,19.770000457763672,10.177907943725586,19.770000457763672,0.000339489836366992,0.009770697347418747,0.1551050119016908,86138.71983210913,Close
TBPH,2765,2014-07-03,2025-07-01,10.90999984741211,6.769999980926514,42.560001373291016,0.00010807499082366183,0.03176904166983275,0.5043179018953536,388409.6564195298,Close
TBRG,5783,2002-07-09,2025-07-01,23.479999542236328,7.650000095367432,58.27205276489258,0.0004699360019647927,0.025858541186113925,0.4104916154722718,107169.32388033892,Close
TC,1627,2019-01-10,2025-07-01,0.800000011920929,0.5299999713897705,450.0,-0.0012296996395206412,0.06919323330202765,1.0984085263538264,78386.29071911494,Close
TCBI,5473,2003-09-30,2025-07-01,82.5999984741211,6.75,102.3499984741211,0.0006727734992289576,0.025297112591452287,0.4015792128299007,394405.9747853097,Close
TCBIO,1038,2021-05-13,2025-07-01,21.059999465942383,13.115486145019531,21.80739402770996,0.00021481568913728734,0.016207289359427366,0.25728274242904886,25574.7591522158,Close
TCBK,8073,1993-06-07,2025-07-01,41.81999969482422,1.5882627964019775,53.119964599609375,0.0006811095885819679,0.02484917519750392,0.39446842714601826,46197.79264214047,Close
TCBS,961,2021-09-01,2025-07-01,16.049999237060547,9.562715530395508,18.524866104125977,0.0002384673089346269,0.01865700502243635,0.29617077299189776,3389.6982310093654,Close
TCBX,880,2021-12-28,2025-07-01,33.7400016784668,12.9399995803833,38.63999938964844,0.0005075612721866981,0.021657159034335943,0.343796741454172,46301.47727272727,Close
TCI,10125,1985-04-24,2025-07-01,44.040000915527344,0.572076678276062,51.59999847412109,0.0009156054123328423,0.04203599100281176,0.6673006698455313,5080.42962962963,Close
TCMD,2211,2016-09-14,2025-07-01,10.229999542236328,6.550000190734863,76.29000091552734,0.0003961957066939121,0.03486739667746389,0.5535027628368555,237167.57123473543,Close
TCOM,5391,2004-01-28,2025-07-01,58.970001220703125,1.4369248151779177,74.69697570800781,0.0011309341290031691,0.03184527849183877,0.5055281239259966,4657300.946021146,Close
TCPC,3296,2012-05-22,2025-07-01,7.730000019073486,2.36829137802124,9.585875511169434,0.00042969980146863876,0.019154369864863387,0.30406619509547034,281977.70024271845,Close
TCRT,4927,2005-11-29,2025-07-01,4.690000057220459,1.4299999475479126,2185.5,0.0007979165577229119,0.06013232233792669,0.9545710239775687,15735.647046884515,Close
TCRX,961,2021-09-01,2025-07-01,1.4299999475479126,1.100000023841858,9.510000228881836,5.959482508429822e-05,0.06372008122455368,1.0115249306460306,282904.26638917794,Close
TCX,7307,1996-06-17,2025-07-01,19.850000381469727,0.8399999737739563,92.26000213623048,0.0012334440862045506,0.0535255386461261,0.8496915842905594,45902.92185575476,Close
TD,7221,1996-10-17,2025-07-01,74.11000061035156,1.839179873466492,74.11000061035156,0.0006466795655031124,0.016371685777363833,0.25989245465878724,1219756.8342334856,Close
TDC,4433,2007-11-15,2025-07-01,23.13999938964844,11.460000038146973,80.62000274658203,0.00030665855293481574,0.025550212710026637,0.40559705265319285,1517599.5488382585,Close
TDF,7713,1994-11-07,2025-07-01,9.989999771118164,0.5263146162033081,21.10349464416504,0.00046601569081630397,0.018223777809659003,0.2892935041947306,111800.82976792428,Close
TDG,4822,2006-05-02,2025-07-01,1512.81005859375,8.606610298156738,1520.6400146484375,0.0012615696373188417,0.0207484221304694,0.3293709903252659,389807.0095396101,Close
TDOC,2483,2015-08-17,2025-07-01,8.579999923706055,6.510000228881836,294.5400085449219,0.00027777567446914776,0.03873344439395406,0.6148743677241083,3008850.9867096255,Close
TDS,10941,1982-02-02,2025-07-01,35.869998931884766,0.0148462671786546,43.699974060058594,0.004268660303469731,0.3808086810765821,6.0451504033388685,456558.4140389361,Close
TDUP,1038,2021-05-13,2025-07-01,7.789999961853027,0.527999997138977,29.520000457763672,0.001555318999255019,0.06992185791242886,1.109975083463284,1000774.8554913295,Close
TDW,11383,1980-05-02,2025-07-01,47.70000076293945,4.125301361083984,2065.755615234375,0.000314806690115309,0.03202062082669422,0.5083115971999702,94680.88201704295,Close
TDY,6406,2000-01-11,2025-07-01,511.5700073242188,8.5,518.8400268554688,0.0009191961807843525,0.024544642694727337,0.38963412353512067,206499.79706525133,Close
TE,1342,2020-02-28,2025-07-01,1.25,0.949999988079071,16.079999923706055,-0.00027191054749661336,0.05136209302215608,0.8153479497143455,1642068.70342772,Close
TEAD,956,2021-09-09,2025-07-01,2.559999942779541,2.369999885559082,17.030000686645508,-0.001290270064280639,0.036143509445911534,0.5737604250179752,230811.2970711297,Close
TEAF,1542,2019-05-14,2025-07-01,12.220000267028809,4.64555025100708,12.424564361572266,0.00014796704528913276,0.015447547831361132,0.24522221956534013,46995.006485084305,Close
TEAM,2370,2016-01-28,2025-07-01,207.7100067138672,17.920000076293945,458.1300048828125,0.0014473485517776197,0.031735792044285206,0.5037900804530447,1571430.5063291139,Close
TECH,9132,1989-03-30,2025-07-01,52.08000183105469,0.0655605942010879,132.6226348876953,0.0010207770603607184,0.025280470049663675,0.4013150206693607,807777.7047744197,Close
TECK,5743,2002-09-04,2025-07-01,40.29999923706055,2.049568891525269,53.772274017333984,0.001130153321844201,0.0359850084597143,0.571244299865757,3344949.033606129,Close
TECTP,1498,2019-07-17,2025-07-01,10.62399959564209,4.383033752441406,10.649999618530272,0.0004939818525052745,0.015926485168198338,0.25282511408646907,2779.7730307076104,Close
TECX,1733,2018-08-08,2025-07-01,20.15999984741211,1.399999976158142,632.4000244140625,0.005745833908562444,0.2617418414454949,4.15502292098927,61565.607039815346,Close
TEF,9553,1987-07-30,2025-07-01,5.320000171661377,0.2898298799991607,11.122753143310549,0.00042713760681793153,0.018509649895122927,0.2938315828642083,1987038.9147911652,Close
TEI,7964,1993-11-09,2025-07-01,6.130000114440918,0.5595491528511047,6.130000114440918,0.0003487070115766891,0.013209735108267586,0.20969804388908952,136077.83776996486,Close
TEL,4508,2007-08-01,2025-07-01,170.27000427246094,5.3442206382751465,170.27000427246094,0.000621727714633152,0.019758789545019605,0.31366106006270966,2096443.811002662,Close
TELA,1384,2019-12-27,2025-07-01,1.950000047683716,0.8899999856948853,22.61000061035156,-0.0004001238002211207,0.042375930412365204,0.6726970406765826,97325.93930635838,Close
TEN,5837,2002-04-22,2025-07-01,19.51000022888184,6.069102764129639,90.48594665527344,0.0004709030196561899,0.0284348954949306,0.4513899722141836,106082.99811547027,Close
TENB,1709,2018-09-12,2025-07-01,33.58000183105469,16.790000915527344,62.65999984741211,0.000457954363325942,0.030342642777229145,0.48167452145411127,924362.7852545348,Close
TENX,7831,1994-05-20,2025-07-01,5.75,2.7699999809265137,19200000.0,0.0012882497463416094,0.08648142593451699,1.3728500762939018,9538.332141488954,Close
TEO,7657,1995-01-27,2025-07-01,8.850000381469727,0.3046993017196655,29.13268280029297,0.0004666597011296822,0.030721743751642074,0.4876925628545845,257399.22946323626,Close
TER,13169,1973-04-09,2025-07-01,91.91999816894533,0.3025659024715423,165.97413635253906,0.0008633791408589491,0.031826733951984536,0.5052337384822021,1767982.5119599057,Close
TERN,1072,2021-03-25,2025-07-01,3.849999904632568,1.5,22.0,3.6124350603072014e-05,0.05777330460502045,0.9171227784196009,649815.3917910447,Close
TEVA,10899,1982-04-02,2025-07-01,16.639999389648438,0.0418555475771427,66.9875717163086,0.000689761342427939,0.026605484671954126,0.422348975713989,5167311.927699789,Close
TEX,11381,1980-05-06,2025-07-01,48.70000076293945,0.702451765537262,83.0555648803711,0.0007710225554063573,0.032608554843983624,0.5176447603823477,870895.4749143309,Close
TFC,11382,1980-05-05,2025-07-01,44.20000076293945,0.447216123342514,56.356327056884766,0.0005933192480070725,0.019495687414493326,0.30948444322200697,2700807.0967316814,Close
TFII,4903,2006-01-04,2025-07-01,92.08999633789062,1.709149956703186,159.70303344726562,0.0007044042783073903,0.024068069020153637,0.38206875098918724,76892.59636956966,Close
TFIN,2643,2014-12-26,2025-07-01,61.16999816894531,12.06999969482422,133.6300048828125,0.000908555544008691,0.02625872636101315,0.4168443581792212,144731.8577374196,Close
TFINP,1232,2020-08-05,2025-07-01,21.600000381469727,13.776081085205078,23.005475997924805,0.00032096279710843736,0.015291265884353089,0.2427413205681866,3910.9577922077924,Close
TFSA,1068,2021-03-31,2025-07-01,23.280000686645508,16.436725616455078,24.873210906982425,0.0002531237867817997,0.013672909330186523,0.21705070671844962,1271.7228464419475,Close
TFSL,4545,2007-06-08,2025-07-01,13.09000015258789,4.197751045227051,16.07439422607422,0.0002783962361581971,0.015107651312123584,0.23982652959694595,354254.65346534655,Close
TFX,11383,1980-05-02,2025-07-01,121.83000183105467,0.7088903784751892,432.6691589355469,0.000606063495107247,0.018074408581232704,0.2869223412030811,170767.89071422297,Close
TG,9032,1989-08-21,2025-07-01,8.949999809265137,0.5665125250816345,16.34258460998535,0.0005364297030704639,0.026028732671497263,0.41319332154578176,97526.31753764393,Close
TGB,8343,1992-05-12,2025-07-01,3.2799999713897705,0.1899999976158142,15.375,0.0009416468704419033,0.04693102545934,0.7450069328319269,911202.7448160134,Close
TGEN,2763,2014-07-08,2025-07-01,7.079999923706055,0.6299999952316284,7.690000057220459,0.0013107817479416184,0.050053269996290124,0.7945710282945272,29365.798045602605,Close
TGI,7182,1996-12-12,2025-07-01,25.75,3.430000066757202,82.17533874511719,0.0006221206344475572,0.032101436559016594,0.5095945071784497,509339.209133946,Close
TGLS,3271,2012-06-27,2025-07-01,75.97000122070312,2.1592862606048584,88.41999816894531,0.0011938088036347206,0.030978772149175233,0.4917727621731096,140915.31641699787,Close
TGNA,11383,1980-05-02,2025-07-01,16.93000030517578,0.6808726191520691,26.22141456604004,0.000488432878444345,0.02142259082278169,0.3400730865346495,2658669.1381006762,Close
TGS,7672,1995-01-06,2025-07-01,26.06999969482422,0.2806317806243896,33.25,0.000867904250349246,0.03250553185293247,0.5160093211004874,118428.83211678833,Close
TGT,13169,1973-04-09,2025-07-01,103.8499984741211,0.0603131055831909,240.58856201171875,0.0006942434473288215,0.020400662798941163,0.32385048208131123,4147918.8169185207,Close
TGTX,3782,2010-06-18,2025-07-01,35.400001525878906,1.0125000476837158,168.75,0.004370495910503868,0.13321210187556107,2.1146765591216132,1503346.3672659968,Close
TH,1800,2018-05-03,2025-07-01,7.199999809265137,0.8289999961853027,18.0,0.0010363788087189415,0.04911832340730283,0.7797292113129962,433288.0,Close
THAR,836,2022-03-02,2025-07-01,1.7799999713897705,1.0509999990463257,761.25,-0.002506344215825862,0.09525692006494375,1.5121567268987992,124409.30861244019,Close
THC,11383,1980-05-02,2025-07-01,177.42999267578125,3.5999999046325684,208.8000030517578,0.000654328730106121,0.030511375583180886,0.4843530717095098,1044449.259421945,Close
THCH,1049,2021-04-28,2025-07-01,2.9570000171661377,2.180000066757202,50.75,-0.0016527874490030877,0.04406760243460396,0.6995515015009595,31652.221163012393,Close
THFF,8359,1992-04-20,2025-07-01,54.90999984741211,3.1080808639526367,54.90999984741211,0.0005721386226184473,0.021480224123747955,0.3409879868242044,23099.148582366313,Close
THG,7446,1995-11-28,2025-07-01,167.36000061035156,4.40615701675415,177.1074676513672,0.0005178460330404692,0.019900272193973962,0.31590702748649296,259211.804995971,Close
THM,4539,2007-06-18,2025-07-01,0.8999999761581421,0.1899999976158142,10.380000114440918,0.0010573432002569567,0.05144639948781995,0.8166862733667138,214528.7067636043,Close
THO,10418,1984-02-27,2025-07-01,90.81999969482422,0.3096077740192413,139.9369659423828,0.000843992051225358,0.025482741576377043,0.4045259816113183,364337.3824150509,Close
THQ,2715,2014-09-15,2025-07-01,18.6299991607666,6.665219783782959,20.79463005065918,0.00038476426091410874,0.013183809807023038,0.20928649249054448,136031.197053407,Close
THR,3527,2011-06-22,2025-07-01,28.61000061035156,10.010000228881836,35.68000030517578,0.0005178770967003526,0.0229353654795285,0.3640876397232485,152395.8605046782,Close
THRM,8037,1993-07-28,2025-07-01,29.729999542236328,0.625,98.58000183105467,0.0013454566861578426,0.055153625960959546,0.8755366691770486,158463.95421177056,Close
THRY,1778,2018-06-05,2025-07-01,12.59000015258789,5.864999771118164,41.68999862670898,0.0007416358446749824,0.036543537773463024,0.5801106778504691,180655.455568054,Close
THS,5001,2005-08-15,2025-07-01,20.799999237060547,18.149999618530277,104.3499984741211,0.00014371098107268586,0.02072453713295627,0.32899182774435504,442042.9914017196,Close
THTX,4087,2009-04-02,2025-07-01,2.299999952316284,0.7200000286102295,44.959999084472656,0.0010975436463272678,0.05208607240218794,0.8268407660777636,74490.69610961585,Close
THW,2485,2015-08-13,2025-07-01,10.479999542236328,4.661853313446045,12.14902400970459,0.0002449516481446038,0.013677877646185287,0.2171295762898547,135334.9698189135,Close
TIGO,1595,2019-02-27,2025-07-01,37.52999877929688,9.867504119873049,56.07548522949219,0.00010900547336906747,0.026158695888870046,0.4152564236623071,154074.35736677115,Close
TIGR,1547,2019-05-07,2025-07-01,9.420000076293944,2.200000047683716,36.720001220703125,0.001425968225297622,0.05797624400839587,0.920344341574884,3643495.6690368457,Close
TIL,1043,2021-05-06,2025-07-01,21.93000030517578,6.320000171661377,465.6000061035156,-0.0005485282361621073,0.06991151098632996,1.1098108311035342,66267.76126558006,Close
TILE,10605,1983-06-01,2025-07-01,21.46999931335449,1.1608498096466064,26.783342361450195,0.0006905758957377249,0.03271999656570656,0.5194138428704822,281710.88165959454,Close
TIMB,6663,1999-01-05,2025-07-01,20.229999542236328,3.300448179244995,38.636112213134766,0.0005544485376159869,0.029795867963444515,0.4729947403715446,643670.898994447,Close
TIPT,3666,2010-12-02,2025-07-01,23.920000076293945,2.8539509773254395,24.91980361938477,0.0009809166043549592,0.029968885123591096,0.47574130264131154,54425.04091653028,Close
TIRX,1078,2021-03-17,2025-07-01,1.149999976158142,1.1299999952316284,2399.75,-0.004021847453089323,0.07316828960411904,1.1615105888907098,130325.25417439704,Close
TISI,11241,1980-11-24,2025-07-01,18.709999084472656,3.9700000286102295,476.2000122070313,0.0006544161978249858,0.04141500134460097,0.6574427646313189,12749.11751623521,Close
TITN,4381,2008-02-01,2025-07-01,20.670000076293945,7.139999866485596,47.459999084472656,0.0006486747558606031,0.03453965717961425,0.5483000596001154,248966.5373202465,Close
TIVC,878,2021-12-30,2025-07-01,3.950000047683716,2.5199999809265137,6885.0,-0.002588041257960453,0.12250637074727048,1.9447283461101343,196728.18564920273,Close
TIXT,1074,2021-03-23,2025-07-01,3.680000066757202,2.200000047683716,39.68999862670898,-0.0013155419187899115,0.03273305890897266,0.5196212011414134,252024.95344506518,Close
TJX,9543,1987-08-13,2025-07-01,125.16000366210938,0.1766960322856903,135.02999877929688,0.0008413762655996028,0.02183998656414143,0.3466990385142614,10357044.053232737,Close
TK,7504,1995-09-06,2025-07-01,8.279999732971191,1.4954569339752195,50.3607292175293,0.0005347177549392625,0.03006037691822383,0.4771936898549188,610625.6263326226,Close
TKC,6248,2000-08-25,2025-07-01,6.21999979019165,0.5084303021430969,14.305819511413574,0.00043314855911834294,0.028948646717647797,0.4595455200405739,580144.6214788732,Close
TKLF,833,2022-03-07,2025-07-01,3.7309999465942383,2.059999942779541,32.0,0.0005157216292985595,0.0716679392053067,1.1376932646824256,100676.41056422569,Close
TKNO,975,2021-08-12,2025-07-01,4.929999828338623,1.2000000476837158,27.489999771118164,0.0003686179798094647,0.0609965406984518,0.968290065140001,152120.3076923077,Close
TKO,6431,1999-12-06,2025-07-01,175.61000061035156,2.8974742889404297,181.9499969482422,0.000826876262358555,0.02542910024316645,0.4036744518453032,515619.17275695846,Close
TKR,13169,1973-04-09,2025-07-01,75.44000244140625,1.5620393753051758,91.46678161621094,0.0004778080055861769,0.02071377868308349,0.3288210426472195,450808.0453337383,Close
TLF,7962,1993-11-11,2025-07-01,3.150000095367432,0.0719988346099853,7.015498161315918,0.0008376927393693878,0.04261095258958646,0.6764279020776569,9989.047977895001,Close
TLK,7422,1996-01-03,2025-07-01,17.149999618530273,0.4525450766086578,28.750919342041016,0.0005427879057968474,0.02661573027873605,0.42251161967944456,533485.011048235,Close
TLPH,3584,2011-03-31,2025-07-01,0.449999988079071,0.4300000071525574,262.3999938964844,8.307763761114256e-05,0.05429640702275814,0.861928740399354,65335.892857142855,Close
TLRY,1714,2018-09-05,2025-07-01,0.4199999868869781,0.3600000143051147,214.05999755859372,-0.0008476226450115541,0.06728922786529741,1.0681833770708078,19187275.2042007,Close
TLS,1124,2021-01-08,2025-07-01,3.119999885559082,1.590000033378601,40.209999084472656,-0.00022796447350170902,0.05671988570167987,0.9004002717519195,683832.2064056939,Close
TLSA,1627,2019-01-10,2025-07-01,1.5499999523162842,0.4199999868869781,6.989999771118164,0.0025582411913721566,0.07327671558930222,1.163231798045421,364909.8580208974,Close
TLSI,1070,2021-03-26,2025-07-01,5.150000095367432,3.5999999046325684,11.510000228881836,-5.916013164020875e-05,0.032626236067821605,0.5179254411092511,61772.33644859813,Close
TLYS,3275,2012-06-21,2025-07-01,1.6299999952316284,0.6899999976158142,18.128625869750977,7.835572201252693e-05,0.035476018862273286,0.5631643404972702,216743.48091603053,Close
TM,11383,1980-05-02,2025-07-01,171.5399932861328,2.0519161224365234,248.5626373291016,0.000554827361221447,0.01829041441434821,0.29035132750005876,217373.03619432487,Close
TMC,922,2021-10-27,2025-07-01,5.940000057220459,0.550000011920929,7.489999771118164,0.003108368879358464,0.07129068807230532,1.1317045886039914,2804286.7678958783,Close
TMCI,1019,2021-06-10,2025-07-01,6.019999980926514,4.170000076293945,36.11000061035156,-0.0005067172646921311,0.04625366636191698,0.7342541905115161,480447.10500490677,Close
TMCWW,920,2021-10-29,2025-07-01,1.2799999713897705,0.0520000010728836,1.75,0.007275289071505559,0.11862646188327762,1.8831367023278127,137584.78260869565,Close
TMDX,1517,2019-06-19,2025-07-01,130.10000610351562,10.5,176.11000061035156,0.0020407161902411936,0.04629866863860161,0.7349685795067515,559781.6743572841,Close
TME,1613,2019-01-31,2025-07-01,19.239999771118164,3.091823101043701,31.502904891967773,0.0008104217365406463,0.03638871294298865,0.5776529098611916,10698382.021078736,Close
TMHC,3043,2013-05-28,2025-07-01,64.20999908447266,7.050000190734863,74.80000305175781,0.000668983487321968,0.027237793241322375,0.4323865630724095,982506.9010844561,Close
TMO,11383,1980-05-02,2025-07-01,421.4700012207031,0.8127897381782532,660.9456176757812,0.000677763324052783,0.019921133707681987,0.31623819374995576,1151455.9897215145,Close
TMP,9814,1986-07-18,2025-07-01,64.55000305175781,1.3881399631500244,79.22626495361328,0.000650435151241081,0.02663544753471498,0.42282462141458566,18924.83696759731,Close
TMQ,3282,2012-06-12,2025-07-01,1.3899999856948853,0.1599999964237213,3.109999895095825,0.000835968775260835,0.045133723010764154,0.7164756409737321,238919.40889701401,Close
TMUS,4547,2007-06-06,2025-07-01,241.50999450683597,8.928356170654297,271.8266906738281,0.0006486600198765208,0.025472105380668516,0.40435713723887484,3978332.9777875524,Close
TNC,13168,1973-04-10,2025-07-01,79.72000122070312,0.9532887935638428,120.91800689697266,0.0005183086995658732,0.0212409732079526,0.33718999627937063,52938.31257594168,Close
TNDM,2890,2014-01-03,2025-07-01,17.239999771118164,2.240000009536743,299.79998779296875,0.00018126236477942941,0.04616017912111668,0.7327701265720249,925728.4048442907,Close
TNET,2800,2014-05-14,2025-07-01,75.19000244140625,12.118834495544434,132.05674743652344,0.0007609686012655876,0.025467330501019472,0.40428133837432506,392390.89285714284,Close
TNFA,2844,2014-03-12,2025-07-01,0.123999997973442,0.1230000033974647,59904.0,-0.001691153448446717,0.0787205363306858,1.2496497732277183,132496.65576652603,Close
TNGX,1178,2020-10-21,2025-07-01,5.440000057220459,1.100000023841858,17.299999237060547,0.001104934840283262,0.060551509053762304,0.9612254067955863,668068.2512733446,Close
TNK,4381,2008-02-01,2025-07-01,41.880001068115234,6.619032859802246,72.45718383789062,0.0005755976757841372,0.03565630939354145,0.5660263639541218,257111.70189454462,Close
TNL,4735,2006-09-05,2025-07-01,53.720001220703125,0.8162506222724915,56.54778289794922,0.000834287656789522,0.029343982929403534,0.4658212878439582,2768842.1524815205,Close
TNMG,809,2022-04-08,2025-07-01,0.4799999892711639,0.2790000140666961,17.0,-0.001872812264975193,0.06971360027061378,1.1066690958900554,376920.51915945613,Close
TNXP,3271,2012-06-27,2025-07-01,37.29999923706055,7.380000114440918,12800000000.0,-0.0024026095198010785,0.08646843925003803,1.372643919068982,73048.11128095383,Close
TNYA,951,2021-09-16,2025-07-01,0.6029999852180481,0.3880000114440918,29.57999992370605,-0.0014594171927381243,0.06761405440499735,1.0733398385304858,948204.2060988434,Close
TOI,1242,2020-07-22,2025-07-01,2.200000047683716,0.1319999992847442,11.289999961853027,0.0008018546825739643,0.06507572143536665,1.0330450518365724,367663.60708534624,Close
TOL,9789,1986-08-22,2025-07-01,117.9800033569336,0.512065589427948,167.04466247558594,0.000925856958544226,0.02910558193677036,0.4620367894110483,1870230.4729798753,Close
TOMZ,4251,2008-08-07,2025-07-01,1.100000023841858,0.0799999982118606,72.0,0.005164367121404135,0.1136954147062953,1.8048587551272788,75828.50623382734,Close
TOON,3338,2012-03-22,2025-07-01,0.7350000143051147,0.4930000007152557,870.0,0.0004253072226950406,0.07346661952474216,1.1662464295624202,413447.8996405033,Close
TOPS,3270,2004-09-17,2022-06-23,93.5999984741211,93.5999984741211,549935028109312.0,-0.002770099182259862,0.07942456499806852,1.2608258818462474,34.46758409785933,Close
TOST,914,2021-11-08,2025-07-01,43.02999877929688,12.68000030517578,60.75,0.00047745967356212503,0.04043499840325626,0.6418857002298594,6624715.3172866525,Close
TOUR,2770,2014-06-26,2025-07-01,0.8500000238418579,0.4637746512889862,23.1887321472168,7.335124729561299e-05,0.04870049689281092,0.7730964210219091,430313.17689530685,Close
TOVX,4629,2007-02-07,2025-07-01,0.4399999976158142,0.4300000071525574,157500.0,9.534172513113303e-05,0.08238529047147557,1.3078259416640616,75986.03542881832,Close
TOWN,6547,1999-06-22,2025-07-01,34.880001068115234,2.6509504318237305,36.94586181640625,0.0006172338044480887,0.023328746305424957,0.37033236673842784,86841.4906063846,Close
TPB,2265,2016-06-28,2025-07-01,72.80000305175781,8.743245124816895,80.91845703125,0.0013619795722254328,0.029270460949873536,0.4646541626015569,145329.4922737307,Close
TPC,13119,1973-06-20,2025-07-01,46.36000061035156,1.4710655212402344,70.7376937866211,0.0007732115435512009,0.0331750081267786,0.5266369274760176,159026.9990090708,Close
TPCS,4372,2008-02-14,2025-07-01,3.7100000381469727,0.0599999986588954,8.300000190734863,0.0019620753083010906,0.07288426053866441,1.1570017672568675,48597.506861848124,Close
TPG,835,2022-03-03,2025-07-01,52.84000015258789,21.03931427001953,70.0861587524414,0.0011039755821460804,0.02540826189102194,0.40334365326026267,824994.371257485,Close
TPH,3090,2013-03-20,2025-07-01,33.47999954223633,6.139999866485596,46.68999862670898,0.0004877616940313843,0.02512470734073992,0.3988423643212607,1435382.8802588996,Close
TPIC,2215,2016-09-08,2025-07-01,0.890999972820282,0.6840000152587891,78.73999786376953,8.348466453499431e-05,0.05650039151839882,0.8969159096127982,697387.9458239278,Close
TPL,11383,1980-05-02,2025-07-01,1068.6800537109375,0.7889383435249329,1723.8541259765625,0.0008125023072809472,0.021772999107226364,0.3456356456025139,58840.51655978213,Close
TPR,6186,2000-11-22,2025-07-01,86.94000244140625,1.6498347520828247,88.43341064453125,0.0009953726210267626,0.027221026906293376,0.4321204057551012,4129753.5725832526,Close
TPST,3144,2012-12-31,2025-07-01,6.900000095367432,2.990000009536743,156370.5,0.010887217857571945,0.7109241294795229,11.285570685827404,36608.49332061069,Close
TPTA,982,2021-08-03,2025-07-01,19.5,10.181715965270996,19.616411209106445,0.00023762230922988386,0.02039596231855752,0.3237758642684853,3659.164969450102,Close
TPVG,2815,2014-04-23,2025-07-01,6.940000057220459,1.4445306062698364,11.224790573120115,0.0007705995604489955,0.0403615746325858,0.6407201340047712,192762.59325044404,Close
TR,11383,1980-05-02,2025-07-01,34.81999969482422,0.2221741080284118,42.45558547973633,0.0005831412887249025,0.01698425503376555,0.26961669013824346,115781.92409733814,Close
TRAK,6425,1999-12-14,2025-07-01,19.350000381469727,0.4908530116081238,101.23841094970705,0.0071743479903653515,0.1775469764682017,2.818470874597792,31767.07859922179,Close
TRAW,2969,2013-09-11,2025-07-01,1.4600000381469729,1.100000023841858,1639125.0,-0.002276057007244622,0.07156283436631898,1.1360247770891196,49802.46446615022,Close
TRC,11383,1980-05-02,2025-07-01,17.3799991607666,3.616304636001587,58.36542892456055,0.00036714103941279066,0.022667174585088355,0.3598302412597649,34544.22173416498,Close
TRDA,887,2021-12-16,2025-07-01,7.110000133514404,5.489999771118164,22.790000915527344,0.0005814097189365859,0.056451654949338036,0.896142240563862,96892.22096956031,Close
TREE,4215,2008-09-29,2025-07-01,38.33000183105469,1.451494216918945,433.3399963378906,0.0012875230953735403,0.04054660934728322,0.6436574690387902,191987.85290628707,Close
TREX,6566,1999-05-25,2025-07-01,57.68000030517578,0.6762499809265137,140.67999267578125,0.0010253013139238526,0.03350750618507782,0.5319151705180472,1263701.5382272312,Close
TRGP,3630,2011-01-25,2025-07-01,171.97000122070312,4.250638484954834,215.2109832763672,0.001129947028823047,0.029828277361184544,0.4735092236109136,1584647.0523415979,Close
TRI,5768,2002-07-30,2025-07-01,201.6699981689453,11.62291431427002,201.6699981689453,0.0005817058524365225,0.01474103136786548,0.2340066184078461,550627.791262136,Close
TRIB,8197,1992-12-08,2025-07-01,0.699999988079071,0.5199999809265137,136.35723876953125,0.0004435832334793033,0.04615703332460559,0.7327201886005635,51717.99194827376,Close
TRIN,1077,2021-03-18,2025-07-01,14.039999961853027,6.771282196044922,15.456501007080078,0.0006667684235400085,0.017330523280282943,0.27511352814146406,328693.77901578456,Close
TRIP,3377,2012-01-26,2025-07-01,13.869999885559082,10.670000076293944,98.0070571899414,0.00028101707830229525,0.03126866847888512,0.49637472373952607,2475573.5267989337,Close
TRMB,8768,1990-09-06,2025-07-01,76.45999908447266,0.9583330154418944,95.72000122070312,0.000980498487790042,0.031499972531301455,0.5000465617391365,1322511.4165145985,Close
TRMD,1815,2018-04-12,2025-07-01,16.709999084472656,2.8677453994750977,34.72078323364258,0.001548892907849866,0.039437727871234916,0.62605452132437,305307.4931129477,Close
TRMK,11383,1980-05-02,2025-07-01,37.5,0.2833322584629059,39.20378494262695,0.0006828045635575133,0.022570281509908568,0.3582921113756249,170956.31204427656,Close
TRML,1009,2021-06-24,2025-07-01,15.829999923706056,4.162071704864502,75.51250457763672,0.00023902350597501646,0.05611777564597108,0.8908420709361392,128809.25668979187,Close
TRN,13119,1973-06-20,2025-07-01,27.65999984741211,0.0437309443950653,38.98697280883789,0.0007576525646373805,0.024816101108506943,0.39394339226006214,1280337.365195518,Close
TRNO,3838,2010-03-30,2025-07-01,56.54999923706055,7.912351608276367,77.1620864868164,0.0004940363708950496,0.015192484499901546,0.24117321470365793,306331.83949973946,Close
TRNS,11959,1978-01-23,2025-07-01,87.06999969482422,0.125,144.07000732421875,0.0015044736580374174,0.044624781125977675,0.708396439020155,12412.977673718538,Close
TROO,4302,2008-05-27,2025-07-01,0.6800000071525574,0.5,32.0,0.0020614404317018608,0.09141063122995795,1.4510987845314183,222225.44165504415,Close
TROW,9856,1986-05-19,2025-07-01,98.66999816894533,0.2265367060899734,189.2879638671875,0.0008274911743670297,0.023410866792666293,0.371635989059132,1321487.7637987013,Close
TROX,3634,2011-01-19,2025-07-01,5.400000095367432,2.229687213897705,22.61336898803711,0.0005231416155563399,0.038357841615809116,0.6089118584678094,1185277.9306549258,Close
TRP,10749,1982-11-04,2025-07-01,47.880001068115234,0.8221983909606934,51.400001525878906,0.00048010079284124357,0.01473521222142789,0.2339142423219469,564046.3671039166,Close
TRS,4526,2007-07-06,2025-07-01,29.049999237060547,0.7553750872612,37.63236999511719,0.0007149656245674444,0.030342758973658554,0.48167636601524394,209827.1745470614,Close
TRST,10601,1983-06-07,2025-07-01,34.47999954223633,0.5254209637641907,36.93574905395508,0.0006693102530606964,0.02405144670141906,0.3818048798596776,39537.125176870104,Close
TRT,8286,1992-08-03,2025-07-01,5.329999923706055,1.1699999570846558,23.433692932128903,0.0009347744309475967,0.040709415577419236,0.6462419378197813,18778.622857832488,Close
TRTX,1965,2017-09-06,2025-07-01,7.860000133514404,1.3381112813949585,9.684475898742676,0.0006788522173025622,0.0385327008024205,0.6116876620011819,456357.76081424934,Close
TRU,2486,2015-08-12,2025-07-01,89.9000015258789,20.295351028442383,122.27606964111328,0.0007415273588076967,0.021445649843536422,0.34043913714101176,1308483.7489943684,Close
TRUE,2765,2014-07-03,2025-07-01,1.830000042915344,1.2799999713897705,24.149999618530277,6.176660602687235e-05,0.039912415469593156,0.6335899533385845,933610.5967450271,Close
TRUG,864,2022-01-20,2025-07-01,6.150000095367432,5.590000152587891,627.5,-0.0025087081352845467,0.0692302577359453,1.0989962710213008,19849.94212962963,Close
TRUP,2722,2014-09-04,2025-07-01,54.09999847412109,5.349999904632568,155.41000366210938,0.0014238472339792232,0.03854074478551955,0.6118153562741647,397534.38648052904,Close
TRV,12476,1976-01-06,2025-07-01,267.0,2.161989450454712,275.204833984375,0.0005214596954300045,0.017210597193900983,0.27320976053980855,1380408.6486053222,Close
TRVG,2112,2017-02-06,2025-07-01,3.859999895095825,1.6200000047683716,56.80069351196289,-3.951048420049737e-05,0.04259009732198673,0.6760968349680894,163495.54924242425,Close
TRVI,1514,2019-06-24,2025-07-01,5.699999809265137,0.4600000083446502,8.229999542236328,0.0016946374580442602,0.06560226519460911,1.0414036748846642,463866.8428005284,Close
TRX,5033,2005-06-29,2025-07-01,0.3300000131130218,0.2000000029802322,8.869999885559082,0.0008473022775302516,0.046751373189288056,0.742155041457773,516063.36181204056,Close
TS,5638,2003-02-04,2025-07-01,36.97999954223633,2.289583444595337,48.81318664550781,0.0008133459811380365,0.02545718931463965,0.40412035203136404,1971093.047179851,Close
TSAT,4981,2005-09-13,2025-07-01,24.989999771118164,2.3582725524902344,58.99077224731445,0.000709669102471242,0.03318793967279402,0.526842209404964,78252.39911664324,Close
TSBK,6876,1998-03-03,2025-07-01,31.950000762939453,1.6467541456222534,33.17104721069336,0.0006001080333885302,0.02494698708195294,0.3960211426751304,16191.012216404886,Close
TSCO,7861,1994-04-07,2025-07-01,54.08000183105469,0.0801759138703346,60.22670364379883,0.0009672095856311526,0.02414320245480601,0.3832614572886051,6834106.678539626,Close
TSE,2747,2014-07-30,2025-07-01,3.049999952316284,1.9964009523391724,68.57604217529297,0.0002244429420106445,0.03893576074415112,0.6180860402168104,454572.6246814707,Close
TSEM,7688,1994-12-13,2025-07-01,42.41999816894531,1.5,598.125,0.0005501287594617923,0.03836938380409958,0.6090950850266216,242821.8266129032,Close
TSHA,1164,2020-11-10,2025-07-01,2.3399999141693115,0.5899999737739563,31.75,0.0009605003199822412,0.08747708862239614,1.388655731464908,1567682.9896907217,Close
TSI,9627,1987-04-14,2025-07-01,4.920000076293945,0.177489548921585,4.920000076293945,0.00038748129244847447,0.013250972753460849,0.21035267121210127,85383.73325023372,Close
TSLA,3742,2010-08-16,2025-07-01,300.7099914550781,1.2513329982757568,479.8599853515625,0.0021298991343619874,0.03639866096835512,0.5778108298681266,97530596.98022448,Close
TSLX,2804,2014-05-08,2025-07-01,23.790000915527344,5.197425842285156,23.809999465942383,0.0006122608156245915,0.013887102236924301,0.2204509137013829,295451.4978601997,Close
TSM,6941,1997-11-25,2025-07-01,224.67999267578125,1.5445481538772583,228.57000732421875,0.001025448445257436,0.02709775164532308,0.4301634716550973,9974274.61115113,Close
TSN,11383,1980-05-02,2025-07-01,57.34999847412109,1.1064273118972778,88.75822448730469,0.0006327057731318701,0.023157586159776335,0.36761528365991675,1825541.9616972678,Close
TSQ,2718,2014-09-10,2025-07-01,8.050000190734863,3.126741886138916,12.337414741516112,0.0004067215873988285,0.029335074402177554,0.4656798693584315,50712.54598969831,Close
TSSI,4936,2005-11-15,2025-07-01,26.61000061035156,0.0299999993294477,31.100000381469727,0.005650675877440207,0.1310982377617293,2.081120006618116,86749.25040518638,Close
TT,11383,1980-05-02,2025-07-01,434.1700134277344,0.5997937917709351,437.4100036621094,0.0007556284788249625,0.020071637854567614,0.3186273730136156,2555043.0076429765,Close
TTC,11383,1980-05-02,2025-07-01,73.72000122070312,0.1289006769657135,111.43428802490234,0.0006639889515974939,0.019100256603550827,0.30320717370308825,714814.3371694633,Close
TTD,2173,2016-11-07,2025-07-01,73.48999786376953,2.2799999713897705,139.50999450683594,0.002478858730826383,0.04311476041124616,0.6844256033057414,9121588.5411873,Close
TTE,8447,1991-12-12,2025-07-01,61.90999984741211,2.458138942718506,70.61579895019531,0.0005312269911332438,0.017831456134991826,0.28306559068407217,1586875.8612525156,Close
TTEC,7242,1996-09-18,2025-07-01,4.960000038146973,2.776768445968628,105.28421783447266,0.0003814756446797863,0.03523251403820246,0.5592988212520545,286483.2090582712,Close
TTEK,8411,1992-02-04,2025-07-01,36.09999847412109,0.3474611937999725,50.266563415527344,0.0008855008503534015,0.026987056800174936,0.4284062454650245,1723444.3036499822,Close
TTGT,4527,2007-07-05,2025-07-01,7.860000133514404,2.150000095367432,110.5,0.0006537054793757961,0.03912720999762945,0.621125202897166,138866.11442456374,Close
TTI,8843,1990-05-21,2025-07-01,3.369999885559082,0.2199999988079071,29.753780364990234,0.0007623633852919014,0.038804985630907264,0.616010049652893,805951.334388782,Close
TTMI,6195,2000-11-09,2025-07-01,40.619998931884766,1.2699999809265137,40.81999969482422,0.000771165329574913,0.03635622508065317,0.5771371810349849,647611.0250201776,Close
TTNP,7378,1996-03-06,2025-07-01,4.260000228881836,3.150000095367432,1292817.625,0.0022824505095930124,0.1858750562801531,2.950675043084518,7694.067497966928,Close
TTSH,3199,2012-10-09,2025-07-01,6.449999809265137,0.4240192770957947,25.742982864379883,0.0006561337621971538,0.039768297159639567,0.6313021460935357,391348.7339793685,Close
TTWO,7065,1997-06-02,2025-07-01,240.1000061035156,3.33312726020813,243.0500030517578,0.0010557601523592905,0.03221221137813042,0.5113530029158697,1738334.3312101911,Close
TU,7259,1996-08-23,2025-07-01,16.280000686645508,0.3519519567489624,23.754318237304688,0.000557520207209203,0.020243932896457144,0.32136247201143053,631172.6546356247,Close
TURN,10625,1983-05-03,2025-07-01,4.0,1.5637273788452148,92.84691619873048,0.0008082865587071186,0.04286385922017063,0.6804426703743269,26191.73383529412,Close
TUSK,2156,2016-12-01,2025-07-01,2.809999942779541,0.5799999833106995,39.9801025390625,0.0007139831714443848,0.05641829276389861,0.895612632288664,229150.04638218923,Close
TUYA,1043,2021-05-06,2025-07-01,2.3299999237060547,0.7945144772529602,24.888404846191406,-0.0004390024320793271,0.05558106404464556,0.8823220383989158,1236781.4956855224,Close
TV,7907,1994-01-31,2025-07-01,2.25,1.600000023841858,36.17277908325195,0.0001405499448217639,0.026946733389472913,0.42776613116463563,2260368.5974453017,Close
TVC,6686,1998-12-01,2025-07-01,23.56999969482422,6.931355953216553,25.56169891357422,0.00018275607359206992,0.006530043982168584,0.10366123456279183,24640.338019742747,Close
TVE,6537,1999-07-07,2025-07-01,23.420000076293945,6.750360488891602,24.924861907958984,0.0001900574972571117,0.006114396031214402,0.0970630278957218,20246.51981031054,Close
TVGN,841,2022-02-23,2025-07-01,1.2200000286102295,0.2590000033378601,11.369999885559082,0.0008058094788453502,0.09792191494481803,1.5544622090832458,1618115.5766944115,Close
TVRD,2838,2014-03-20,2025-07-01,22.149999618530277,8.748000144958496,1050.8399658203125,0.00010443201070804538,0.05061804699641946,0.8035365852258352,22117.633192389007,Close
TVTX,3146,2012-12-27,2025-07-01,14.710000038146973,2.900000095367432,36.09999847412109,0.0013394886893592993,0.04320924572046518,0.6859255110901968,667266.0203432931,Close
TW,1536,2019-05-22,2025-07-01,137.82000732421875,35.424705505371094,148.89620971679688,0.0009509418445600264,0.01894047245250998,0.3006706789404663,829335.6119791666,Close
TWI,8051,1993-07-08,2025-07-01,10.470000267028809,0.495708554983139,35.94818115234375,0.0007913859944113151,0.038264466172382855,0.6074295692566117,387266.9064712458,Close
TWIN,11383,1980-05-02,2025-07-01,9.489999771118164,1.4731751680374146,40.69074630737305,0.0004996013431493081,0.026519258500373614,0.4209801776749457,27282.79891065624,Close
TWLO,2235,2016-08-10,2025-07-01,117.2300033569336,23.170000076293945,443.489990234375,0.0011569950394053304,0.03771248461052482,0.5986671336107955,3310583.042505593,Close
TWN,9676,1987-02-03,2025-07-01,45.09000015258789,2.260646343231201,45.09000015258789,0.0005384258619162221,0.021447864101582895,0.3404742873977887,41959.05332782141,Close
TWO,3907,2009-12-17,2025-07-01,10.890000343322754,4.979117393493652,32.570011138916016,0.00035405444597144046,0.024683962652681316,0.3918457593036059,754327.6808292808,Close
TWST,1641,2018-12-19,2025-07-01,36.75,11.489999771118164,207.97000122070312,0.0016036293024657524,0.0491744702051097,0.7806205140964538,807533.8817794028,Close
TX,4851,2006-03-21,2025-07-01,30.479999542236328,2.4712235927581787,44.05394744873047,0.0005784078050092372,0.028880895730488552,0.45847000646195896,408683.6940836941,Close
TXG,1425,2019-10-29,2025-07-01,12.0600004196167,7.139999866485596,202.3699951171875,-0.0002027494242807307,0.04177265955491718,0.6631204127044615,1282346.8771929825,Close
TXMD,4462,2007-10-05,2025-07-01,1.1299999952316284,0.7300000190734863,8000.0,0.0056103724227850454,0.18725485435261752,2.972578658439881,69334.83325862842,Close
TXN,13349,1972-07-19,2025-07-01,210.4499969482422,0.5272120833396912,216.8231201171875,0.0007060141232879323,0.02367054102298249,0.3757581896709846,8328472.357479961,Close
TXNM,13169,1973-04-09,2025-07-01,56.5,1.7038155794143677,56.900001525878906,0.000352718679484226,0.016682456321828326,0.2648257841115304,376107.01268129697,Close
TXRH,5185,2004-11-19,2025-07-01,189.22000122070312,3.439295530319214,203.09815979003903,0.0008359954141939017,0.02294222422732821,0.36419651896914856,811431.4946962391,Close
TXT,13169,1973-04-09,2025-07-01,80.9800033569336,0.7147568464279175,96.85940551757812,0.0005559422692163826,0.02228737253201413,0.353801070580568,1365833.1308375732,Close
TY,11383,1980-05-02,2025-07-01,31.76000022888184,0.6991486549377441,33.75876998901367,0.0003993564148741808,0.011446652734889963,0.1817099788838172,67457.09391197399,Close
TYG,5339,2004-04-13,2025-07-01,43.5099983215332,3.53491473197937,78.62887573242188,0.0005371581084996646,0.02854869231544425,0.45319644073659743,43209.92695261285,Close
TYGO,925,2021-10-21,2025-07-01,1.3300000429153442,0.6700000166893005,26.26000022888184,-0.0006317321965771458,0.05689452023925362,0.903172509092377,52978.7027027027,Close
TYL,11383,1980-05-02,2025-07-01,590.0499877929688,0.7164821624755859,646.739990234375,0.0010860320414306502,0.03164865118818207,0.5024067622473517,143509.24185188438,Close
TYRA,919,2021-11-01,2025-07-01,9.720000267028809,5.260000228881836,31.350000381469727,0.0005051907898701438,0.053326370393727285,0.8465298863011196,144230.03264417846,Close
TZOO,5714,2002-10-15,2025-07-01,13.119999885559082,3.0,106.0,0.001375002531217623,0.0494235798836258,0.784575007647651,256017.2383619181,Close
U,1168,2020-11-04,2025-07-01,24.01000022888184,13.93000030517578,201.1199951171875,-5.789718256402969e-05,0.04781813322208494,0.759089331989955,8639630.308219178,Close
UA,2299,2016-05-10,2025-07-01,6.739999771118164,4.730000019073486,39.27999877929688,-0.00022719609959174098,0.03144132303624725,0.49911552986853885,3524738.13092649,Close
UAA,4900,2006-01-09,2025-07-01,7.090000152587891,1.5412499904632568,52.04999923706055,0.0006039235056452707,0.03182345551368833,0.5051816948876794,7268119.897959184,Close
UAL,4848,2006-03-24,2025-07-01,80.05000305175781,3.130000114440918,110.5199966430664,0.0009559983540237036,0.04049846291830334,0.6428931681732106,8132624.422442244,Close
UAMY,6343,2000-04-11,2025-07-01,1.9700000286102293,0.1199999973177909,4.78000020980835,0.0035025212962684874,0.08431579768146308,1.3384717935551262,399507.1574964528,Close
UAN,3545,2011-05-26,2025-07-01,89.18000030517578,3.106088638305664,101.42313385009766,0.0006460311213998809,0.031830756202289305,0.5052975897263057,39611.81664315938,Close
UAVS,4525,2007-07-09,2025-07-01,1.0800000429153442,0.75,2812500.0,0.003287330350625033,0.14800723112945416,2.3495419548467593,156012.91690607736,Close
UBCP,8092,1993-05-10,2025-07-01,14.59000015258789,1.5623438358306885,16.823795318603516,0.000677538682710335,0.02956996935430408,0.4694087111237387,3021.324641621354,Close
UBER,1511,2019-06-27,2025-07-01,92.12999725341795,14.81999969482422,93.3000030517578,0.0010570592585545865,0.03334186920846318,0.5292857650298134,24193424.751819987,Close
UBFO,6591,1999-04-20,2025-07-01,9.029999732971191,1.1448651552200315,12.911675453186035,0.0006338417648868481,0.031110132639649197,0.4938580453124711,15795.230314064633,Close
UBS,6286,2000-07-03,2025-07-01,33.77000045776367,5.179370403289795,47.32256317138672,0.0003998244684125806,0.024373131637405784,0.3869114699064972,2536284.7120585428,Close
UBSI,9559,1987-07-22,2025-07-01,37.560001373291016,1.129729986190796,42.001953125,0.0006038815403516486,0.024703761491375053,0.39216005612419497,246629.39638037453,Close
UBX,1767,2018-06-20,2025-07-01,0.3429999947547912,0.3429999947547912,229.6999969482422,-0.001509029081054526,0.05908042590713961,0.9378726858124142,137789.29258630448,Close
UCB,5825,2002-05-08,2025-07-01,30.86000061035156,4.813327789306641,125.28699493408205,0.0002861104037757344,0.02887734346130391,0.4584136159368439,296382.96,Close
UCL,1238,2020-07-28,2025-07-01,1.870000004768372,0.4900000095367431,14.5600004196167,0.0006394462151942524,0.069308250226877,1.1002343634321152,85115.10500807755,Close
UCTT,5318,2004-05-12,2025-07-01,23.799999237060547,0.9399999976158142,65.01000213623047,0.00094453566557421,0.038719198284698636,0.6146482177506676,338013.31327566755,Close
UDMY,887,2021-12-16,2025-07-01,7.110000133514404,5.78000020980835,19.540000915527344,-0.00046424144727672624,0.03786829619812578,0.6011405658838412,755540.924464487,Close
UDR,11383,1980-05-02,2025-07-01,40.86000061035156,0.2639676034450531,53.0595817565918,0.0005880214060693924,0.017133572398620397,0.27198702982121997,944092.8841254503,Close
UE,2596,2015-03-06,2025-07-01,18.850000381469727,5.937222003936768,22.944351196289062,0.00030065492941560776,0.021574953858364696,0.3424917747415587,813924.7303543914,Close
UEC,4556,2007-05-23,2025-07-01,6.550000190734863,0.1899999976158142,8.600000381469727,0.0012839416933250996,0.05026781345316582,0.7979768000883825,2763788.6962247584,Close
UEIC,8118,1993-04-01,2025-07-01,6.690000057220459,1.9375,78.98999786376953,0.0005005907104659695,0.0334297372352632,0.5306806267124542,93087.28750923873,Close
UFCS,11382,1980-05-05,2025-07-01,28.3700008392334,0.5250949859619141,47.89730072021485,0.0005998439381720287,0.023767518957289298,0.37729766665200404,46768.414074855034,Close
UFI,11383,1980-05-02,2025-07-01,5.019999980926514,1.0392454862594604,127.98638153076172,0.0006566492169464981,0.032257854771411694,0.5120775693215619,68258.52314855486,Close
UFPI,7930,1993-12-29,2025-07-01,105.47000122070312,1.5644184350967407,137.73289489746094,0.0008142908234314512,0.026365406318055916,0.4185378499964825,298293.9092055485,Close
UFPT,7904,1994-02-03,2025-07-01,252.3600006103516,0.7599999904632568,358.4200134277344,0.001553216764195768,0.04723992315498784,0.7499105317313975,29877.884615384617,Close
UG,11383,1980-05-02,2025-07-01,8.029999732971191,0.4365649819374084,22.1275691986084,0.000662714394348062,0.03264715127838656,0.5182574597838917,5684.354651673549,Close
UGI,13169,1973-04-09,2025-07-01,35.08000183105469,0.1743023246526718,44.69171905517578,0.00047786134465118373,0.01576420838036942,0.2502490499415468,558915.2137595869,Close
UGP,6439,1999-11-23,2025-07-01,3.309999942779541,0.2939665019512176,10.465767860412598,0.0006604520111731027,0.02696148199089775,0.42800025795397245,870263.3328156546,Close
UGRO,1380,2020-01-03,2025-07-01,0.3000000119209289,0.061999998986721,74.98999786376953,0.023202076829828333,0.5500986397145103,8.732545183437082,102022.97101449275,Close
UHAL,7681,1994-12-22,2025-07-01,61.290000915527344,0.1643914431333542,78.4000015258789,0.0010047923203433755,0.0328061939766232,0.5207821843481407,489053.2352558261,Close
UHG,1037,2021-05-14,2025-07-01,2.7100000381469727,1.7200000286102295,20.799999237060547,-7.147260883255968e-05,0.051243046746654065,0.8134581486774246,85387.84956605593,Close
UHS,11052,1981-08-25,2025-07-01,188.94000244140625,0.3292639553546905,240.7511749267578,0.0007661392913949,0.023502356629499125,0.3730883451936293,791985.7401375317,Close
UHT,9669,1987-02-12,2025-07-01,40.52999877929688,0.5033408999443054,96.139892578125,0.0006001823383702731,0.018135043889218994,0.2878848968766903,34648.80546075085,Close
UI,3414,2011-12-01,2025-07-01,409.0199890136719,7.221513748168945,456.0616760253906,0.0014323129035594994,0.03195776796619715,0.5073138389715846,402884.9736379613,Close
UIS,13349,1972-07-19,2025-07-01,4.590000152587891,2.630000114440918,493.125,0.00027669586371163247,0.03422047519966713,0.5432332027486357,285204.0812045846,Close
UK,1385,2019-12-26,2025-07-01,1.0490000247955322,1.034999966621399,2640.0,-0.0036110186447624835,0.06309064083166858,1.001532874177754,44949.92129963899,Close
UL,11377,1980-05-12,2025-07-01,61.47999954223633,0.2778349816799164,64.87981414794922,0.000585052613740109,0.015358796977480185,0.24381334343725844,727272.5639448009,Close
ULBI,8153,1993-02-10,2025-07-01,9.020000457763672,1.7400000095367432,24.5,0.0007800683228211565,0.04019993556024379,0.6381541932793624,79060.57892800197,Close
ULCC,1034,2021-05-19,2025-07-01,3.910000085830689,2.8399999141693115,21.90999984741211,-0.0007113175133403515,0.041460905215904446,0.6581714659974235,1937430.9477756287,Close
ULH,5095,2005-04-01,2025-07-01,27.459999084472656,7.360823154449463,51.746429443359375,0.0006217602462875295,0.03131230627062812,0.49706745220782217,37375.05397448479,Close
ULTA,4415,2007-12-12,2025-07-01,473.4400024414063,4.242528438568115,567.1799926757812,0.0011203306846165341,0.028627603673013594,0.4544491197030793,850124.4167610419,Close
UMBF,11383,1980-05-02,2025-07-01,108.13999938964844,2.415236473083496,126.2151107788086,0.0005100717014425648,0.01873747193981318,0.29744814570478023,117216.19546692436,Close
UMC,6199,2000-11-03,2025-07-01,7.610000133514404,0.7578957676887512,10.338980674743652,0.0004780915516128031,0.029773402780775202,0.47263811665254074,3818443.3395708986,Close
UMH,10136,1985-04-09,2025-07-01,16.959999084472656,0.1394811421632766,23.1094970703125,0.0006368811173237146,0.019036972893664152,0.302202575952678,69452.06195737964,Close
UNB,6481,1999-09-24,2025-07-01,27.13999938964844,2.8958184719085693,39.42270278930664,0.000539391258666093,0.02237752988373237,0.3552322741696318,2760.9088103687704,Close
UNCY,965,2021-08-26,2025-07-01,4.900000095367432,2.359999895095825,30.5,0.0009863497347652268,0.08117625271584228,1.2886330623015014,118478.22797927461,Close
UNF,10414,1984-03-02,2025-07-01,190.41000366210935,2.6333377361297607,250.07408142089844,0.0005808510592225397,0.01993037756326176,0.3163849354080726,46158.20049932783,Close
UNFI,7177,1996-12-19,2025-07-01,22.8799991607666,3.53125,83.52999877929688,0.0006833267238867617,0.032106511887789624,0.5096750755249816,556055.6639264317,Close
UNH,10222,1984-12-04,2025-07-01,326.1400146484375,0.067257821559906,615.8387451171875,0.001110171514307222,0.025057733657644167,0.39777919006211626,6476794.883584426,Close
UNIT,2533,2015-06-05,2025-07-01,4.400000095367432,2.514732837677002,15.606568336486816,0.00019461111651214883,0.03256334175574407,0.5169270248574251,2156899.6841689697,Close
UNM,9703,1986-12-24,2025-07-01,82.05999755859375,1.7090437412261963,82.89881896972656,0.0006504192781788904,0.024269686374432865,0.38526932726569313,1552028.9601154283,Close
UNMA,1735,2018-08-06,2025-07-01,23.13999938964844,11.554229736328123,24.79846954345703,0.0002738571719507543,0.012886762898935889,0.20457101901142893,23481.671469740635,Close
UNP,11435,1980-02-19,2025-07-01,235.57000732421875,0.9030680060386658,256.44903564453125,0.0006065453592154062,0.01737836068184306,0.2758729233488377,3961605.316222125,Close
UNTY,7128,1997-03-03,2025-07-01,48.70000076293945,1.0502794981002808,50.51328659057617,0.0007295993785216538,0.028691207133267012,0.4554587933332016,12070.67017396184,Close
UOKA,1596,2019-02-26,2025-07-01,2.559999942779541,2.049999952316284,178.25,0.0005702913039850158,0.07757640483950817,1.2314872488708373,49258.57393483709,Close
UONE,6546,1999-06-23,2025-07-01,1.590000033378601,0.3199999928474426,36.29999923706055,0.0019996560429062,0.08069564118243944,1.2810035907338215,226391.09379773907,Close
UONEK,6271,2000-07-25,2025-07-01,0.6200000047683716,0.0700000002980232,23.90999984741211,0.0010013051631189334,0.05680900904101113,0.9018150609032124,413033.29612501996,Close
UP,1125,2021-01-07,2025-07-01,1.0700000524520874,0.75,115.5,-0.0014641228808076824,0.07038496939884216,1.1173267503973665,593797.8933333333,Close
UPBD,7626,1995-03-14,2025-07-01,25.920000076293945,1.140159010887146,53.25102233886719,0.0008561611652022006,0.030171545149438463,0.47895843081582784,750629.379753475,Close
UPC,1041,2021-05-10,2025-07-01,3.799999952316284,2.8499999046325684,13788.0,-0.002557127295911651,0.110577987413842,1.7553711310503377,42257.38520653218,Close
UPLD,2644,2014-12-24,2025-07-01,1.8899999856948853,1.7300000190734863,52.77000045776367,9.184349411931549e-05,0.036879310928009515,0.5854409114336392,230952.1180030257,Close
UPS,6415,1999-12-29,2025-07-01,104.47000122070312,22.61293029785156,199.9405517578125,0.000291959242380055,0.015443303096513747,0.2451548364886146,3454452.346063913,Close
UPST,1106,2021-02-04,2025-07-01,68.13999938964844,12.100000381469728,390.0,0.0026248770472004986,0.07580917135586566,1.203433287033011,7031554.972875226,Close
UPWK,1661,2018-11-19,2025-07-01,13.520000457763672,5.400000095367432,60.70000076293945,0.0006065487775945606,0.04111202780809623,0.6526332088427671,1809347.9831426851,Close
UPXI,976,2021-08-11,2025-07-01,2.890000104904175,2.0199999809265137,152.8000030517578,0.0013861604483923842,0.13715090021926357,2.1772030444128325,266369.943647541,Close
URBN,7931,1993-12-28,2025-07-01,73.58999633789062,0.8671879768371582,75.26000213623047,0.0009889779736296487,0.03152573822952475,0.5004555795182652,2231176.1946791075,Close
URG,4227,2008-09-11,2025-07-01,1.0499999523162842,0.2899999916553497,3.2699999809265137,0.0009671493740199523,0.04366166368070714,0.6931074235589528,1189692.7371658387,Close
URGN,2018,2017-06-21,2025-07-01,13.020000457763672,3.930000066757202,65.33000183105469,0.001097474081421495,0.050987185123921745,0.8093964713346538,299915.0148662042,Close
URI,6892,1998-02-06,2025-07-01,774.1400146484375,2.9464735984802246,874.4053955078125,0.001024748271230969,0.032197737824163464,0.5111232423695666,1189352.4666279745,Close
UROY,1016,2021-06-15,2025-07-01,2.4100000858306885,1.4700000286102295,5.78000020980835,0.0008789806335229507,0.04408160492879132,0.6997737842050857,1222943.7992125985,Close
USA,9712,1986-12-11,2025-07-01,6.849999904632568,0.1394632905721664,7.006848812103272,0.0004540137919972341,0.014418173442678308,0.22888140773473678,381952.18286655686,Close
USAC,3101,2013-03-05,2025-07-01,24.420000076293945,1.984485387802124,28.632280349731445,0.0009325786434521467,0.027902955798498937,0.44294569131873535,219862.07674943566,Close
USAS,5421,2003-12-12,2025-07-01,0.8500000238418579,0.2000000029802322,36.2400016784668,0.0009118106120273739,0.05414940609040811,0.8595951729423971,253285.90315439957,Close
USAU,11383,1980-05-02,2025-07-01,12.470000267028809,3.0299999713897705,27848.119140625,0.0007265128222973264,0.04593286328116198,0.7291615994825095,12173.712729508918,Close
USB,13119,1973-06-20,2025-07-01,46.4900016784668,0.102239228785038,53.72238540649414,0.0006090047872923796,0.018368555138890873,0.2915917730464965,4385357.79403918,Close
USCB,956,2021-09-09,2025-07-01,17.0,8.635480880737305,20.551586151123047,0.0006098152982049727,0.023979470182369404,0.38066228804182867,28624.79079497908,Close
USEG,11383,1980-05-02,2025-07-01,1.3700000047683716,0.8700000047683716,1489.8370361328125,0.0007805758567398389,0.053289426943026304,0.8459434272023554,81061.99297197575,Close
USFD,2254,2016-07-14,2025-07-01,77.41999816894531,9.720000267028809,79.12000274658203,0.0008095408895436734,0.025184065054849204,0.3997846388208193,2070905.0133096718,Close
USIO,6598,1999-04-09,2025-07-01,1.5800000429153442,0.3000000119209289,478.125,0.004147855990129333,0.10081234848343447,1.6003464190292829,43303.9658987572,Close
USLM,11383,1980-05-02,2025-07-01,102.26000213623048,0.4261935949325561,157.26634216308594,0.0009975737557061798,0.03335341287889095,0.5294690151168261,33001.30896951594,Close
USM,9327,1988-06-21,2025-07-01,64.19000244140625,10.935782432556152,103.35386657714844,0.000435594179529204,0.02475040033451478,0.3929004248064958,108705.69314892248,Close
USNA,7831,1994-05-20,2025-07-01,31.8799991607666,0.046875,136.25,0.0017273150133212786,0.04536969801656472,0.720221628059584,239531.324224237,Close
USPH,8298,1992-07-16,2025-07-01,80.61000061035156,1.162796139717102,134.99923706054688,0.0009139750587106506,0.029360163072475253,0.4660781396524295,64618.679199807186,Close
UTF,5317,2004-05-13,2025-07-01,26.959999084472656,1.8293966054916384,26.959999084472656,0.0005328680233849133,0.015392097103188028,0.2443419665447593,191655.369569306,Close
UTG,5339,2004-04-13,2025-07-01,36.220001220703125,3.004447221755981,36.220001220703125,0.00042026597673023485,0.014870884694564431,0.2360679760640052,135085.9336954486,Close
UTHR,6517,1999-08-04,2025-07-01,290.9100036621094,4.380000114440918,410.0,0.0009678596280274716,0.029588443264997794,0.46970197536436903,706259.0302286329,Close
UTI,5384,2004-02-06,2025-07-01,32.619998931884766,1.5199999809265137,38.579586029052734,0.0005346389238750242,0.031181216036835217,0.4949864592602701,181335.5869242199,Close
UTL,10125,1985-04-24,2025-07-01,52.7599983215332,1.1648073196411133,60.99810028076172,0.0004716914986191147,0.013805300574231372,0.2191523525634804,25269.86686419753,Close
UTMD,6588,1999-04-23,2025-07-01,57.36000061035156,3.635680913925171,115.8590850830078,0.000608671922768559,0.019683131619065108,0.31246002772199044,10201.108075288403,Close
UTSI,6337,2000-04-19,2025-07-01,2.680000066757202,2.0999999046325684,600.0,6.432393499348376e-05,0.04165175750597652,0.6612011521774908,79120.20845826101,Close
UTZ,1624,2019-01-15,2025-07-01,13.15999984741211,8.979299545288086,28.209381103515625,0.00044317108739819465,0.02067505728752705,0.3282063595488613,597551.1699507389,Close
UUU,10963,1981-12-31,2025-07-01,3.0199999809265137,0.3300000131130218,36.13999938964844,0.001527340591716573,0.058354125814866716,0.9263430292842701,40886.08957402171,Close
UUUU,4569,2007-05-04,2025-07-01,5.75,0.8500000238418579,189.0,0.0007602365813149876,0.05587294733498904,0.8869555419875406,1206612.405340337,Close
UVE,5520,2003-07-24,2025-07-01,27.40999984741211,0.014613420702517,37.03368377685547,0.0030612776055491124,0.06869627701091466,1.0905195898013025,206421.9384057971,Close
UVSP,6812,1998-06-03,2025-07-01,30.959999084472656,4.365182399749756,31.755613327026367,0.00046699475286564475,0.02316817988899574,0.3677834538977446,47511.05651790957,Close
UVV,13169,1973-04-09,2025-07-01,57.47999954223633,0.4253782629966736,65.38999938964844,0.0005073648688068776,0.018387674939780416,0.29189529047612134,116537.201002354,Close
UWMC,1265,2020-06-18,2025-07-01,4.300000190734863,2.3645131587982178,9.964570045471191,5.509316677433474e-05,0.030819754992660844,0.48924844307113136,2708092.5691699605,Close
UXIN,1729,2018-08-14,2025-07-01,3.4200000762939453,1.409999966621399,955.0,-0.00045890929654210204,0.07439718298365595,1.18101866651112,109481.76344707924,Close
UZD,1188,2020-10-07,2025-07-01,23.200000762939453,11.57397174835205,24.18000030517578,0.0002600233577106058,0.01487528668404198,0.23613785548059432,54115.15151515151,Close
UZE,1107,2021-02-03,2025-07-01,20.1200008392334,10.775714874267578,22.157760620117188,0.00018001823591372445,0.01627816070446227,0.2584077901533069,56016.80216802168,Close
UZF,996,2021-07-14,2025-07-01,20.030000686645508,10.76529026031494,22.25470924377441,0.0001702561712894006,0.017048423797894924,0.27063533768919157,46254.91967871486,Close
V,4316,2008-05-06,2025-07-01,355.4700012207031,9.42762565612793,373.30999755859375,0.0008404222070302742,0.01787867803503638,0.28381521510779517,13690479.263206672,Close
VABK,6548,1999-06-21,2025-07-01,37.709999084472656,7.683716773986816,42.84642028808594,0.00046097269148065754,0.02357729929944583,0.37427802319722636,2460.593616371411,Close
VAC,3397,2011-12-27,2025-07-01,76.2300033569336,14.00770664215088,168.46148681640625,0.000832950478129691,0.025561009662382297,0.40576844895829584,354450.25022078305,Close
VAL,1013,2021-06-18,2025-07-01,43.900001525878906,24.07999992370605,79.9800033569336,0.0009184402396773615,0.029503298945101546,0.46835035118839785,988370.7798617966,Close
VALE,5825,2002-05-08,2025-07-01,9.81999969482422,0.6018810272216797,17.60845184326172,0.000867709291431946,0.029230032641642572,0.4640123831045197,22680651.055793993,Close
VALN,1011,2021-06-22,2025-07-01,5.71999979019165,3.690000057220459,67.27999877929688,0.00021975297568026472,0.061750944872976575,0.9802658601429303,29452.52225519288,Close
VALU,10587,1983-06-27,2025-07-01,38.41999816894531,2.5215039253234863,94.11894989013672,0.0006618218413641537,0.030548745831588512,0.48494630601182553,5709.85170492113,Close
VANI,2635,2015-01-08,2025-07-01,1.2599999904632568,0.8500000238418579,418.55999755859375,0.0009614826177145299,0.10110552315632802,1.6050004226803571,407739.21669829224,Close
VAPE,2808,2014-05-02,2025-07-01,10.470000267028809,5.639999866485596,7182.0,0.0005868566338781565,0.08339434086338865,1.3238441200480673,7269.3230056980055,Close
VATE,3985,2009-08-27,2025-07-01,5.230000019073486,-37.7096061706543,46.79999923706055,-0.00036947248873401954,0.07257572035588482,1.1521038436982363,31979.51819322459,Close
VBF,10684,1983-02-07,2025-07-01,15.56999969482422,1.534363865852356,17.275236129760742,0.0002469389847124172,0.009075462967732444,0.14406850827237752,18656.121302882817,Close
VBIX,3152,2012-12-18,2025-07-01,3.609999895095825,0.1199999973177909,3763.199951171875,0.018390078526413643,0.31860762761136896,5.05773929080775,1102.9622461928934,Close
VBNK,931,2021-10-14,2025-07-01,11.460000038146973,6.307965278625488,17.9737548828125,0.00024107439863413295,0.021443269614751292,0.3404013521804384,34137.27175080559,Close
VBTX,2664,2014-11-25,2025-07-01,26.8700008392334,9.11509132385254,38.85358428955078,0.000555361926694993,0.024257595944785215,0.3850773976451435,255798.7987987988,Close
VC,3674,2010-11-19,2025-07-01,98.7699966430664,16.462385177612305,171.27999877929688,0.0005551058064708631,0.024154938199213462,0.3834477564555191,449414.6978769733,Close
VCEL,7113,1997-03-24,2025-07-01,41.59999847412109,1.7100000381469729,1410.0,0.0013273056437563898,0.06269611513999938,0.9952699729818595,217955.4082665542,Close
VCTR,1825,2018-03-28,2025-07-01,64.55999755859375,6.428913593292236,70.73367309570312,0.0013037925316293953,0.02515362530583715,0.39930142278567665,219206.90410958903,Close
VCV,8037,1993-07-28,2025-07-01,10.40999984741211,1.689286470413208,11.839919090270996,0.00023760374597681043,0.009479069852323404,0.1504755689367449,55077.66579569491,Close
VCYT,2901,2013-12-17,2025-07-01,27.31999969482422,4.510000228881836,81.37999725341797,0.0009634087444696128,0.03845348127021631,0.610430090914035,470201.516718373,Close
VECO,7665,1995-01-17,2025-07-01,20.690000534057617,3.829999923706055,115.5,0.000853618351948779,0.03876169661519418,0.6153228578324275,560102.4266144814,Close
VEEA,1010,2021-06-23,2025-07-01,1.830000042915344,1.350000023841858,12.25,-0.0004954114500284995,0.05527000324299197,0.8773841012561412,56870.59405940594,Close
VEEE,958,2021-09-07,2025-07-01,2.200000047683716,2.130000114440918,79.4000015258789,1.6142815277856837e-05,0.09140682212244744,1.4510383168242789,135592.03549060543,Close
VEEV,2911,2013-12-03,2025-07-01,282.8999938964844,17.8700008392334,341.0,0.0009750860597973796,0.025057022123977552,0.39776789481532837,1147498.2480247337,Close
VEL,1337,2020-03-06,2025-07-01,18.729999542236328,2.470000028610229,20.76000022888184,0.0014495140789079382,0.04825583270499474,0.7660375958745204,53122.81226626776,Close
VEON,7167,1997-01-06,2025-07-01,43.290000915527344,3.783390522003174,592.5872802734375,0.0008560807411999682,0.03888142889993165,0.6172235489283531,149747.58364727223,Close
VERA,1004,2021-07-01,2025-07-01,23.0,5.409999847412109,49.75,0.0024709450355119944,0.060663047045629304,0.9629960175248801,575904.8804780877,Close
VERB,2633,2015-01-12,2025-07-01,6.889999866485596,4.03000020980835,360000.0,0.0023661419617534217,0.12908412574533257,2.0491469695700406,33066.30117736422,Close
VERI,2012,2017-06-29,2025-07-01,1.399999976158142,1.2200000286102295,65.91000366210938,0.0010717150127434738,0.0663177954472529,1.0527623655088962,657095.9741550696,Close
VERO,1906,2017-11-29,2025-07-01,2.619999885559082,2.180000066757202,18834.75,-0.0009914271441050803,0.09358205072502165,1.4855690003870345,97813.43546694648,Close
VERU,6604,1999-03-31,2025-07-01,0.5899999737739563,0.2916043400764465,23.780000686645508,0.0015108204178027511,0.05939738303092224,0.9429042241672092,763735.0545124167,Close
VERV,981,2021-08-04,2025-07-01,11.279999732971191,2.970000028610229,73.98999786376953,0.00025990144965539396,0.06449014624425772,1.0237493338589523,1300979.9184505607,Close
VERX,1204,2020-09-15,2025-07-01,35.380001068115234,9.59000015258789,58.95000076293945,0.0009523615282292226,0.034618519544273134,0.5495519608282549,483463.62126245844,Close
VET,3689,2010-10-29,2025-07-01,7.400000095367432,1.5725808143615725,44.434844970703125,0.00023509437777148305,0.03158810125626855,0.5014455618768814,757962.8354567634,Close
VFC,11383,1980-05-02,2025-07-01,12.239999771118164,0.1022400483489036,83.42329406738281,0.0006424823665713616,0.021080394269603987,0.3346408846593794,2363060.565492401,Close
VFF,1566,2019-04-09,2025-07-01,1.1399999856948853,0.481000006198883,19.3700008392334,-0.0003365633275328155,0.050911248184502274,0.8081910097924899,981289.7190293742,Close
VFL,8114,1993-04-07,2025-07-01,9.739999771118164,1.9208126068115237,11.923402786254885,0.0002020554637581805,0.00884499955254167,0.14041001497501704,9616.502341631747,Close
VGAS,906,2021-11-18,2025-07-01,3.4200000762939453,2.0999999046325684,15.25,6.91366009450202e-05,0.051097407468878656,0.8111461968167238,29408.167770419426,Close
VGI,3324,2012-04-12,2025-07-01,7.900000095367432,3.9885103702545166,7.900000095367432,0.00022578488661521086,0.009996823039090847,0.1586946459729319,51109.44645006017,Close
VGM,8368,1992-04-06,2025-07-01,9.59000015258789,1.650688409805298,11.557881355285645,0.0002442243636496482,0.00840553985054546,0.13343380847871789,89858.10229445506,Close
VGZ,10192,1985-01-17,2025-07-01,0.9900000095367432,0.2399999946355819,290.0,0.0015929065065108747,0.0637384088341234,1.0118158724283173,198984.33869701726,Close
VHC,6487,1999-09-16,2025-07-01,11.510000228881836,0.1625423431396484,237.5116729736328,0.0032789199308834787,0.092846557938547,1.4738934143624713,19880.879451210112,Close
VHI,11383,1980-05-02,2025-07-01,17.290000915527344,-654.3558959960938,190.54437255859372,0.0007643630570897728,0.038513301247788685,0.6113797036185747,12966.278134059563,Close
VIASP,2056,2017-04-27,2025-07-01,25.170000076293945,5.740039825439453,25.729999542236328,0.0006805522861868952,0.023065051585397584,0.3661463428310284,11670.476653696498,Close
VIAV,7925,1994-01-05,2025-07-01,10.15999984741211,0.9954490065574646,666.8088989257812,0.0009657175300210684,0.03744431730759508,0.5944101096509293,5128216.440883281,Close
VICI,1851,2018-02-20,2025-07-01,32.97999954223633,8.372008323669434,32.97999954223633,0.0006704540509290855,0.01900308690936637,0.3016646526283826,5632589.735278228,Close
VICR,8843,1990-05-21,2025-07-01,45.34000015258789,2.275641441345215,162.92999267578125,0.0010441224651487674,0.03777802132500293,0.5997074967003154,149612.43921746014,Close
VIGL,839,2022-02-25,2025-07-01,7.96999979019165,1.399999976158142,16.959999084472656,0.003060847803501889,0.10811463538538058,1.7162666298968452,278222.1692491061,Close
VINP,1078,2021-03-17,2025-07-01,9.75,6.609712600708008,12.12845230102539,0.00017000682050889347,0.025374457990241475,0.4028070329714086,75834.69387755102,Close
VIOT,1667,2018-11-09,2025-07-01,1.340000033378601,0.5199999809265137,15.880000114440918,2.2618474176022594e-05,0.048808931851206425,0.77481777262195,206020.93581283744,Close
VIPS,3304,2012-05-10,2025-07-01,15.100000381469728,0.4574891626834869,44.4613151550293,0.0017094490338600702,0.037451002608581536,0.594516235514028,7197616.585956416,Close
VIR,1404,2019-11-27,2025-07-01,5.110000133514404,4.5,83.06999969482422,0.0012427448125318325,0.06323362948674428,1.0038027487075576,1199822.435897436,Close
VIRC,11382,1980-05-05,2025-07-01,8.119999885559082,0.5124249458312988,18.06336212158203,0.0007134002931595915,0.031362647344418446,0.49786659197970906,15779.879634510631,Close
VIRT,2535,2015-06-03,2025-07-01,43.380001068115234,8.591445922851562,44.790000915527344,0.0006890957442152027,0.02252895022546819,0.35763599757564823,968524.7337278107,Close
VIST,1458,2019-09-12,2025-07-01,47.33000183105469,1.899999976158142,59.5,0.0022075789087728516,0.03833414549187831,0.6085356941620669,548442.0438957476,Close
VITL,1202,2020-09-17,2025-07-01,39.41999816894531,8.170000076293945,46.77000045776367,0.0005588338812395522,0.0325242842452933,0.5163070061005329,487510.31613976706,Close
VIV,6663,1999-01-05,2025-07-01,11.43000030517578,1.314472198486328,14.577335357666016,0.0004586724700279059,0.023634320884134495,0.37518321279192046,962847.3210265646,Close
VIVK,3947,2009-10-21,2025-07-01,0.781000018119812,0.0599999986588954,1740.0,0.01139802232826185,0.2750156477792154,4.365738064050821,59618.89333671143,Close
VIVS,3331,2012-04-02,2025-07-01,1.4500000476837158,1.409999966621399,3060.0,0.0003826048102397837,0.07396840787551394,1.1742120726840084,24917.194235965177,Close
VKI,7949,1993-12-01,2025-07-01,8.4399995803833,1.3346936702728271,10.369370460510254,0.00024458250662621176,0.009867276131156266,0.15663815256385819,65597.94942760095,Close
VKQ,8428,1992-01-10,2025-07-01,9.229999542236328,1.7575737237930298,11.34643268585205,0.00023457174951251546,0.00915580253962939,0.14534385943843783,87723.20835310868,Close
VKTX,2527,2015-06-15,2025-07-01,26.670000076293945,0.9300000071525574,94.5,0.002251016312618101,0.0657546560893764,1.0438228053424135,1884658.250890384,Close
VLCN,904,2021-11-22,2025-07-01,6.784999847412109,4.535999774932861,23659200.0,-0.012675884493178606,0.08459405312515408,1.3428889617848643,17663.32190265487,Close
VLGEA,13169,1973-04-09,2025-07-01,39.130001068115234,0.1234709620475769,39.13999938964844,0.0007867238636093173,0.026907643349558537,0.4271455960185175,13184.19014351887,Close
VLN,908,2021-11-16,2025-07-01,2.539999961853028,1.75,9.960000038146973,-0.000671253381228681,0.04139900766727029,0.6571888728747205,297733.48017621145,Close
VLO,10929,1982-02-19,2025-07-01,138.00999450683594,0.3124966025352478,176.6083984375,0.0007815808727605294,0.026429431768893365,0.4195542225194506,4685598.390063135,Close
VLRS,2931,2013-11-04,2025-07-01,4.860000133514404,3.0299999713897705,22.84000015258789,0.00015920298817759688,0.031234677644754412,0.4958351359757331,467425.0085295121,Close
VLT,9083,1989-06-08,2025-07-01,11.0,0.7225020527839661,11.0,0.000326753771088494,0.014206464316802456,0.22552062955063454,11499.691731806672,Close
VLY,8850,1990-05-10,2025-07-01,9.1899995803833,0.4491517245769501,12.74252223968506,0.0005186385905088232,0.021027509796385714,0.3338013696732662,1221392.184519774,Close
VLYPO,1655,2018-11-28,2025-07-01,24.649999618530277,10.462713241577148,24.899999618530277,0.00043525921728581506,0.01628953545910272,0.25858835878532493,14214.441087613293,Close
VLYPP,1655,2018-11-28,2025-07-01,25.020000457763672,11.650320053100586,25.020000457763672,0.00045113360210366585,0.019893492055895842,0.31579939613123664,13395.045317220543,Close
VMAR,1121,2021-01-13,2025-07-01,7.5,4.394000053405762,21883.5,-0.004991115488874872,0.06252540265134862,0.9925599962378823,40998.04727921499,Close
VMC,13169,1973-04-09,2025-07-01,264.6700134277344,0.4227493405342102,291.1355895996094,0.0006221492696768507,0.017694254989341778,0.2808875900181731,492549.8367377933,Close
VMD,1448,2019-09-26,2025-07-01,7.0,2.720000028610229,11.770000457763672,0.0004814873144265981,0.03151013312939316,0.5002078562334704,163708.4944751381,Close
VMEO,999,2021-07-09,2025-07-01,4.039999961853027,3.0299999713897705,50.52000045776367,-0.0016788806716773852,0.040963881224337334,0.6502814547335081,1807068.1681681683,Close
VMI,13169,1973-04-09,2025-07-01,335.19000244140625,0.2308134883642196,375.3560485839844,0.0008396891265445447,0.025013601896541504,0.3970786200733345,99148.96347482725,Close
VMO,8295,1992-07-21,2025-07-01,9.25,1.6408448219299316,11.315918922424316,0.00023901048654025636,0.009305332560867227,0.14771757493683896,89931.742013261,Close
VNCE,2884,2014-01-13,2025-07-01,1.440000057220459,1.0800000429153442,387.3999938964844,-0.0002017058546962235,0.05724065230101449,0.9086671852296088,88076.70943134536,Close
VNDA,4802,2006-05-31,2025-07-01,4.679999828338623,0.5,31.670000076293945,0.0016700154930424755,0.09991755960984024,1.5861420860166553,656510.4123281966,Close
VNET,3536,2011-06-09,2025-07-01,6.610000133514404,1.4199999570846558,42.59999847412109,0.0009172108655280403,0.04638631679200796,0.7363599508074751,1328034.3891402716,Close
VNO,11383,1980-05-02,2025-07-01,38.20000076293945,0.0765770971775055,63.04764938354492,0.0006833566367340805,0.020552129433080872,0.3262549403564573,967898.054467188,Close
VNOM,2743,2014-08-05,2025-07-01,38.25,3.7999227046966553,54.95198440551758,0.0007692328388268207,0.0295705207597732,0.46941746441419585,545393.948231863,Close
VNRX,3319,2012-04-19,2025-07-01,0.7699999809265137,0.4199999868869781,6.5,0.0008322689100022308,0.05065896097862231,0.8041860745581595,108044.56161494426,Close
VNT,1164,2020-11-10,2025-07-01,37.47999954223633,16.565265655517578,45.20314407348633,0.0004281294510300962,0.019059502288230352,0.30256021900394414,1202416.237113402,Close
VOC,3526,2011-06-23,2025-07-01,2.890000104904175,0.663520336151123,9.861990928649902,0.0003957561054533805,0.032238843782769686,0.5117757792328166,86967.21497447533,Close
VOD,9200,1988-12-20,2025-07-01,10.90999984741211,0.5908264517784119,21.010034561157227,0.0005285376485298289,0.02057019441396501,0.3265417130376087,4276851.752065217,Close
VOR,1072,2021-03-25,2025-07-01,1.4299999475479126,0.1509999930858612,43.09999847412109,-0.0005580091893905747,0.07102174625264417,1.1274352695721799,1066665.764925373,Close
VOXR,1200,2020-09-21,2025-07-01,3.150000095367432,1.652596950531006,3.634791851043701,0.0006862165129782747,0.031813765725178064,0.5050278742637496,79959.58333333333,Close
VOYA,3027,2013-06-19,2025-07-01,72.51000213623047,21.22947120666504,82.35163116455078,0.0005345459669249382,0.0185099997689336,0.29383713693876806,1461047.9022134126,Close
VPG,3746,2010-08-10,2025-07-01,28.270000457763672,10.489999771118164,45.380001068115234,0.0004358716129965354,0.022911150646910072,0.363703241172364,55814.9225840897,Close
VPV,8037,1993-07-28,2025-07-01,9.989999771118164,1.8175714015960691,11.584802627563477,0.00021825055406806868,0.00910426459072078,0.1445257198630706,26769.864377255195,Close
VRA,3662,2010-12-08,2025-07-01,2.3299999237060547,1.7300000190734863,52.25,-0.00016822746745545297,0.03431623970226838,0.5447534170985,426034.5439650464,Close
VRAR,971,2021-08-18,2025-07-01,1.2899999618530271,0.5809999704360962,17.1299991607666,0.00036923799227026467,0.07080285314909684,1.12396044927802,346824.613800206,Close
VRCA,1737,2018-08-02,2025-07-01,0.6010000109672546,0.4090000092983246,17.950000762939453,9.735980699437127e-06,0.060335030130136545,0.9577889104195821,242631.375935521,Close
VRDN,2743,2014-08-05,2025-07-01,14.470000267028809,5.445000171661377,1252.125,0.0010434395967119168,0.08719610414996351,1.3841952412469434,287322.74152387894,Close
VRE,7731,1994-10-12,2025-07-01,14.760000228881836,3.073238611221313,27.58480834960937,0.00040845644549832613,0.020499750773502794,0.32542345491295427,563163.4588022248,Close
VREX,2089,2017-03-10,2025-07-01,8.569999694824219,6.880000114440918,43.43000030517578,-0.00022027402381520264,0.02821283557766353,0.4478648803107181,356409.7654380086,Close
VRME,6145,2001-01-24,2025-07-01,0.746999979019165,0.5896999835968018,2550.0,0.006522482988533509,0.14901925136766986,2.365607278079258,88131.16810414972,Close
VRNA,2022,2017-06-15,2025-07-01,90.4800033569336,2.1600000858306885,97.22000122070312,0.0022047345533413544,0.05303805161876581,0.8419529676399665,402477.59643916914,Close
VRNS,2819,2014-04-16,2025-07-01,50.02999877929688,4.539999961853027,73.41000366210938,0.0010856598558574007,0.030361565475257712,0.481974909972819,976274.3526073076,Close
VRNT,5786,2002-07-03,2025-07-01,18.59000015258789,1.6760059595108032,55.75,0.0005942225917698493,0.02706104194213895,0.42958072318312807,562116.4650881438,Close
VRRM,2046,2017-05-11,2025-07-01,25.649999618530277,5.849999904632568,30.84000015258789,0.0007313570899355224,0.02293329530080944,0.36405477665488795,961810.3616813294,Close
VRSK,3924,2009-11-23,2025-07-01,312.95001220703125,25.8169059753418,320.8693542480469,0.0007165191913810621,0.013820801809942529,0.2193984270517159,843063.9653414882,Close
VRSN,6864,1998-03-19,2025-07-01,289.0799865722656,3.497456789016724,289.0799865722656,0.0010653685201635692,0.03346992144611345,0.5313185312837012,2677432.6194638694,Close
VRT,1704,2018-09-19,2025-07-01,122.54000091552734,5.546637058258057,153.37197875976562,0.002094791210433299,0.034362835607341484,0.5454931041601244,4188465.8450704226,Close
VRTS,4116,2009-02-20,2025-07-01,188.72999572753903,3.113365173339844,293.5956420898437,0.0012761330246355393,0.026242457751218366,0.41658610200505874,58049.19825072886,Close
VRTX,8513,1991-09-10,2025-07-01,452.1600036621094,3.375,516.739990234375,0.0011261200318353956,0.034878718403196694,0.5536824896610619,1318979.1495360038,Close
VS,3206,2012-09-28,2025-07-01,2.3296000957489014,1.090000033378601,3000.0,0.0014325553801951031,0.08993331018427836,1.4276470399705978,107593.11790393014,Close
VSA,2795,2014-05-21,2025-07-01,1.0299999713897705,0.1809999942779541,105.43920135498048,0.0008696181358804784,0.08367363687822824,1.328277806832689,395691.9427549195,Close
VSAT,7156,1997-01-21,2025-07-01,14.8100004196167,3.5,94.25,0.0007814069672172363,0.03610895135998624,0.5732118324111068,415092.32811626606,Close
VSCO,958,2021-09-07,2025-07-01,19.540000915527344,14.300000190734863,64.20999908447266,-0.00047914298370616964,0.039931136541700794,0.6338871411450244,2224903.0271398746,Close
VSEC,10725,1982-12-09,2025-07-01,129.11000061035156,0.3555929362773895,140.5500030517578,0.001114643234662599,0.035833044765428534,0.5688319510054123,34749.88344988345,Close
VSEE,844,2022-02-17,2025-07-01,1.2000000476837158,1.0099999904632568,21.01000022888184,-0.0008505605354257969,0.058733115809701794,0.9323593089385618,322375.1184834123,Close
VSH,11383,1980-05-02,2025-07-01,16.049999237060547,0.2815209925174713,43.80913925170898,0.0007126189729159484,0.028074156362099274,0.44566341601233883,952713.3668628656,Close
VSSYW,1085,2021-03-08,2025-07-01,0.0640000030398368,0.0020000000949949,5.0,0.04213967109466907,0.8026293639239859,12.741346151404946,10980.0,Close
VST,2163,2016-11-21,2025-07-01,185.1000061035156,10.11033535003662,195.0399932861328,0.0016808709803083307,0.026116071370449714,0.4145797804093425,4566965.69579288,Close
VSTA,1202,2020-09-17,2025-07-01,4.260000228881836,1.870000004768372,16.209999084472656,-0.0005092539008522458,0.034900359675043714,0.5540260342012361,79039.68386023295,Close
VSTM,3343,2012-03-15,2025-07-01,4.289999961853027,2.200000047683716,210.83999633789065,0.0006324582309234647,0.05735819770243623,0.9105331606291358,216118.80466646724,Close
VTAK,1665,2018-11-13,2025-07-01,0.2300000041723251,0.1800000071525573,125000.0,-0.004063395235338848,0.09091404993507761,1.4432158008595395,690478.2894894895,Close
VTEX,958,2021-09-07,2025-07-01,6.409999847412109,2.7799999713897705,24.559999465942383,-0.0007180165338757309,0.03874447983951242,0.6150495499914336,555215.344467641,Close
VTGN,3495,2011-08-08,2025-07-01,2.009999990463257,1.6799999475479126,1890.0,0.00986854613023789,0.43137943779043925,6.847936278602164,100226.1625178827,Close
VTLE,3371,2012-02-03,2025-07-01,16.530000686645508,6.800000190734863,670.4000244140625,0.0002037129725860538,0.05052155353056411,0.8020047989430594,406080.5384159003,Close
VTN,8309,1992-06-30,2025-07-01,10.5,1.8352876901626587,11.519410133361816,0.00023668821172090113,0.00840804257832249,0.13347353805050177,24332.83186905765,Close
VTOL,3097,2013-03-11,2025-07-01,33.7599983215332,7.239999771118164,68.12000274658203,0.00046481299730538616,0.0327145041260636,0.5193266530941645,81926.5902486277,Close
VTR,7051,1997-06-20,2025-07-01,62.869998931884766,0.7943229675292969,69.5450439453125,0.0006574246209623154,0.02531086084289298,0.4017974595555451,1506668.5064529853,Close
VTRS,11383,1980-05-02,2025-07-01,9.18000030517578,0.7172709107398987,63.60806655883789,0.0006407875018859318,0.028410915549700006,0.45100930238498493,3735305.178775367,Close
VTSI,3176,2012-11-13,2025-07-01,6.440000057220459,0.7419999837875366,17.1200008392334,0.001846663747778538,0.05142906236037718,0.8164110550007431,105118.86177581864,Close
VTVT,2462,2015-09-16,2025-07-01,14.670000076293944,7.885000228881836,373.2000122070313,0.0011495773067699846,0.07605962784416911,1.2074091605267716,22620.919171405363,Close
VTYX,893,2021-12-08,2025-07-01,2.065000057220459,0.8360000252723694,46.650001525878906,0.0005816303596242386,0.0711290386557892,1.1291384836699094,1238348.4882418814,Close
VUZI,3802,2010-05-20,2025-07-01,2.720000028610229,0.8500000238418579,30.56999969482422,0.002500958810065243,0.07838045331377726,1.2442511227005788,801458.4836927933,Close
VVOS,1109,2021-02-01,2025-07-01,3.869999885559082,1.950000047683716,241.75,0.0057081642129980245,0.267033652057498,4.239027810176947,239790.7989179441,Close
VVPR,2507,2015-07-14,2025-07-01,3.990000009536743,0.6480000019073486,178.60000610351562,0.003000374061897985,0.11538709286469337,1.831713313360165,358513.1072995612,Close
VVR,6764,1998-08-11,2025-07-01,3.799999952316284,0.5421026349067688,3.98516058921814,0.00025985450652185827,0.012988838536490946,0.2061914195227632,601777.9272619751,Close
VVV,2171,2016-11-09,2025-07-01,39.27999877929688,8.702272415161133,47.59999847412109,0.0005546160078424672,0.0209107051033839,0.3319471526553779,1446039.8894518656,Close
VVX,2681,2014-10-31,2025-07-01,49.0099983215332,15.229999542236328,68.81999969482422,0.0007412754765459593,0.02990882296791079,0.47478784547849234,94201.67847817979,Close
VXRT,10943,1982-01-29,2025-07-01,0.4600000083446502,0.2800000011920929,1045.982177734375,0.0012161846610323046,0.059050443326878026,0.937396727106197,834039.4836882025,Close
VYGR,2389,2015-12-30,2025-07-01,3.119999885559082,2.470000028610229,31.309999465942383,0.00030617714525074414,0.04855591552924596,0.770801263028664,517033.737965676,Close
VYNE,1835,2018-03-14,2025-07-01,1.7699999809265137,0.8899999856948853,2723.0400390625,-0.001647514702686119,0.06472936230990448,1.027546771174828,96341.64250681199,Close
VYX,7150,1997-01-29,2025-07-01,12.229999542236328,2.514482259750366,30.42331314086914,0.00046160679438893445,0.02658045886865365,0.42195170340263294,2367376.154125874,Close
VZLA,830,2022-03-10,2025-07-01,2.9200000762939453,0.930999994277954,3.619999885559082,0.0012071162946107193,0.03892767671082035,0.6179577101661088,826953.2530120482,Close
W,2669,2014-11-18,2025-07-01,51.9900016784668,18.399999618530277,345.4700012207031,0.0014116649187470604,0.04679271836602402,0.7428113757911052,2612685.237916823,Close
WAB,7527,1995-08-03,2025-07-01,209.33999633789065,3.811218500137329,209.3500061035156,0.0007000377702474115,0.023088830795606877,0.36652382609055234,710518.0550019928,Close
WABC,11383,1980-05-02,2025-07-01,50.22999954223633,0.6700924038887024,57.90239715576172,0.0005033238734356221,0.017751091492301602,0.2817898415315068,103386.13722217342,Close
WAFD,10713,1982-12-28,2025-07-01,30.450000762939453,0.2929142415523529,37.09552001953125,0.0006268944438460264,0.019890687108001643,0.3157548689638254,395441.33958741714,Close
WAFDP,1075,2021-03-22,2025-07-01,15.670000076293944,10.99599838256836,20.504268646240234,-1.4153443710618898e-05,0.016157868178379046,0.25649820550173114,32675.906976744187,Close
WAFU,1519,2019-06-17,2025-07-01,1.4299999475479126,1.2599999904632568,12.65999984741211,0.003287438740726237,0.10470809591630173,1.6621894922977933,415757.9328505596,Close
WAL,4998,2005-08-18,2025-07-01,81.02999877929688,2.658735752105713,112.96031951904295,0.0008425451223725566,0.034775213296002104,0.5520393970226901,760192.637054822,Close
WALD,1006,2021-06-29,2025-07-01,2.5199999809265137,2.109999895095825,11.479999542236328,-0.000545694057486974,0.0407829196146338,0.6474087782367551,90479.52286282307,Close
WALDW,1001,2021-07-07,2025-07-01,0.0879999995231628,0.050000000745058,1.5,0.002545421384077198,0.10390981315399275,1.649517146307918,16190.20979020979,Close
WASH,9557,1987-07-24,2025-07-01,28.71999931335449,0.5025134086608887,48.86296844482422,0.0005916130758961946,0.024010481959794713,0.38115458474651737,29061.779324055668,Close
WAT,7419,1996-01-08,2025-07-01,357.0400085449219,4.375,424.7000122070313,0.0008544647991283131,0.02326498510344856,0.3693201890360832,700075.5762232107,Close
WATT,2799,2014-05-15,2025-07-01,0.2739999890327453,0.2290000021457672,631.4000244140625,0.0010269465625869878,0.1272954670882601,2.0207528936480617,230742.9081814934,Close
WAVE,971,2021-08-18,2025-07-01,6.466000080108643,1.0390000343322754,15.640000343322754,0.0027023214403062612,0.09540855091477111,1.5145637920171706,115448.71266735325,Close
WB,2785,2014-06-05,2025-07-01,9.520000457763672,6.385210514068604,106.8558578491211,0.0004140809461590043,0.0335813572727698,0.5330875201905547,1567607.9353680431,Close
WBA,11383,1980-05-02,2025-07-01,11.489999771118164,0.1024741977453231,66.4372787475586,0.0005944191588251031,0.018973474156224093,0.3011945647456801,4403611.499604674,Close
WBD,4994,2005-08-24,2025-07-01,10.9399995803833,5.247828006744385,77.2699966430664,0.0003953409572834139,0.025717860567065584,0.40825837987854063,8027523.068482178,Close
WBS,9678,1987-01-30,2025-07-01,56.81999969482422,0.8598634004592896,61.9058837890625,0.0006384706835776783,0.025227709824636253,0.4004774780621305,441385.44740648894,Close
WBX,1023,2021-06-04,2025-07-01,0.3160000145435333,0.270000010728836,18.5,-0.002087918534178643,0.05155457682047831,0.8184035352849639,522102.834799609,Close
WCC,6542,1999-06-29,2025-07-01,189.22000122070312,3.063953161239624,211.57937622070312,0.0008214686717552377,0.03007550252417487,0.47743380140557246,522590.40048914705,Close
WCN,6786,1998-07-10,2025-07-01,185.8699951171875,1.6575961112976074,199.9499969482422,0.0007785981908899383,0.01909350596453932,0.30310001063099695,1072540.5036840553,Close
WD,3624,2011-02-02,2025-07-01,72.31999969482422,8.862610816955566,140.59671020507812,0.0008481984862713544,0.024599569419107133,0.39050605825336265,174990.81125827815,Close
WDAY,3163,2012-12-03,2025-07-01,239.22999572753903,48.29999923706055,307.2099914550781,0.0007874654887419762,0.024227571873575972,0.3846007802905514,1887164.116345242,Close
WDC,11730,1978-12-18,2025-07-01,63.84000015258789,0.4677201509475708,78.71892547607422,0.0011135508049271625,0.03765206387385974,0.5977079841513128,3321441.254219949,Close
WDFC,13119,1973-06-20,2025-07-01,232.3999938964844,0.2010455727577209,311.39569091796875,0.0006835631753396797,0.020550840420671918,0.3262344779188315,52610.56482963641,Close
WDH,1009,2021-06-24,2025-07-01,1.350000023841858,0.8955555558204651,6.534603118896484,-0.000713808870218321,0.04108035933115369,0.6521304873564262,354531.81367690786,Close
WDI,975,2021-08-12,2025-07-01,14.890000343322754,8.919248580932617,14.890000343322754,0.00018380356390535244,0.008709425583399748,0.13825784493539622,180666.5641025641,Close
WDS,7166,1997-01-07,2025-07-01,15.56999969482422,1.4038894176483154,29.31434631347656,0.0005849889899181433,0.02558806607545569,0.4061979562004656,99119.80184203181,Close
WEA,5821,2002-05-14,2025-07-01,10.869999885559082,1.5869765281677246,11.120917320251465,0.0003483517001600357,0.012292041280057127,0.19513010599422728,32852.27624119567,Close
WEAV,878,2021-12-30,2025-07-01,8.359999656677246,3.039999961853028,17.440000534057617,0.00023736990218383073,0.04132248566249246,0.6559741237079231,476649.8861047836,Close
WEC,11383,1980-05-02,2025-07-01,104.75,0.4630416333675384,108.81353759765624,0.0005315402092261984,0.012153933809482681,0.19293771786618635,979843.8987964508,Close
WELL,11381,1980-05-06,2025-07-01,151.60000610351562,0.4404308497905731,156.1365966796875,0.0006564683173637267,0.016898063781675108,0.26824844642891993,935015.6796415078,Close
WEN,11348,1980-06-23,2025-07-01,11.880000114440918,0.9364026188850404,24.37930679321289,0.0006658453625805952,0.03127989378038625,0.49655291987650835,1599426.330630948,Close
WERN,9800,1986-08-07,2025-07-01,28.51000022888184,0.8197607398033142,47.833683013916016,0.0005791776379410399,0.02270992903606685,0.36050894712814613,543715.3695918367,Close
WES,3125,2013-01-29,2025-07-01,38.58000183105469,1.918182373046875,40.95359802246094,0.0007660903682870333,0.029332512775056312,0.4656392047885446,830042.24,Close
WEST,894,2021-12-07,2025-07-01,5.940000057220459,5.510000228881836,14.529999732971191,-9.720422667279177e-05,0.030704853276524696,0.4874244348744666,224048.9932885906,Close
WEX,5092,2005-04-06,2025-07-01,150.58999633789062,8.59000015258789,242.22000122070312,0.0007369918981553327,0.02485100259679621,0.39449743621045874,333370.4241948154,Close
WEYS,11383,1980-05-02,2025-07-01,33.7400016784668,0.3233970999717712,38.00657653808594,0.0006979952214510963,0.023908963759950438,0.37954303328450795,10406.175876306774,Close
WF,5439,2003-11-17,2025-07-01,49.619998931884766,9.458877563476562,90.8898468017578,0.000585969935720595,0.028882394687367488,0.45849380166472503,18447.9648832506,Close
WFC,13349,1972-07-19,2025-07-01,81.48999786376953,0.0828649699687957,81.48999786376953,0.0006793670726860337,0.020819409413181555,0.3304978785030935,12237161.510225484,Close
WFCF,4651,2007-01-05,2025-07-01,11.34000015258789,0.7920159697532654,58.29237747192383,0.004093883804448219,0.10208992881644431,1.6206273780755898,1977.4093743281014,Close
WFG,4087,2009-04-02,2025-07-01,75.80000305175781,7.8112945556640625,100.34668731689452,0.001027931045681624,0.03226626531556708,0.5122110825709172,61216.32003914852,Close
WFRD,1095,2021-02-22,2025-07-01,52.13999938964844,10.070716857910156,132.2988739013672,0.001991578386808358,0.03442426534774266,0.546468271057353,777524.9315068494,Close
WGO,13169,1973-04-09,2025-07-01,30.649999618530277,0.4933202564716339,80.2358627319336,0.000729872604947165,0.03403560376248009,0.5402984596647397,277082.2917457666,Close
WGS,1135,2020-12-22,2025-07-01,90.29000091552734,1.2400000095367432,851.72998046875,0.0012023111957123658,0.07132323880052327,1.132221315395144,282746.96475770924,Close
WH,1755,2018-07-09,2025-07-01,83.05999755859375,19.90523338317871,110.84188079833984,0.0005242928352061809,0.022979413743448095,0.36478688423534084,857715.4415954415,Close
WHD,1825,2018-03-28,2025-07-01,45.06999969482422,7.94319486618042,68.96743774414062,0.0009117191777762459,0.03416065058846049,0.5422835164874323,535163.6712328767,Close
WHF,3127,2013-01-25,2025-07-01,8.819999694824219,2.981783151626587,10.853222846984863,0.00048570618655774335,0.01877158210080026,0.29798962772369336,65026.958746402306,Close
WHG,5767,2002-07-31,2025-07-01,15.779999732971191,4.309268951416016,44.77568817138672,0.00053229812530627,0.024994287083431137,0.39677200692067616,19660.828853823477,Close
WHLR,3102,2013-01-08,2025-06-25,7.03000020980835,4.639999866485596,262132896.0,-0.0022922038850074354,0.09323389337187535,1.4800421737457727,20805.9306898775,Close
WHLRD,1964,2017-09-07,2025-07-01,34.084999084472656,4.760000228881836,35.68000030517578,0.0007307679143273687,0.029364368962428194,0.46614490608557263,9877.189409368635,Close
WHLRP,2588,2015-03-18,2025-07-01,3.9600000381469727,1.190000057220459,20.67391967773437,0.0004678337676511541,0.042334890327397526,0.672045549524926,6348.956723338485,Close
WHR,13169,1973-04-09,2025-07-01,105.27999877929688,1.518783450126648,202.9145050048828,0.000483736037012672,0.021834676111947393,0.3466147376991331,615133.3662388944,Close
WHWK,1819,2018-04-06,2025-07-01,1.8600000143051147,1.3200000524520874,75.0,-0.00031145290008479623,0.055387214782856756,0.879244776767756,149562.15393073118,Close
WIA,5441,2003-11-13,2025-07-01,8.399999618530273,3.478337287902832,9.416166305541992,0.00014856079139345988,0.006844087936025587,0.10864652777868627,69527.27439808859,Close
WILC,7040,1997-07-08,2025-07-01,19.149999618530277,0.2665092647075653,19.618579864501957,0.0012384610579715132,0.042527178931590116,0.6750980364847979,14795.170454545454,Close
WIMI,1286,2020-05-19,2025-07-01,2.9100000858306885,2.319999933242798,247.3999938964844,0.0016962308531723515,0.10888109263203133,1.7284337614880523,248016.8429237947,Close
WINA,7984,1993-10-12,2025-07-01,386.1000061035156,2.1117167472839355,450.3399963378906,0.000771712179563988,0.02685872050506076,0.42636896993869144,11370.478456913828,Close
WING,2495,2015-07-30,2025-07-01,335.45001220703125,14.611543655395508,427.29833984375,0.0014191396366931965,0.0272880937413958,0.4331850587565083,521843.60721442883,Close
WINT,6943,1995-09-22,2023-08-21,1080.0,1062.0,8717625344.0,7.812344430122481e-05,0.07057239037196454,1.1203019661095237,8.928273080800807,Close
WIT,6177,2000-12-06,2025-07-01,3.059999942779541,0.3445294797420501,4.8625922203063965,0.00047544267680535933,0.02622659580698662,0.4163343014465757,3298933.0741460253,Close
WIW,5339,2004-04-13,2025-07-01,8.779999732971191,3.565028429031372,9.69792938232422,0.00014026734311811413,0.0064014158144421055,0.10161932570237883,156153.30586252108,Close
WIX,2896,2013-12-24,2025-07-01,161.02999877929688,14.760000228881836,353.0899963378906,0.0011398532685034,0.03263967002059125,0.5181386984981694,621387.2237569061,Close
WK,2619,2015-02-02,2025-07-01,68.27999877929688,10.989999771118164,160.85000610351562,0.0010056126224426884,0.02649925641379448,0.4206626543942011,302642.9553264605,Close
WKC,9752,1986-10-15,2025-07-01,29.01000022888184,0.1548996567726135,50.164852142333984,0.0009176659273395426,0.027885586181661096,0.4426699571996069,378782.45488105004,Close
WKEY,1593,2019-03-01,2025-07-01,6.449999809265137,1.409999966621399,102.5999984741211,0.0009169257287935586,0.07865868202021999,1.2486678664896587,237839.61833019461,Close
WKHS,3761,2010-07-20,2025-07-01,1.2300000190734863,0.8370000123977661,10335.0,0.0017816794969895472,0.09389555878243878,1.4905457865106786,36089.63281042276,Close
WKSP,6009,2001-08-08,2025-07-01,3.039999961853028,2.559999942779541,7200.0,0.015242718381938707,0.40777919823262737,6.473294090093049,8649.59777001165,Close
WLDN,4647,2007-01-11,2025-07-01,66.5999984741211,1.149999976158142,66.5999984741211,0.0011949349799799348,0.0412823852322676,0.655337549112873,53587.04540563805,Close
WLFC,7209,1996-11-04,2025-07-01,137.36000061035156,2.9335057735443115,230.64910888671875,0.0008568331176093583,0.0315709034473798,0.5011725551243922,16522.430295464004,Close
WLK,5222,2004-09-29,2025-07-01,80.4800033569336,4.071129322052002,158.50709533691406,0.000788727593036386,0.026497430003681762,0.4206336610324995,727778.9544235925,Close
WLKP,2714,2014-09-16,2025-07-01,22.239999771118164,6.728822708129883,23.94042015075684,0.0003354778032997364,0.018815518510947045,0.29868709661218934,62835.48268238762,Close
WLY,13289,1972-08-16,2025-07-01,43.5099983215332,0.060100108385086,57.58928680419922,0.0005799654007571333,0.01955106496941611,0.31036353465325,129652.98735796523,Close
WLYB,10753,1982-10-29,2025-07-01,45.13999938964844,0.6080993413925171,56.71637344360352,0.0005522773055961048,0.017480900197490663,0.27750068769660113,3211.699153724542,Close
WM,9293,1988-08-09,2025-07-01,228.8000030517578,0.7715060710906982,241.26304626464844,0.0007367815687215749,0.021613326496914213,0.343100921494067,1775998.9454428065,Close
WMB,10930,1982-02-18,2025-07-01,58.720001220703125,0.296817272901535,62.869998931884766,0.0008416094605566209,0.02916290581443545,0.4629467777579746,4857910.903934127,Close
WMG,1243,2020-07-21,2025-07-01,27.82999992370605,21.021886825561523,45.74435806274414,0.00029632927708921145,0.022351734593095994,0.354822786625509,1378747.9485116652,Close
WMK,11383,1980-05-02,2025-07-01,74.95999908447266,1.4846885204315186,89.71353149414062,0.0004631807737836798,0.015513441969021628,0.2462682565719805,35721.75410700167,Close
WMS,2717,2014-09-11,2025-07-01,119.62000274658205,16.477367401123047,178.1355743408203,0.0010392617267714521,0.026040648225011405,0.4133824750937744,455146.1170408539,Close
WMT,13289,1972-10-12,2025-07-01,98.23999786376952,0.0028241134714335,104.50962829589844,0.000856693859023027,0.01839851314867923,0.2920673417085431,22482033.29069155,Close
WNC,8437,1991-12-27,2025-07-01,11.0600004196167,0.4512792527675628,32.56098937988281,0.0006909300571275187,0.03794451959489281,0.6023505747954222,489619.1478013512,Close
WNEB,5796,2002-06-19,2025-07-01,9.970000267028809,1.843996286392212,9.970000267028809,0.000456142072749358,0.019321646099303733,0.3067216229949533,59204.916666666664,Close
WNS,4730,2006-09-12,2025-07-01,64.62999725341797,3.319999933242798,93.16999816894533,0.0004912820466620978,0.024900002876051746,0.3952752915289559,169479.40803382665,Close
WNW,1107,2021-02-03,2025-07-01,1.840000033378601,1.0700000524520874,22533.0,-0.0025190006267015387,0.09627936174375717,1.5283874853720452,147678.67479674798,Close
WOLF,8121,1993-03-29,2025-07-01,0.7900000214576721,0.4000000059604645,141.8699951171875,0.0009800871978408938,0.04699438248288504,0.7460126944005836,2412096.675286295,Close
WOOF,1087,2021-03-04,2025-07-01,2.869999885559082,1.5,28.049999237060547,-0.0007951511041998332,0.04541033372745272,0.7208666999717318,3464133.3946642135,Close
WOR,11383,1980-05-02,2025-07-01,64.4800033569336,0.3854033350944519,65.76551818847656,0.0007281190572541779,0.02405787648846435,0.3819069495647073,612434.9877888078,Close
WORX,2162,2016-11-22,2025-07-01,0.4359999895095825,0.4020000100135803,1191.300048828125,0.0012168104661178347,0.13215160743120818,2.097841731722473,355848.4111933395,Close
WOW,2003,2017-07-13,2025-07-01,4.139999866485596,2.869999885559082,23.709999084472656,1.3388192904631237e-05,0.03659139388594589,0.5808703700845331,413114.0788816775,Close
WPC,6871,1998-03-10,2025-07-01,62.9900016784668,2.8857693672180176,72.96015167236328,0.0005589764918923812,0.016235908827156063,0.2577370623946399,380717.81793043227,Close
WPM,4996,2005-08-22,2025-07-01,89.37999725341797,2.131012439727783,92.75,0.0011331254761570595,0.03015895577150586,0.4787585806368038,3977113.090472378,Close
WPP,9415,1988-02-16,2025-07-01,35.880001068115234,1.1346079111099243,77.28453826904297,0.00048116436025225594,0.0280006526035948,0.4444965800197505,108435.81093998937,Close
WPRT,4212,2008-10-02,2025-07-01,3.109999895095825,2.5899999141693115,487.1000061035156,0.0003331016105378372,0.048169439292993825,0.7646661429761078,92197.68755935422,Close
WRAP,1750,2018-07-16,2025-07-01,1.5549999475479126,1.0049999952316284,13.350000381469728,0.0012007070610306008,0.05647638537911634,0.8965348239659168,331821.14285714284,Close
WRB,12999,1973-12-10,2025-07-01,72.86000061035156,0.0221229847520589,74.56863403320312,0.0007579325696373068,0.019766734659011805,0.3137871848372782,1917362.8395261173,Close
WRBY,909,2021-11-15,2025-07-01,21.780000686645508,9.6899995803833,59.5,-0.0002356265264343117,0.041257072465736254,0.6549357214014512,1519474.3674367436,Close
WRLD,8425,1992-01-15,2025-07-01,169.08999633789062,2.3333330154418945,259.0,0.0010495453176468167,0.03298123834490601,0.523560927549413,117857.9703264095,Close
WRN,4776,2006-07-07,2025-07-01,1.25,0.1599999964237213,4.239999771118164,0.0013079095933964638,0.05129908489826692,0.8143477267560207,123307.93551088778,Close
WSBC,9577,1987-06-25,2025-07-01,32.70000076293945,2.249436855316162,37.8614387512207,0.000502869477604868,0.022640674795780552,0.3594095701459406,81080.74031533883,Close
WSBCP,1199,2020-09-22,2025-07-01,25.280000686645508,15.5567626953125,25.299999237060547,0.00029547707887682634,0.010931670683923768,0.17353489226470595,10393.911592994162,Close
WSBF,4932,2005-11-21,2025-07-01,13.979999542236328,0.9325290322303772,18.743549346923828,0.0006114516785270103,0.02955148074262956,0.469115213512273,62480.36557177616,Close
WSC,2393,2015-12-23,2025-07-01,28.3799991607666,7.831909656524658,52.79323959350586,0.0007549288539641905,0.02438861611680205,0.3871572783964802,1279007.8144588382,Close
WSFS,9689,1987-01-15,2025-07-01,57.22999954223633,0.3218245208263397,60.7433967590332,0.0008353197138870517,0.032368995341423776,0.5138418711744935,126543.06946021262,Close
WSM,10547,1983-08-23,2025-07-01,169.19000244140625,0.0922535583376884,216.66590881347656,0.0010716647148758085,0.030950538160550767,0.49132456149859105,2198892.5974210678,Close
WSO,10314,1984-07-25,2025-07-01,455.5899963378906,0.7347431182861328,562.356689453125,0.0008161764478386541,0.021174925368459673,0.33614151933178227,153376.75053325578,Close
WSR,3701,2010-10-13,2025-07-01,12.539999961853027,3.96439790725708,14.917677879333496,0.00046795457806620273,0.01949187152420399,0.3094238678415916,246158.90299918942,Close
WST,11383,1980-05-02,2025-07-01,222.4199981689453,0.3972607851028442,467.2319030761719,0.0007210532730526171,0.018278694319125717,0.29016527675625453,229091.32039005533,Close
WT,8105,1993-04-21,2025-07-01,11.489999771118164,0.0078358212485909,20.705602645874023,0.0061365919751560655,0.41081284982291416,6.521451816126936,696320.2961135102,Close
WTBA,6549,1999-06-18,2025-07-01,20.25,2.502444267272949,28.4245719909668,0.0005659732998464699,0.027949417325897515,0.4436832452009084,21351.675828370742,Close
WTFC,6812,1998-06-03,2025-07-01,127.70999908447266,6.968428134918213,137.362548828125,0.0006660459141173088,0.024208570851295536,0.3842991484128912,271412.72753963596,Close
WTFCM,2487,2015-08-11,2025-07-01,24.950000762939453,11.673407554626465,25.36000061035156,0.00032731751318919875,0.013344566955686714,0.21183843311158404,12203.256936067552,Close
WTFCP,1259,2020-06-26,2025-07-01,24.959999084472656,16.893949508666992,25.3799991607666,0.00026304269656505873,0.008614923421367843,0.13675766962083014,31935.34551231136,Close
WTI,5105,2005-03-17,2025-07-01,1.690000057220459,1.0535006523132324,44.43048858642578,0.0004490014539714586,0.0421827942677897,0.669631099430235,1758531.7727717923,Close
WTM,9966,1985-12-10,2025-07-01,1790.010009765625,19.74591636657715,2013.9300537109373,0.0005598211338344013,0.016462112861868095,0.26132794012308463,33033.50391330524,Close
WTO,1032,2021-05-21,2025-07-01,0.9350000023841858,0.8550000190734863,14750.0,-0.0016585251046364695,0.11336467165755623,1.7996083719983176,38341.098837209305,Close
WTRG,11383,1980-05-02,2025-07-01,37.68000030517578,0.062260590493679,48.3671989440918,0.001547311998758982,0.1086234426236147,1.7243436944026678,547341.8708600545,Close
WTS,9757,1986-10-08,2025-07-01,250.80999755859372,4.400693893432617,250.80999755859372,0.0006326316610380379,0.02182013479240494,0.3463839014076688,146484.96464077072,Close
WTTR,1982,2017-08-11,2025-07-01,8.890000343322754,2.119419813156128,20.171669006347656,0.0005476374475781385,0.039672278976837776,0.6297779046953325,648430.3733602422,Close
WTW,6016,2001-07-30,2025-07-01,307.6099853515625,26.986995697021484,338.9227600097656,0.0005355800239446429,0.01644273231627335,0.26102028349958595,509344.93550531915,Close
WU,4683,2006-11-16,2025-07-01,8.670000076293945,5.443600654602051,19.87242126464844,0.00012078622102235056,0.019488762844197025,0.309374519076367,5661371.79158659,Close
WULF,7830,1994-05-23,2025-07-01,4.440000057220459,0.5400000214576721,36.06958770751953,0.0012834153571150376,0.04684491067229407,0.7436399029675541,1582847.8632183908,Close
WVE,2389,2015-12-30,2025-07-01,6.519999980926514,1.2300000190734863,55.20000076293945,0.0011998561646119758,0.055353925559733314,0.878716326733417,502154.1230640435,Close
WVVI,7718,1994-10-31,2025-07-01,5.46999979019165,1.149999976158142,17.31999969482422,0.001174169889565912,0.0489712852747499,0.7773950533211258,10008.758745789064,Close
WVVIP,2188,2016-10-17,2025-07-01,3.190000057220459,3.075382947921753,6.477944374084473,0.0005068603594749239,0.03173866815325882,0.5038357372675709,1256.0786106032906,Close
WWD,7831,1994-05-20,2025-07-01,244.3500061035156,1.650810480117798,247.5500030517578,0.0008979012497455096,0.02432243237507645,0.3861066440678302,293848.9975737454,Close
WWR,6877,1998-03-02,2025-07-01,0.6100000143051147,0.4099999964237213,84120.0,0.0020327736360958117,0.09156495516867187,1.4535486011105045,374727.2626145121,Close
WWW,11383,1980-05-02,2025-07-01,19.07999992370605,0.2571533620357513,39.689430236816406,0.0006967276716553822,0.026334894750874336,0.4180534938832427,647533.3225863129,Close
WY,13119,1973-06-20,2025-07-01,26.239999771118164,0.96244215965271,37.7759017944336,0.00042964621458242437,0.019998531896085518,0.31746685190061175,1786555.2138120283,Close
WYNN,5673,2002-12-12,2025-07-01,101.95999908447266,6.868692398071289,208.0047607421875,0.0009503754681813857,0.031176481333020437,0.4949112981673173,2395024.4843997885,Close
WYY,6789,1998-07-07,2025-07-01,3.369999885559082,0.5,75.625,0.002629642654133192,0.08528848199542029,1.3539126783485518,29233.978494623654,Close
X,8576,1991-05-30,2025-06-18,54.84000015258789,4.751079559326172,166.55946350097656,0.0006851713354986909,0.03241117393297089,0.5145114355578013,6624127.934701492,Close
XAGE,913,2021-11-09,2025-07-01,2.450000047683716,2.2699999809265137,330.0,-0.0018819161466133124,0.09080457755517501,1.4414779807036235,73018.68674698795,Close
XAIR,1740,2018-07-30,2025-07-01,0.1729999929666519,0.1599999964237213,15.609999656677246,-5.2186424874487485e-05,0.057856241148962685,0.9184393552388229,486214.5977011494,Close
XBIO,2230,2016-08-17,2025-07-01,3.75,2.299999952316284,714.0,0.0004791184130802065,0.08228922160661616,1.3063008957131361,55388.399551569506,Close
XBIT,2536,2015-06-02,2025-07-01,3.1700000762939453,1.99040949344635,21.48953056335449,0.0006446683770043162,0.04973153885397612,0.7894637047450017,143380.20504731862,Close
XBP,1011,2021-06-22,2025-07-01,0.8999999761581421,0.8799999952316284,38.0,-0.00015930707825962415,0.07087589057761148,1.1251198825115163,182236.9930761622,Close
XCUR,1754,2018-07-10,2025-07-01,6.099999904632568,1.5,975.0,0.00039494022737017204,0.08414227325869404,1.3357171787408688,105140.2023945268,Close
XEL,13169,1973-04-09,2025-07-01,68.70999908447266,0.5660526156425476,71.78268432617188,0.00042230580539855686,0.014013892313860646,0.22246364377508876,1376859.0249829143,Close
XELB,3160,2012-12-06,2025-07-01,1.8849999904632568,1.7699999809265137,200.0,0.0017682618645027493,0.08192670557421448,1.3005461321050842,15171.117088607594,Close
XENE,2645,2014-12-23,2025-07-01,32.09000015258789,2.200000047683716,50.040000915527344,0.0010966193247421705,0.04156139193853254,0.6597666432662507,289471.11531190923,Close
XERS,1733,2018-08-08,2025-07-01,4.659999847412109,1.0299999713897705,27.229999542236328,0.0005263162142622777,0.05163338333604645,0.819654549936273,1550913.156376226,Close
XFLT,1909,2017-11-24,2025-07-01,5.659999847412109,2.07276463508606,6.548245906829834,0.0003149847788530694,0.01653438618846193,0.2624752436146285,207513.72446306967,Close
XFOR,1881,2018-01-05,2025-07-01,1.8600000143051147,1.830000042915344,4685.39990234375,-0.0006173157625441718,0.08900670659362146,1.412937663981692,38585.84316852738,Close
XGN,1420,2019-11-05,2025-07-01,6.989999771118164,1.3600000143051147,28.479999542236328,0.0009357676271915341,0.0576168700787919,0.9146394573024111,61046.2676056338,Close
XHG,1387,2019-12-23,2025-07-01,1.315000057220459,1.2699999809265137,1008000.0,-0.0035210049612246818,0.11761329741556671,1.8670532150151915,31585.524873828406,Close
XHR,2584,2015-03-24,2025-07-01,13.010000228881836,5.983836650848389,20.649337768554688,0.00027910890330648357,0.02665555873869946,0.4231438768804398,692825.1160990712,Close
XIFR,2736,2014-08-14,2025-07-01,8.489999771118164,7.960000038146973,67.9715576171875,1.8093919276491847e-05,0.02563492556635449,0.40694182755735353,666172.8435672515,Close
XIN,4382,2008-01-31,2025-07-01,1.6399999856948853,1.5499999523162842,73.0730972290039,0.00011146637888361572,0.04439075063777155,0.7046813201941524,28114.86992240986,Close
XLO,892,2021-12-09,2025-07-01,0.6930000185966492,0.5,16.049999237060547,3.6421323957921885e-05,0.0840657316769907,1.3345021188000135,542308.2959641255,Close
XMTR,972,2021-08-17,2025-07-01,32.83000183105469,11.279999732971191,74.12999725341797,0.0003676665820438134,0.049217960032361736,0.7813108937012742,576105.3497942387,Close
XNCR,2878,2014-01-22,2025-07-01,8.069999694824219,7.519999980926514,53.880001068115234,0.0005323043752540893,0.0339620489915521,0.5391308138750329,333157.7136900625,Close
XNET,2739,2014-08-11,2025-07-01,4.320000171661377,0.9900000095367432,24.90999984741211,0.0008906758781194954,0.05322649657377312,0.8449444385606111,833521.5041986126,Close
XOM,15948,1962-02-16,2025-07-01,109.23999786376952,0.0847017019987106,122.12105560302734,0.0005440910147863701,0.014483250455567314,0.22991447328776432,9579673.576624028,Close
XOMA,9810,1986-07-24,2025-07-01,26.34000015258789,4.03000020980835,9600.0,0.0008396266976848124,0.05187544218693068,0.8234971150687633,29047.232110091743,Close
XOMAO,1028,2021-05-27,2025-07-01,25.450000762939453,17.27485466003418,25.450000762939453,0.0004041374913832507,0.007875452973460633,0.125018940178566,5805.933852140078,Close
XOMAP,1106,2021-02-04,2025-07-01,25.920000076293945,17.29034996032715,26.280000686645508,0.00038082876684430067,0.009329736987048925,0.148104983192235,2386.3471971066906,Close
XOS,1112,2021-01-27,2025-07-01,3.109999895095825,2.869999885559082,416.7000122070313,-0.002422091191218838,0.062048438116004065,0.9849884189695672,115393.02607913669,Close
XP,1362,2020-01-30,2025-07-01,19.799999237060547,9.588349342346191,46.069091796875,0.000249470864360182,0.037147788738716166,0.5897028645516524,4208847.5036710715,Close
XPEL,1476,2019-08-16,2025-07-01,37.34999847412109,6.860000133514404,101.4000015258789,0.0019384109499356,0.04075173230697289,0.6469136950759605,208598.71273712738,Close
XPEV,1183,2020-10-14,2025-07-01,18.26000022888184,6.409999847412109,72.16999816894531,0.0014073828515545122,0.05544115415934754,0.880101037824167,15729510.904480135,Close
XPL,4701,2006-10-23,2025-07-01,0.6399999856948853,0.1500000059604644,6.010000228881836,0.00047270616859388645,0.04132263065750488,0.6559764254323883,151033.9076792172,Close
XPO,5435,2003-11-21,2025-07-01,129.4600067138672,0.6502050161361694,158.1999969482422,0.0013547871594819085,0.033907714318209395,0.5382682776756366,1941271.0206071758,Close
XPOF,956,2021-09-09,2025-07-01,7.369999885559082,7.110000133514404,33.08000183105469,0.0009269093525046861,0.05096285391637535,0.8090102253890598,541517.5732217573,Close
XPRO,2958,2013-09-26,2025-07-01,9.029999732971191,6.909999847412109,171.4388427734375,-0.00023073455760060446,0.03834938554652521,0.6087776225294432,363349.7572684246,Close
XRAY,9511,1987-09-29,2025-07-01,16.540000915527344,0.3567472696304321,63.730934143066406,0.0006127953391306746,0.022188224329500718,0.35222714165983066,1117760.1093470717,Close
XRTX,913,2021-11-09,2025-07-01,0.8920000195503235,0.8019999861717224,260.010009765625,-0.0014340497864356017,0.09681601188731177,1.5369065422974006,225724.44359255204,Close
XRX,15948,1962-02-16,2025-07-01,5.639999866485596,0.3728842139244079,72.96993255615234,0.0004123030076833311,0.023434376462815536,0.37200919350285233,1457841.7512540757,Close
XTIA,1792,2012-09-20,2021-02-16,3956250.0,2287500.0,19743750750208.0,0.0007130281871007134,0.1353879522194016,2.149217112520992,0.07366071428571429,Close
XTKG,1538,2019-05-20,2025-07-01,1.5779999494552612,0.0900000035762786,1444.5283203125,0.011066955273370963,0.4853036023035155,7.703955852353369,148309.60273081926,Close
XTLB,4955,2005-10-19,2025-07-01,1.1799999475479126,0.7599999904632568,454.0,0.0016401998213539425,0.07774464353924104,1.2341579554331774,23159.909586276488,Close
XTNT,3740,2010-08-18,2025-07-01,0.7200000286102295,0.3499999940395355,1074.0,6.19933353048132e-05,0.06588449397810996,1.0458839179284694,188048.3040106952,Close
XWEL,3723,2010-09-13,2025-07-01,0.9200000166893004,0.7400000095367432,65160.0,-0.00016590740594188291,0.07529442049557629,1.1952618704521174,51077.666935267254,Close
XXII,3596,2011-03-15,2025-07-01,7.449999809265137,6.889999866485596,4620240.0,-0.00035274062395206535,0.07979964868529069,1.2667801507896095,1559.9808120133482,Close
XYF,1671,2018-11-05,2025-07-01,18.200000762939453,1.3846518993377686,22.235122680664062,0.0015630560908564688,0.05979109962553475,0.9491542813455127,79716.94853381209,Close
XYL,3415,2011-11-30,2025-07-01,131.0,19.50072860717773,143.87086486816406,0.0006955229115851806,0.01653070387166797,0.2624167886477162,1161292.6793557834,Close
XYLO,2458,2015-09-22,2025-07-01,5.050000190734863,2.819999933242798,6244.8486328125,-0.0013062837698572375,0.05666762309648765,0.8995706286146777,15029.538242473556,Close
XYZ,2383,2016-01-08,2025-07-01,68.2699966430664,8.369999885559082,281.8099975585937,0.001435060655457309,0.03659063213808302,0.5808582777120919,10521035.879143937,Close
YALA,1160,2020-11-16,2025-07-01,6.71999979019165,3.0799999237060547,40.619998931884766,0.0007610356477665367,0.04579091437950564,0.7269082305265407,725218.1034482758,Close
YCBD,1880,2018-01-08,2025-07-01,0.8650000095367432,0.8199999928474426,2437.199951171875,-0.0017316908306753056,0.06922834468574701,1.0989659022908793,20441.19840425532,Close
YELP,3319,2012-04-19,2025-07-01,35.16999816894531,14.460000038146973,98.04000091552734,0.0006506284372723371,0.03306912881468336,0.524956145503274,1791126.212714673,Close
YETI,1645,2018-12-13,2025-07-01,32.93000030517578,12.510000228881836,107.7300033569336,0.001101848084807768,0.034204262225042435,0.5429758297554185,1496671.3069908815,Close
YEXT,2032,2017-06-01,2025-07-01,8.369999885559082,4.159999847412109,26.850000381469727,0.0002938732205418247,0.033960316742796356,0.5391033152785334,1074039.0748031496,Close
YGMZ,1145,2020-12-08,2025-07-01,1.0260000228881836,0.6729999780654907,282.7200012207031,0.001105239265875794,0.12060281892821814,1.9145103977845115,66280.85414847161,Close
YHGJ,5526,2003-07-16,2025-07-01,0.800000011920929,0.3799999952316284,9.671570777893066,0.00180001464969743,0.07070686633706447,1.1224367058753426,126307.38327904452,Close
YI,1676,2018-10-29,2025-07-01,7.090000152587891,0.4300000071525574,27.32999992370605,0.006092790269066543,0.25638010232213687,4.069907951098005,219252.86396181385,Close
YJ,1516,2019-06-20,2025-07-01,1.7699999809265137,1.4500000476837158,452.0,-0.001710116018910306,0.06402074624057849,1.016297839808064,20224.791556728233,Close
YMAB,1669,2018-11-07,2025-07-01,4.409999847412109,2.8299999237060547,54.2599983215332,0.0002932920478255275,0.05083833553857514,0.8070335574211606,308658.71779508685,Close
YMM,977,2021-08-10,2025-07-01,11.899999618530272,4.560600757598877,17.957977294921875,0.000985107324913196,0.04683897009978309,0.7435455993024976,6882868.372569089,Close
YORW,6549,1999-06-18,2025-07-01,32.31999969482422,2.373391628265381,49.058502197265625,0.0005478542441955875,0.01913857207714844,0.30381541299011794,24610.100778744847,Close
YOU,972,2021-08-17,2025-07-01,27.979999542236328,15.148921012878418,46.7665901184082,0.00019432548695357292,0.03685996840043253,0.5851338583274625,1365037.6543209876,Close
YPF,8024,1993-08-16,2025-07-01,31.450000762939453,2.569999933242798,46.98905944824219,0.0005993223769235317,0.027677662916658616,0.43936927769372003,924234.2347956132,Close
YQ,1114,2021-01-25,2025-07-01,2.1600000858306885,1.4520000219345093,371.2000122070313,-0.002518109148918741,0.06348367705040774,1.007772130723904,37770.68222621185,Close
YRD,2363,2016-02-08,2025-07-01,6.03000020980835,0.6778323650360107,49.865081787109375,0.0013882773674883289,0.05007971067938378,0.7949907611262901,277997.92636479053,Close
YSG,1124,2021-01-08,2025-07-01,9.890000343322754,1.950000047683716,122.75,-0.0003251586877006873,0.056139219111141475,0.8911824753926693,479175.3736654804,Close
YTRA,2111,2017-02-07,2025-07-01,0.975000023841858,0.5519999861717224,12.270000457763672,-0.0002910127828665898,0.039351901710359856,0.624692073258417,205858.36096636666,Close
YUM,6957,1997-11-03,2025-07-01,150.3699951171875,2.90750503540039,161.73663330078125,0.000701935390118714,0.01843330729861802,0.29261968171545066,3894316.6093143597,Close
YUMC,2155,2016-12-02,2025-07-01,45.68000030517578,23.899621963500977,66.3343505859375,0.000520938792543761,0.022796707643387745,0.3618865148126958,2541588.7238979116,Close
YYAI,1091,2021-02-26,2025-07-01,0.9100000262260436,0.3869999945163727,5040.0,-0.0007983937664898307,0.1292964420172969,2.0525173858995007,268303.6370302475,Close
Z,2460,2015-09-18,2025-07-01,71.5,16.010000228881836,199.8999938964844,0.0009467060367381492,0.03358346279531691,0.5331209443247917,2980488.1300813006,Close
ZBAI,1516,2019-06-20,2025-07-01,0.3190000057220459,0.2949999868869781,4.670000076293945,0.0027636866718520722,0.14781747465852976,2.346529664256372,581160.1583113456,Close
ZBH,5986,2001-09-17,2025-07-01,94.05999755859376,21.672611236572266,167.56459045410156,0.0003892964079803303,0.017490709492383096,0.27765640542553477,1583223.738890745,Close
ZBRA,8497,1991-10-02,2025-07-01,315.4800109863281,3.277777910232544,614.5499877929688,0.0008565438862651734,0.026033322744564893,0.41326618669680115,440240.9438625397,Close
ZCMD,1312,2020-04-13,2025-07-01,1.159999966621399,1.0299999713897705,28.5,-0.0006938640621741317,0.058847082571306254,0.9341684751921585,136151.54725609755,Close
ZD,6492,1999-09-09,2025-07-01,31.799999237060547,0.2035044580698013,132.97999572753906,0.0009067165491864911,0.03584098589398016,0.5689580125130731,694608.7245841036,Close
ZDGE,2249,2016-07-21,2025-07-01,3.920000076293945,0.7900000214576721,19.420000076293945,0.0014762646008846746,0.05582337989956889,0.8861686833440466,95372.16540684749,Close
ZENV,957,2021-09-08,2025-07-01,1.4900000095367432,0.6710000038146973,17.309999465942383,-0.0006740629895839831,0.06365550288839235,1.0104997813406393,97247.1264367816,Close
ZEO,854,2022-02-03,2025-07-01,2.789999961853028,1.1399999856948853,11.520000457763672,0.001250848856679639,0.08660478402696396,1.3748083253028338,370616.1592505855,Close
ZEPP,1825,2018-03-28,2025-07-01,2.819999933242798,2.059999942779541,78.87999725341797,-0.0005772635441051004,0.04289462371433142,0.6809310415788878,50078.01369863014,Close
ZETA,986,2021-07-28,2025-07-01,15.140000343322754,4.269999980926514,36.7400016784668,0.0019959015648849054,0.0458206560916327,0.7273803655696617,2403205.780933063,Close
ZEUS,7847,1994-04-28,2025-07-01,33.58000183105469,1.6305170059204102,70.5555419921875,0.0008674116411052902,0.0381861257843356,0.6061859541502996,110317.5226201096,Close
ZG,3475,2011-09-06,2025-07-01,69.44000244140625,6.744620800018311,203.7899932861328,0.001102118462817913,0.03374033059701938,0.5356111434769004,1548380.0584172662,Close
ZGN,852,2022-02-07,2025-07-01,8.75,6.179999828338623,15.840774536132812,0.00010574993644650086,0.02464654542585727,0.3912517792420492,488747.41784037556,Close
ZH,1038,2021-05-13,2025-07-01,3.9800000190734863,2.5899999141693115,81.36000061035156,-0.0007281923972992328,0.05991064304050074,0.9510519742267652,521528.20038535644,Close
ZIM,1078,2021-03-17,2025-07-01,16.200000762939453,4.255517959594727,27.7755126953125,0.0017963241561950618,0.04394724413506887,0.6976408727282046,4639047.773654916,Close
ZIMV,812,2022-04-05,2025-07-01,9.84000015258789,5.309999942779541,27.989999771118164,-7.589902474568289e-05,0.044885897962361296,0.712541540293373,318993.842364532,Close
ZION,11383,1980-05-02,2025-07-01,53.75,0.7746201753616333,65.35021209716797,0.0006606165281968306,0.02430191634612019,0.38578096220477703,1298585.5661952035,Close
ZIONP,4618,2007-02-23,2025-07-01,22.420000076293945,2.836374282836914,25.103424072265625,0.00031766905842448343,0.018857349332243405,0.29935114031391585,9076.433521004765,Close
ZIP,996,2021-07-14,2025-07-01,5.239999771118164,4.360000133514404,32.150001525878906,-0.0009639873206082982,0.034435310756074276,0.5466436114788007,734971.8875502008,Close
ZKIN,1934,2017-10-19,2025-07-01,2.0199999809265137,0.3889999985694885,12.350000381469728,0.00393616820837234,0.17638954047641173,2.800097147841282,453910.85832471563,Close
ZLAB,1922,2017-11-06,2025-07-01,35.16999816894531,13.720000267028809,191.7100067138672,0.001070315216889335,0.04411981027164149,0.7003802752206988,490519.82310093654,Close
ZM,1526,2019-06-06,2025-07-01,77.56999969482422,55.31999969482422,568.3400268554688,0.0005970435305876046,0.03500488529100246,0.5556853269140122,4758509.5674967235,Close
ZNTL,1284,2020-05-21,2025-07-01,1.190000057220459,1.0399999618530271,84.79000091552734,-0.0013331960216508532,0.05212185554389931,0.8274088058423448,748834.7352024922,Close
ZS,1800,2018-05-03,2025-07-01,307.32000732421875,24.950000762939453,368.7799987792969,0.0019529772264877863,0.03648701092978967,0.5792133420259145,2296598.9444444445,Close
ZTEK,3298,2012-05-18,2025-07-01,1.100000023841858,0.1700000017881393,5.699999809265137,0.0017221514665509813,0.05359938950898822,0.8508639303940034,26742.63189812007,Close
ZTO,2147,2016-12-14,2025-07-01,17.889999389648438,10.006585121154783,35.747276306152344,0.0005096133150547035,0.024496060053077855,0.3888628980080861,2884020.1676758267,Close
ZTR,9227,1988-11-10,2025-07-01,6.25,0.8567337989807129,6.619475841522217,0.0002739724373493031,0.01153618349099686,0.18313123557591976,87393.43502763628,Close
ZTS,3089,2013-03-21,2025-07-01,159.19000244140625,26.07338523864746,239.0986785888672,0.0006649700115500251,0.016109022758099827,0.25572280849327167,2801698.6403366784,Close
ZUMZ,5037,2005-06-23,2025-07-01,14.010000228881836,6.119999885559082,54.630001068115234,0.0005940495477023119,0.03477498673336994,0.5520358004524036,419952.17391304346,Close
ZVIA,957,2021-09-08,2025-07-01,3.059999942779541,0.6150000095367432,14.210000038146973,-5.154809295444596e-05,0.05896914664719893,0.9361061823251201,288018.28631138976,Close
ZVRA,2535,2015-06-03,2025-07-01,8.949999809265137,2.752000093460083,378.0799865722656,0.00024517979644935936,0.054083748119740226,0.8585528849705387,302773.8761341223,Close
ZVSA,815,2022-03-31,2025-07-01,0.6510000228881836,0.5040000081062317,7875.0,-0.005197979738791147,0.10616639836741695,1.6853393260295941,523929.90674846625,Close
ZWS,3300,2012-05-16,2025-07-01,37.40999984741211,14.151713371276855,63.02198028564453,0.0004870690253171667,0.023277609158507934,0.36952058969742896,786942.9090909091,Close
ZYME,2022,2017-06-15,2025-07-01,12.40999984741211,4.650000095367432,56.810001373291016,0.0009520411915133349,0.039450265512979144,0.6262535502168647,503204.7477744807,Close
ZYXI,5339,2004-04-13,2025-07-01,2.6600000858306885,0.0787831842899322,25.69687271118164,0.002673540181327989,0.07174794484948033,1.1389633149102152,138356.63232815135,Close
