train_feat_before_target_end,train_return_identity,train_no_nan,val_feat_before_target_end,val_return_identity,val_no_nan,test_feat_before_target_end,test_return_identity,test_no_nan,disjoint,horizon_ok,ticker,all_passed
True,True,True,True,True,True,True,True,True,True,True,A,True
True,True,True,True,True,True,True,True,True,True,True,AA,True
True,True,True,True,True,True,True,True,True,True,True,AACG,True
True,True,True,True,True,True,True,True,True,True,True,AAL,True
True,True,True,True,True,True,True,True,True,True,True,AAME,True
True,True,True,True,True,True,True,True,True,True,True,AAMI,True
True,True,True,True,True,True,True,True,True,True,True,AAOI,True
True,True,True,True,True,True,True,True,True,True,True,AAON,True
True,True,True,True,True,True,True,True,True,True,True,AAP,True
True,True,True,True,True,True,True,True,True,True,True,AAPL,True
True,True,True,True,True,True,True,True,True,True,True,AAT,True
True,True,True,True,True,True,True,True,True,True,True,AB,True
True,True,True,True,True,True,True,True,True,True,True,ABAT,True
True,True,True,True,True,True,True,True,True,True,True,ABBV,True
True,True,True,True,True,True,True,True,True,True,True,ABCB,True
True,True,True,True,True,True,True,True,True,True,True,ABCL,True
True,True,True,True,True,True,True,True,True,True,True,ABEO,True
True,True,True,True,True,True,True,True,True,True,True,ABEV,True
True,True,True,True,True,True,True,True,True,True,True,ABG,True
True,True,True,True,True,True,True,True,True,True,True,ABL,True
True,True,True,True,True,True,True,True,True,True,True,ABM,True
True,True,True,True,True,True,True,True,True,True,True,ABNB,True
True,True,True,True,True,True,True,True,True,True,True,ABOS,True
True,True,True,True,True,True,True,True,True,True,True,ABR,True
True,True,True,True,True,True,True,True,True,True,True,ABSI,True
True,True,True,True,True,True,True,True,True,True,True,ABT,True
True,True,True,True,True,True,True,True,True,True,True,ABTS,True
True,True,True,True,True,True,True,True,True,True,True,ABUS,True
True,True,True,True,True,True,True,True,True,True,True,ABVC,True
True,True,True,True,True,True,True,True,True,True,True,AC,True
True,True,True,True,True,True,True,True,True,True,True,ACA,True
True,True,True,True,True,True,True,True,True,True,True,ACAD,True
True,True,True,True,True,True,True,True,True,True,True,ACB,True
True,True,True,True,True,True,True,True,True,True,True,ACCO,True
True,True,True,True,True,True,True,True,True,True,True,ACCS,True
True,True,True,True,True,True,True,True,True,True,True,ACEL,True
True,True,True,True,True,True,True,True,True,True,True,ACET,True
True,True,True,True,True,True,True,True,True,True,True,ACGL,True
True,True,True,True,True,True,True,True,True,True,True,ACGLN,True
True,True,True,True,True,True,True,True,True,True,True,ACGLO,True
True,True,True,True,True,True,True,True,True,True,True,ACHC,True
True,True,True,True,True,True,True,True,True,True,True,ACHR,True
True,True,True,True,True,True,True,True,True,True,True,ACHV,True
True,True,True,True,True,True,True,True,True,True,True,ACI,True
True,True,True,True,True,True,True,True,True,True,True,ACIC,True
True,True,True,True,True,True,True,True,True,True,True,ACIU,True
True,True,True,True,True,True,True,True,True,True,True,ACIW,True
True,True,True,True,True,True,True,True,True,True,True,ACLS,True
True,True,True,True,True,True,True,True,True,True,True,ACLX,True
True,True,True,True,True,True,True,True,True,True,True,ACM,True
True,True,True,True,True,True,True,True,True,True,True,ACMR,True
True,True,True,True,True,True,True,True,True,True,True,ACN,True
True,True,True,True,True,True,True,True,True,True,True,ACNB,True
True,True,True,True,True,True,True,True,True,True,True,ACNT,True
True,True,True,True,True,True,True,True,True,True,True,ACP,True
True,True,True,True,True,True,True,True,True,True,True,ACR,True
True,True,True,True,True,True,True,True,True,True,True,ACRE,True
True,True,True,True,True,True,True,True,True,True,True,ACRS,True
True,True,True,True,True,True,True,True,True,True,True,ACT,True
True,True,True,True,True,True,True,True,True,True,True,ACTG,True
True,True,True,True,True,True,True,True,True,True,True,ACU,True
True,True,True,True,True,True,True,True,True,True,True,ACV,True
True,True,True,True,True,True,True,True,True,True,True,ACVA,True
True,True,True,True,True,True,True,True,True,True,True,ACXP,True
True,True,True,True,True,True,True,True,True,True,True,ADAG,True
True,True,True,True,True,True,True,True,True,True,True,ADAP,True
True,True,True,True,True,True,True,True,True,True,True,ADBE,True
True,True,True,True,True,True,True,True,True,True,True,ADC,True
True,True,True,True,True,True,True,True,True,True,True,ADCT,True
True,True,True,True,True,True,True,True,True,True,True,ADD,True
True,True,True,True,True,True,True,True,True,True,True,ADEA,True
True,True,True,True,True,True,True,True,True,True,True,ADI,True
True,True,True,True,True,True,True,True,True,True,True,ADIL,True
True,True,True,True,True,True,True,True,True,True,True,ADM,True
True,True,True,True,True,True,True,True,True,True,True,ADMA,True
True,True,True,True,True,True,True,True,True,True,True,ADN,True
True,True,True,True,True,True,True,True,True,True,True,ADNT,True
True,True,True,True,True,True,True,True,True,True,True,ADP,True
True,True,True,True,True,True,True,True,True,True,True,ADPT,True
True,True,True,True,True,True,True,True,True,True,True,ADSE,True
True,True,True,True,True,True,True,True,True,True,True,ADSK,True
True,True,True,True,True,True,True,True,True,True,True,ADT,True
True,True,True,True,True,True,True,True,True,True,True,ADTN,True
True,True,True,True,True,True,True,True,True,True,True,ADTX,True
True,True,True,True,True,True,True,True,True,True,True,ADUS,True
True,True,True,True,True,True,True,True,True,True,True,ADV,True
True,True,True,True,True,True,True,True,True,True,True,ADVM,True
True,True,True,True,True,True,True,True,True,True,True,ADX,True
True,True,True,True,True,True,True,True,True,True,True,ADXN,True
True,True,True,True,True,True,True,True,True,True,True,AEE,True
True,True,True,True,True,True,True,True,True,True,True,AEF,True
True,True,True,True,True,True,True,True,True,True,True,AEFC,True
True,True,True,True,True,True,True,True,True,True,True,AEG,True
True,True,True,True,True,True,True,True,True,True,True,AEHL,True
True,True,True,True,True,True,True,True,True,True,True,AEHR,True
True,True,True,True,True,True,True,True,True,True,True,AEI,True
True,True,True,True,True,True,True,True,True,True,True,AEIS,True
True,True,True,True,True,True,True,True,True,True,True,AEM,True
True,True,True,True,True,True,True,True,True,True,True,AEMD,True
True,True,True,True,True,True,True,True,True,True,True,AENT,True
True,True,True,True,True,True,True,True,True,True,True,AEO,True
True,True,True,True,True,True,True,True,True,True,True,AEP,True
True,True,True,True,True,True,True,True,True,True,True,AER,True
True,True,True,True,True,True,True,True,True,True,True,AERT,True
True,True,True,True,True,True,True,True,True,True,True,AES,True
True,True,True,True,True,True,True,True,True,True,True,AEVA,True
True,True,True,True,True,True,True,True,True,True,True,AEYE,True
True,True,True,True,True,True,True,True,True,True,True,AFB,True
True,True,True,True,True,True,True,True,True,True,True,AFBI,True
True,True,True,True,True,True,True,True,True,True,True,AFCG,True
True,True,True,True,True,True,True,True,True,True,True,AFG,True
True,True,True,True,True,True,True,True,True,True,True,AFGB,True
True,True,True,True,True,True,True,True,True,True,True,AFGC,True
True,True,True,True,True,True,True,True,True,True,True,AFGD,True
True,True,True,True,True,True,True,True,True,True,True,AFGE,True
True,True,True,True,True,True,True,True,True,True,True,AFL,True
True,True,True,True,True,True,True,True,True,True,True,AFRI,True
True,True,True,True,True,True,True,True,True,True,True,AFRM,True
True,True,True,True,True,True,True,True,True,True,True,AFYA,True
True,True,True,True,True,True,True,True,True,True,True,AG,True
True,True,True,True,True,True,True,True,True,True,True,AGAE,True
True,True,True,True,True,True,True,True,True,True,True,AGCO,True
True,True,True,True,True,True,True,True,True,True,True,AGD,True
True,True,True,True,True,True,True,True,True,True,True,AGEN,True
True,True,True,True,True,True,True,True,True,True,True,AGFY,True
True,True,True,True,True,True,True,True,True,True,True,AGI,True
True,True,True,True,True,True,True,True,True,True,True,AGIO,True
True,True,True,True,True,True,True,True,True,True,True,AGL,True
True,True,True,True,True,True,True,True,True,True,True,AGM,True
True,True,True,True,True,True,True,True,True,True,True,AGMH,True
True,True,True,True,True,True,True,True,True,True,True,AGNC,True
True,True,True,True,True,True,True,True,True,True,True,AGNCM,True
True,True,True,True,True,True,True,True,True,True,True,AGNCN,True
True,True,True,True,True,True,True,True,True,True,True,AGNCO,True
True,True,True,True,True,True,True,True,True,True,True,AGNCP,True
True,True,True,True,True,True,True,True,True,True,True,AGO,True
True,True,True,True,True,True,True,True,True,True,True,AGRI,True
True,True,True,True,True,True,True,True,True,True,True,AGRO,True
True,True,True,True,True,True,True,True,True,True,True,AGS,True
True,True,True,True,True,True,True,True,True,True,True,AGX,True
True,True,True,True,True,True,True,True,True,True,True,AGYS,True
True,True,True,True,True,True,True,True,True,True,True,AHCO,True
True,True,True,True,True,True,True,True,True,True,True,AHG,True
True,True,True,True,True,True,True,True,True,True,True,AHH,True
True,True,True,True,True,True,True,True,True,True,True,AHT,True
True,True,True,True,True,True,True,True,True,True,True,AI,True
True,True,True,True,True,True,True,True,True,True,True,AIFF,True
True,True,True,True,True,True,True,True,True,True,True,AIFU,True
True,True,True,True,True,True,True,True,True,True,True,AIG,True
True,True,True,True,True,True,True,True,True,True,True,AIHS,True
True,True,True,True,True,True,True,True,True,True,True,AIM,True
True,True,True,True,True,True,True,True,True,True,True,AIMD,True
True,True,True,True,True,True,True,True,True,True,True,AIN,True
True,True,True,True,True,True,True,True,True,True,True,AIO,True
True,True,True,True,True,True,True,True,True,True,True,AIOT,True
True,True,True,True,True,True,True,True,True,True,True,AIP,True
True,True,True,True,True,True,True,True,True,True,True,AIR,True
True,True,True,True,True,True,True,True,True,True,True,AIRG,True
True,True,True,True,True,True,True,True,True,True,True,AIRI,True
True,True,True,True,True,True,True,True,True,True,True,AIRJ,True
True,True,True,True,True,True,True,True,True,True,True,AIRS,True
True,True,True,True,True,True,True,True,True,True,True,AIRT,True
True,True,True,True,True,True,True,True,True,True,True,AIRTP,True
True,True,True,True,True,True,True,True,True,True,True,AISP,True
True,True,True,True,True,True,True,True,True,True,True,AIT,True
True,True,True,True,True,True,True,True,True,True,True,AIV,True
True,True,True,True,True,True,True,True,True,True,True,AIZ,True
True,True,True,True,True,True,True,True,True,True,True,AIZN,True
True,True,True,True,True,True,True,True,True,True,True,AJG,True
True,True,True,True,True,True,True,True,True,True,True,AKA,True
True,True,True,True,True,True,True,True,True,True,True,AKAM,True
True,True,True,True,True,True,True,True,True,True,True,AKBA,True
True,True,True,True,True,True,True,True,True,True,True,AKR,True
True,True,True,True,True,True,True,True,True,True,True,AKRO,True
True,True,True,True,True,True,True,True,True,True,True,AKTX,True
True,True,True,True,True,True,True,True,True,True,True,AKYA,True
True,True,True,True,True,True,True,True,True,True,True,AL,True
True,True,True,True,True,True,True,True,True,True,True,ALAR,True
True,True,True,True,True,True,True,True,True,True,True,ALB,True
True,True,True,True,True,True,True,True,True,True,True,ALBT,True
True,True,True,True,True,True,True,True,True,True,True,ALC,True
True,True,True,True,True,True,True,True,True,True,True,ALCO,True
True,True,True,True,True,True,True,True,True,True,True,ALDX,True
True,True,True,True,True,True,True,True,True,True,True,ALE,True
True,True,True,True,True,True,True,True,True,True,True,ALEC,True
True,True,True,True,True,True,True,True,True,True,True,ALEX,True
True,True,True,True,True,True,True,True,True,True,True,ALG,True
True,True,True,True,True,True,True,True,True,True,True,ALGM,True
True,True,True,True,True,True,True,True,True,True,True,ALGN,True
True,True,True,True,True,True,True,True,True,True,True,ALGS,True
True,True,True,True,True,True,True,True,True,True,True,ALGT,True
True,True,True,True,True,True,True,True,True,True,True,ALHC,True
True,True,True,True,True,True,True,True,True,True,True,ALIT,True
True,True,True,True,True,True,True,True,True,True,True,ALK,True
True,True,True,True,True,True,True,True,True,True,True,ALKS,True
True,True,True,True,True,True,True,True,True,True,True,ALKT,True
True,True,True,True,True,True,True,True,True,True,True,ALL,True
True,True,True,True,True,True,True,True,True,True,True,ALLE,True
True,True,True,True,True,True,True,True,True,True,True,ALLO,True
True,True,True,True,True,True,True,True,True,True,True,ALLR,True
True,True,True,True,True,True,True,True,True,True,True,ALLT,True
True,True,True,True,True,True,True,True,True,True,True,ALLY,True
True,True,True,True,True,True,True,True,True,True,True,ALNT,True
True,True,True,True,True,True,True,True,True,True,True,ALNY,True
True,True,True,True,True,True,True,True,True,True,True,ALOT,True
True,True,True,True,True,True,True,True,True,True,True,ALRM,True
True,True,True,True,True,True,True,True,True,True,True,ALRS,True
True,True,True,True,True,True,True,True,True,True,True,ALSN,True
True,True,True,True,True,True,True,True,True,True,True,ALT,True
True,True,True,True,True,True,True,True,True,True,True,ALTG,True
True,True,True,True,True,True,True,True,True,True,True,ALTI,True
True,True,True,True,True,True,True,True,True,True,True,ALTO,True
True,True,True,True,True,True,True,True,True,True,True,ALTS,True
True,True,True,True,True,True,True,True,True,True,True,ALUR,True
True,True,True,True,True,True,True,True,True,True,True,ALV,True
True,True,True,True,True,True,True,True,True,True,True,ALX,True
True,True,True,True,True,True,True,True,True,True,True,ALXO,True
True,True,True,True,True,True,True,True,True,True,True,ALZN,True
True,True,True,True,True,True,True,True,True,True,True,AM,True
True,True,True,True,True,True,True,True,True,True,True,AMAL,True
True,True,True,True,True,True,True,True,True,True,True,AMAT,True
True,True,True,True,True,True,True,True,True,True,True,AMBA,True
True,True,True,True,True,True,True,True,True,True,True,AMBC,True
True,True,True,True,True,True,True,True,True,True,True,AMBI,True
True,True,True,True,True,True,True,True,True,True,True,AMBO,True
True,True,True,True,True,True,True,True,True,True,True,AMBP,True
True,True,True,True,True,True,True,True,True,True,True,AMBR,True
True,True,True,True,True,True,True,True,True,True,True,AMC,True
True,True,True,True,True,True,True,True,True,True,True,AMCR,True
True,True,True,True,True,True,True,True,True,True,True,AMCX,True
True,True,True,True,True,True,True,True,True,True,True,AMD,True
True,True,True,True,True,True,True,True,True,True,True,AME,True
True,True,True,True,True,True,True,True,True,True,True,AMED,True
True,True,True,True,True,True,True,True,True,True,True,AMG,True
True,True,True,True,True,True,True,True,True,True,True,AMGN,True
True,True,True,True,True,True,True,True,True,True,True,AMH,True
True,True,True,True,True,True,True,True,True,True,True,AMKR,True
True,True,True,True,True,True,True,True,True,True,True,AMLX,True
True,True,True,True,True,True,True,True,True,True,True,AMN,True
True,True,True,True,True,True,True,True,True,True,True,AMP,True
True,True,True,True,True,True,True,True,True,True,True,AMPG,True
True,True,True,True,True,True,True,True,True,True,True,AMPGW,True
True,True,True,True,True,True,True,True,True,True,True,AMPH,True
True,True,True,True,True,True,True,True,True,True,True,AMPL,True
True,True,True,True,True,True,True,True,True,True,True,AMPY,True
True,True,True,True,True,True,True,True,True,True,True,AMR,True
True,True,True,True,True,True,True,True,True,True,True,AMRC,True
True,True,True,True,True,True,True,True,True,True,True,AMRK,True
True,True,True,True,True,True,True,True,True,True,True,AMRN,True
True,True,True,True,True,True,True,True,True,True,True,AMRX,True
True,True,True,True,True,True,True,True,True,True,True,AMS,True
True,True,True,True,True,True,True,True,True,True,True,AMSC,True
True,True,True,True,True,True,True,True,True,True,True,AMSF,True
True,True,True,True,True,True,True,True,True,True,True,AMST,True
True,True,True,True,True,True,True,True,True,True,True,AMT,True
True,True,True,True,True,True,True,True,True,True,True,AMTB,True
True,True,True,True,True,True,True,True,True,True,True,AMTD,True
True,True,True,True,True,True,True,True,True,True,True,AMTX,True
True,True,True,True,True,True,True,True,True,True,True,AMWD,True
True,True,True,True,True,True,True,True,True,True,True,AMWL,True
True,True,True,True,True,True,True,True,True,True,True,AMX,True
True,True,True,True,True,True,True,True,True,True,True,AMZE,True
True,True,True,True,True,True,True,True,True,True,True,AMZN,True
True,True,True,True,True,True,True,True,True,True,True,AN,True
True,True,True,True,True,True,True,True,True,True,True,ANAB,True
True,True,True,True,True,True,True,True,True,True,True,ANDE,True
True,True,True,True,True,True,True,True,True,True,True,ANEB,True
True,True,True,True,True,True,True,True,True,True,True,ANET,True
True,True,True,True,True,True,True,True,True,True,True,ANF,True
True,True,True,True,True,True,True,True,True,True,True,ANGH,True
True,True,True,True,True,True,True,True,True,True,True,ANGI,True
True,True,True,True,True,True,True,True,True,True,True,ANGO,True
True,True,True,True,True,True,True,True,True,True,True,ANIK,True
True,True,True,True,True,True,True,True,True,True,True,ANIP,True
True,True,True,True,True,True,True,True,True,True,True,ANIX,True
True,True,True,True,True,True,True,True,True,True,True,ANNA,True
True,True,True,True,True,True,True,True,True,True,True,ANNX,True
True,True,True,True,True,True,True,True,True,True,True,ANSS,True
True,True,True,True,True,True,True,True,True,True,True,ANTE,True
True,True,True,True,True,True,True,True,True,True,True,ANVS,True
True,True,True,True,True,True,True,True,True,True,True,ANY,True
True,True,True,True,True,True,True,True,True,True,True,AOD,True
True,True,True,True,True,True,True,True,True,True,True,AOMR,True
True,True,True,True,True,True,True,True,True,True,True,AON,True
True,True,True,True,True,True,True,True,True,True,True,AORT,True
True,True,True,True,True,True,True,True,True,True,True,AOS,True
True,True,True,True,True,True,True,True,True,True,True,AOSL,True
True,True,True,True,True,True,True,True,True,True,True,AOUT,True
True,True,True,True,True,True,True,True,True,True,True,AP,True
True,True,True,True,True,True,True,True,True,True,True,APA,True
True,True,True,True,True,True,True,True,True,True,True,APAM,True
True,True,True,True,True,True,True,True,True,True,True,APD,True
True,True,True,True,True,True,True,True,True,True,True,APDN,True
True,True,True,True,True,True,True,True,True,True,True,APEI,True
True,True,True,True,True,True,True,True,True,True,True,APG,True
True,True,True,True,True,True,True,True,True,True,True,APH,True
True,True,True,True,True,True,True,True,True,True,True,API,True
True,True,True,True,True,True,True,True,True,True,True,APLE,True
True,True,True,True,True,True,True,True,True,True,True,APLM,True
True,True,True,True,True,True,True,True,True,True,True,APLS,True
True,True,True,True,True,True,True,True,True,True,True,APLT,True
True,True,True,True,True,True,True,True,True,True,True,APM,True
True,True,True,True,True,True,True,True,True,True,True,APO,True
True,True,True,True,True,True,True,True,True,True,True,APOG,True
True,True,True,True,True,True,True,True,True,True,True,APP,True
True,True,True,True,True,True,True,True,True,True,True,APPF,True
True,True,True,True,True,True,True,True,True,True,True,APPN,True
True,True,True,True,True,True,True,True,True,True,True,APPS,True
True,True,True,True,True,True,True,True,True,True,True,APRE,True
True,True,True,True,True,True,True,True,True,True,True,APT,True
True,True,True,True,True,True,True,True,True,True,True,APTV,True
True,True,True,True,True,True,True,True,True,True,True,APVO,True
True,True,True,True,True,True,True,True,True,True,True,APWC,True
True,True,True,True,True,True,True,True,True,True,True,APYX,True
True,True,True,True,True,True,True,True,True,True,True,AQB,True
True,True,True,True,True,True,True,True,True,True,True,AQMS,True
True,True,True,True,True,True,True,True,True,True,True,AQN,True
True,True,True,True,True,True,True,True,True,True,True,AQNB,True
True,True,True,True,True,True,True,True,True,True,True,AQST,True
True,True,True,True,True,True,True,True,True,True,True,AR,True
True,True,True,True,True,True,True,True,True,True,True,ARAY,True
True,True,True,True,True,True,True,True,True,True,True,ARBE,True
True,True,True,True,True,True,True,True,True,True,True,ARBK,True
True,True,True,True,True,True,True,True,True,True,True,ARBKL,True
True,True,True,True,True,True,True,True,True,True,True,ARCB,True
True,True,True,True,True,True,True,True,True,True,True,ARCC,True
True,True,True,True,True,True,True,True,True,True,True,ARCO,True
True,True,True,True,True,True,True,True,True,True,True,ARCT,True
True,True,True,True,True,True,True,True,True,True,True,ARDC,True
True,True,True,True,True,True,True,True,True,True,True,ARDX,True
True,True,True,True,True,True,True,True,True,True,True,ARE,True
True,True,True,True,True,True,True,True,True,True,True,AREB,True
True,True,True,True,True,True,True,True,True,True,True,AREC,True
True,True,True,True,True,True,True,True,True,True,True,AREN,True
True,True,True,True,True,True,True,True,True,True,True,ARES,True
True,True,True,True,True,True,True,True,True,True,True,ARGD,True
True,True,True,True,True,True,True,True,True,True,True,ARGX,True
True,True,True,True,True,True,True,True,True,True,True,ARHS,True
True,True,True,True,True,True,True,True,True,True,True,ARI,True
True,True,True,True,True,True,True,True,True,True,True,ARIS,True
True,True,True,True,True,True,True,True,True,True,True,ARKO,True
True,True,True,True,True,True,True,True,True,True,True,ARKR,True
True,True,True,True,True,True,True,True,True,True,True,ARL,True
True,True,True,True,True,True,True,True,True,True,True,ARLO,True
True,True,True,True,True,True,True,True,True,True,True,ARLP,True
True,True,True,True,True,True,True,True,True,True,True,ARMK,True
True,True,True,True,True,True,True,True,True,True,True,ARMN,True
True,True,True,True,True,True,True,True,True,True,True,ARMP,True
True,True,True,True,True,True,True,True,True,True,True,AROC,True
True,True,True,True,True,True,True,True,True,True,True,AROW,True
True,True,True,True,True,True,True,True,True,True,True,ARQ,True
True,True,True,True,True,True,True,True,True,True,True,ARQQ,True
True,True,True,True,True,True,True,True,True,True,True,ARQT,True
True,True,True,True,True,True,True,True,True,True,True,ARR,True
True,True,True,True,True,True,True,True,True,True,True,ARRY,True
True,True,True,True,True,True,True,True,True,True,True,ARTL,True
True,True,True,True,True,True,True,True,True,True,True,ARTNA,True
True,True,True,True,True,True,True,True,True,True,True,ARTW,True
True,True,True,True,True,True,True,True,True,True,True,ARVN,True
True,True,True,True,True,True,True,True,True,True,True,ARW,True
True,True,True,True,True,True,True,True,True,True,True,ARWR,True
True,True,True,True,True,True,True,True,True,True,True,ASA,True
True,True,True,True,True,True,True,True,True,True,True,ASAN,True
True,True,True,True,True,True,True,True,True,True,True,ASB,True
True,True,True,True,True,True,True,True,True,True,True,ASC,True
True,True,True,True,True,True,True,True,True,True,True,ASG,True
True,True,True,True,True,True,True,True,True,True,True,ASGI,True
True,True,True,True,True,True,True,True,True,True,True,ASGN,True
True,True,True,True,True,True,True,True,True,True,True,ASH,True
True,True,True,True,True,True,True,True,True,True,True,ASIX,True
True,True,True,True,True,True,True,True,True,True,True,ASLE,True
True,True,True,True,True,True,True,True,True,True,True,ASM,True
True,True,True,True,True,True,True,True,True,True,True,ASMB,True
True,True,True,True,True,True,True,True,True,True,True,ASML,True
True,True,True,True,True,True,True,True,True,True,True,ASND,True
True,True,True,True,True,True,True,True,True,True,True,ASO,True
True,True,True,True,True,True,True,True,True,True,True,ASPN,True
True,True,True,True,True,True,True,True,True,True,True,ASPS,True
True,True,True,True,True,True,True,True,True,True,True,ASR,True
True,True,True,True,True,True,True,True,True,True,True,ASRT,True
True,True,True,True,True,True,True,True,True,True,True,ASRV,True
True,True,True,True,True,True,True,True,True,True,True,ASTC,True
True,True,True,True,True,True,True,True,True,True,True,ASTE,True
True,True,True,True,True,True,True,True,True,True,True,ASTH,True
True,True,True,True,True,True,True,True,True,True,True,ASTL,True
True,True,True,True,True,True,True,True,True,True,True,ASTS,True
True,True,True,True,True,True,True,True,True,True,True,ASUR,True
True,True,True,True,True,True,True,True,True,True,True,ASX,True
True,True,True,True,True,True,True,True,True,True,True,ASYS,True
True,True,True,True,True,True,True,True,True,True,True,ATAI,True
True,True,True,True,True,True,True,True,True,True,True,ATCH,True
True,True,True,True,True,True,True,True,True,True,True,ATCOL,True
True,True,True,True,True,True,True,True,True,True,True,ATEC,True
True,True,True,True,True,True,True,True,True,True,True,ATEN,True
True,True,True,True,True,True,True,True,True,True,True,ATER,True
True,True,True,True,True,True,True,True,True,True,True,ATEX,True
True,True,True,True,True,True,True,True,True,True,True,ATGE,True
True,True,True,True,True,True,True,True,True,True,True,ATHA,True
True,True,True,True,True,True,True,True,True,True,True,ATHE,True
True,True,True,True,True,True,True,True,True,True,True,ATHM,True
True,True,True,True,True,True,True,True,True,True,True,ATI,True
True,True,True,True,True,True,True,True,True,True,True,ATKR,True
True,True,True,True,True,True,True,True,True,True,True,ATLC,True
True,True,True,True,True,True,True,True,True,True,True,ATLCL,True
True,True,True,True,True,True,True,True,True,True,True,ATLCP,True
True,True,True,True,True,True,True,True,True,True,True,ATLN,True
True,True,True,True,True,True,True,True,True,True,True,ATLO,True
True,True,True,True,True,True,True,True,True,True,True,ATNF,True
True,True,True,True,True,True,True,True,True,True,True,ATNI,True
True,True,True,True,True,True,True,True,True,True,True,ATNM,True
True,True,True,True,True,True,True,True,True,True,True,ATO,True
True,True,True,True,True,True,True,True,True,True,True,ATOM,True
True,True,True,True,True,True,True,True,True,True,True,ATOS,True
True,True,True,True,True,True,True,True,True,True,True,ATR,True
True,True,True,True,True,True,True,True,True,True,True,ATRA,True
True,True,True,True,True,True,True,True,True,True,True,ATRC,True
True,True,True,True,True,True,True,True,True,True,True,ATRO,True
True,True,True,True,True,True,True,True,True,True,True,ATS,True
True,True,True,True,True,True,True,True,True,True,True,ATUS,True
True,True,True,True,True,True,True,True,True,True,True,ATXG,True
True,True,True,True,True,True,True,True,True,True,True,ATXS,True
True,True,True,True,True,True,True,True,True,True,True,ATYR,True
True,True,True,True,True,True,True,True,True,True,True,AU,True
True,True,True,True,True,True,True,True,True,True,True,AUB,True
True,True,True,True,True,True,True,True,True,True,True,AUBN,True
True,True,True,True,True,True,True,True,True,True,True,AUDC,True
True,True,True,True,True,True,True,True,True,True,True,AUID,True
True,True,True,True,True,True,True,True,True,True,True,AUPH,True
True,True,True,True,True,True,True,True,True,True,True,AUR,True
True,True,True,True,True,True,True,True,True,True,True,AURA,True
True,True,True,True,True,True,True,True,True,True,True,AUTL,True
True,True,True,True,True,True,True,True,True,True,True,AUUD,True
True,True,True,True,True,True,True,True,True,True,True,AVA,True
True,True,True,True,True,True,True,True,True,True,True,AVAH,True
True,True,True,True,True,True,True,True,True,True,True,AVAL,True
True,True,True,True,True,True,True,True,True,True,True,AVAV,True
True,True,True,True,True,True,True,True,True,True,True,AVB,True
True,True,True,True,True,True,True,True,True,True,True,AVD,True
True,True,True,True,True,True,True,True,True,True,True,AVDL,True
True,True,True,True,True,True,True,True,True,True,True,AVDX,True
True,True,True,True,True,True,True,True,True,True,True,AVGO,True
True,True,True,True,True,True,True,True,True,True,True,AVIR,True
True,True,True,True,True,True,True,True,True,True,True,AVK,True
True,True,True,True,True,True,True,True,True,True,True,AVNS,True
True,True,True,True,True,True,True,True,True,True,True,AVNT,True
True,True,True,True,True,True,True,True,True,True,True,AVNW,True
True,True,True,True,True,True,True,True,True,True,True,AVO,True
True,True,True,True,True,True,True,True,True,True,True,AVPT,True
True,True,True,True,True,True,True,True,True,True,True,AVT,True
True,True,True,True,True,True,True,True,True,True,True,AVTR,True
True,True,True,True,True,True,True,True,True,True,True,AVTX,True
True,True,True,True,True,True,True,True,True,True,True,AVXL,True
True,True,True,True,True,True,True,True,True,True,True,AVY,True
True,True,True,True,True,True,True,True,True,True,True,AWF,True
True,True,True,True,True,True,True,True,True,True,True,AWI,True
True,True,True,True,True,True,True,True,True,True,True,AWK,True
True,True,True,True,True,True,True,True,True,True,True,AWP,True
True,True,True,True,True,True,True,True,True,True,True,AWR,True
True,True,True,True,True,True,True,True,True,True,True,AWRE,True
True,True,True,True,True,True,True,True,True,True,True,AWX,True
True,True,True,True,True,True,True,True,True,True,True,AX,True
True,True,True,True,True,True,True,True,True,True,True,AXGN,True
True,True,True,True,True,True,True,True,True,True,True,AXL,True
True,True,True,True,True,True,True,True,True,True,True,AXON,True
True,True,True,True,True,True,True,True,True,True,True,AXP,True
True,True,True,True,True,True,True,True,True,True,True,AXR,True
True,True,True,True,True,True,True,True,True,True,True,AXS,True
True,True,True,True,True,True,True,True,True,True,True,AXSM,True
True,True,True,True,True,True,True,True,True,True,True,AXTA,True
True,True,True,True,True,True,True,True,True,True,True,AXTI,True
True,True,True,True,True,True,True,True,True,True,True,AYI,True
True,True,True,True,True,True,True,True,True,True,True,AYRO,True
True,True,True,True,True,True,True,True,True,True,True,AYTU,True
True,True,True,True,True,True,True,True,True,True,True,AZ,True
True,True,True,True,True,True,True,True,True,True,True,AZEK,True
True,True,True,True,True,True,True,True,True,True,True,AZN,True
True,True,True,True,True,True,True,True,True,True,True,AZO,True
True,True,True,True,True,True,True,True,True,True,True,AZTA,True
True,True,True,True,True,True,True,True,True,True,True,AZZ,True
True,True,True,True,True,True,True,True,True,True,True,B,True
True,True,True,True,True,True,True,True,True,True,True,BA,True
True,True,True,True,True,True,True,True,True,True,True,BABA,True
True,True,True,True,True,True,True,True,True,True,True,BAC,True
True,True,True,True,True,True,True,True,True,True,True,BAER,True
True,True,True,True,True,True,True,True,True,True,True,BAFN,True
True,True,True,True,True,True,True,True,True,True,True,BAH,True
True,True,True,True,True,True,True,True,True,True,True,BAK,True
True,True,True,True,True,True,True,True,True,True,True,BALL,True
True,True,True,True,True,True,True,True,True,True,True,BANC,True
True,True,True,True,True,True,True,True,True,True,True,BAND,True
True,True,True,True,True,True,True,True,True,True,True,BANF,True
True,True,True,True,True,True,True,True,True,True,True,BANFP,True
True,True,True,True,True,True,True,True,True,True,True,BANR,True
True,True,True,True,True,True,True,True,True,True,True,BANX,True
True,True,True,True,True,True,True,True,True,True,True,BAOS,True
True,True,True,True,True,True,True,True,True,True,True,BAP,True
True,True,True,True,True,True,True,True,True,True,True,BARK,True
True,True,True,True,True,True,True,True,True,True,True,BASE,True
True,True,True,True,True,True,True,True,True,True,True,BATL,True
True,True,True,True,True,True,True,True,True,True,True,BATRA,True
True,True,True,True,True,True,True,True,True,True,True,BATRK,True
True,True,True,True,True,True,True,True,True,True,True,BAX,True
True,True,True,True,True,True,True,True,True,True,True,BB,True
True,True,True,True,True,True,True,True,True,True,True,BBAI,True
True,True,True,True,True,True,True,True,True,True,True,BBAR,True
True,True,True,True,True,True,True,True,True,True,True,BBCP,True
True,True,True,True,True,True,True,True,True,True,True,BBD,True
True,True,True,True,True,True,True,True,True,True,True,BBDC,True
True,True,True,True,True,True,True,True,True,True,True,BBDO,True
True,True,True,True,True,True,True,True,True,True,True,BBGI,True
True,True,True,True,True,True,True,True,True,True,True,BBIO,True
True,True,True,True,True,True,True,True,True,True,True,BBLG,True
True,True,True,True,True,True,True,True,True,True,True,BBLGW,True
True,True,True,True,True,True,True,True,True,True,True,BBN,True
True,True,True,True,True,True,True,True,True,True,True,BBSI,True
True,True,True,True,True,True,True,True,True,True,True,BBU,True
True,True,True,True,True,True,True,True,True,True,True,BBUC,True
True,True,True,True,True,True,True,True,True,True,True,BBVA,True
True,True,True,True,True,True,True,True,True,True,True,BBW,True
True,True,True,True,True,True,True,True,True,True,True,BBWI,True
True,True,True,True,True,True,True,True,True,True,True,BBY,True
True,True,True,True,True,True,True,True,True,True,True,BC,True
True,True,True,True,True,True,True,True,True,True,True,BCAB,True
True,True,True,True,True,True,True,True,True,True,True,BCAL,True
True,True,True,True,True,True,True,True,True,True,True,BCAT,True
True,True,True,True,True,True,True,True,True,True,True,BCBP,True
True,True,True,True,True,True,True,True,True,True,True,BCC,True
True,True,True,True,True,True,True,True,True,True,True,BCDA,True
True,True,True,True,True,True,True,True,True,True,True,BCE,True
True,True,True,True,True,True,True,True,True,True,True,BCH,True
True,True,True,True,True,True,True,True,True,True,True,BCLI,True
True,True,True,True,True,True,True,True,True,True,True,BCML,True
True,True,True,True,True,True,True,True,True,True,True,BCO,True
True,True,True,True,True,True,True,True,True,True,True,BCPC,True
True,True,True,True,True,True,True,True,True,True,True,BCRX,True
True,True,True,True,True,True,True,True,True,True,True,BCS,True
True,True,True,True,True,True,True,True,True,True,True,BCSF,True
True,True,True,True,True,True,True,True,True,True,True,BCTX,True
True,True,True,True,True,True,True,True,True,True,True,BCV,True
True,True,True,True,True,True,True,True,True,True,True,BCX,True
True,True,True,True,True,True,True,True,True,True,True,BCYC,True
True,True,True,True,True,True,True,True,True,True,True,BDC,True
True,True,True,True,True,True,True,True,True,True,True,BDJ,True
True,True,True,True,True,True,True,True,True,True,True,BDL,True
True,True,True,True,True,True,True,True,True,True,True,BDMD,True
True,True,True,True,True,True,True,True,True,True,True,BDN,True
True,True,True,True,True,True,True,True,True,True,True,BDRX,True
True,True,True,True,True,True,True,True,True,True,True,BDSX,True
True,True,True,True,True,True,True,True,True,True,True,BDTX,True
True,True,True,True,True,True,True,True,True,True,True,BDX,True
True,True,True,True,True,True,True,True,True,True,True,BE,True
True,True,True,True,True,True,True,True,True,True,True,BEAM,True
True,True,True,True,True,True,True,True,True,True,True,BEAT,True
True,True,True,True,True,True,True,True,True,True,True,BEDU,True
True,True,True,True,True,True,True,True,True,True,True,BEEM,True
True,True,True,True,True,True,True,True,True,True,True,BEKE,True
True,True,True,True,True,True,True,True,True,True,True,BELFA,True
True,True,True,True,True,True,True,True,True,True,True,BELFB,True
True,True,True,True,True,True,True,True,True,True,True,BEN,True
True,True,True,True,True,True,True,True,True,True,True,BENF,True
True,True,True,True,True,True,True,True,True,True,True,BEP,True
True,True,True,True,True,True,True,True,True,True,True,BEPC,True
True,True,True,True,True,True,True,True,True,True,True,BEPH,True
True,True,True,True,True,True,True,True,True,True,True,BEPI,True
True,True,True,True,True,True,True,True,True,True,True,BETR,True
True,True,True,True,True,True,True,True,True,True,True,BFAM,True
True,True,True,True,True,True,True,True,True,True,True,BFC,True
True,True,True,True,True,True,True,True,True,True,True,BFH,True
True,True,True,True,True,True,True,True,True,True,True,BFIN,True
True,True,True,True,True,True,True,True,True,True,True,BFK,True
True,True,True,True,True,True,True,True,True,True,True,BFLY,True
True,True,True,True,True,True,True,True,True,True,True,BFRI,True
True,True,True,True,True,True,True,True,True,True,True,BFS,True
True,True,True,True,True,True,True,True,True,True,True,BFST,True
True,True,True,True,True,True,True,True,True,True,True,BFZ,True
True,True,True,True,True,True,True,True,True,True,True,BG,True
True,True,True,True,True,True,True,True,True,True,True,BGB,True
True,True,True,True,True,True,True,True,True,True,True,BGC,True
True,True,True,True,True,True,True,True,True,True,True,BGFV,True
True,True,True,True,True,True,True,True,True,True,True,BGH,True
True,True,True,True,True,True,True,True,True,True,True,BGI,True
True,True,True,True,True,True,True,True,True,True,True,BGLC,True
True,True,True,True,True,True,True,True,True,True,True,BGM,True
True,True,True,True,True,True,True,True,True,True,True,BGR,True
True,True,True,True,True,True,True,True,True,True,True,BGS,True
True,True,True,True,True,True,True,True,True,True,True,BGSF,True
True,True,True,True,True,True,True,True,True,True,True,BGT,True
True,True,True,True,True,True,True,True,True,True,True,BGX,True
True,True,True,True,True,True,True,True,True,True,True,BGY,True
True,True,True,True,True,True,True,True,True,True,True,BH,True
True,True,True,True,True,True,True,True,True,True,True,BHAT,True
True,True,True,True,True,True,True,True,True,True,True,BHB,True
True,True,True,True,True,True,True,True,True,True,True,BHC,True
True,True,True,True,True,True,True,True,True,True,True,BHE,True
True,True,True,True,True,True,True,True,True,True,True,BHF,True
True,True,True,True,True,True,True,True,True,True,True,BHFAL,True
True,True,True,True,True,True,True,True,True,True,True,BHFAM,True
True,True,True,True,True,True,True,True,True,True,True,BHFAN,True
True,True,True,True,True,True,True,True,True,True,True,BHFAO,True
True,True,True,True,True,True,True,True,True,True,True,BHFAP,True
True,True,True,True,True,True,True,True,True,True,True,BHK,True
True,True,True,True,True,True,True,True,True,True,True,BHLB,True
True,True,True,True,True,True,True,True,True,True,True,BHP,True
True,True,True,True,True,True,True,True,True,True,True,BHR,True
True,True,True,True,True,True,True,True,True,True,True,BHRB,True
True,True,True,True,True,True,True,True,True,True,True,BHST,True
True,True,True,True,True,True,True,True,True,True,True,BHV,True
True,True,True,True,True,True,True,True,True,True,True,BIDU,True
True,True,True,True,True,True,True,True,True,True,True,BIGC,True
True,True,True,True,True,True,True,True,True,True,True,BIIB,True
True,True,True,True,True,True,True,True,True,True,True,BILI,True
True,True,True,True,True,True,True,True,True,True,True,BILL,True
True,True,True,True,True,True,True,True,True,True,True,BIO,True
True,True,True,True,True,True,True,True,True,True,True,BIOX,True
True,True,True,True,True,True,True,True,True,True,True,BIP,True
True,True,True,True,True,True,True,True,True,True,True,BIPC,True
True,True,True,True,True,True,True,True,True,True,True,BIPH,True
True,True,True,True,True,True,True,True,True,True,True,BIPI,True
True,True,True,True,True,True,True,True,True,True,True,BIRD,True
True,True,True,True,True,True,True,True,True,True,True,BIT,True
True,True,True,True,True,True,True,True,True,True,True,BITF,True
True,True,True,True,True,True,True,True,True,True,True,BIVI,True
True,True,True,True,True,True,True,True,True,True,True,BJ,True
True,True,True,True,True,True,True,True,True,True,True,BJDX,True
True,True,True,True,True,True,True,True,True,True,True,BJRI,True
True,True,True,True,True,True,True,True,True,True,True,BK,True
True,True,True,True,True,True,True,True,True,True,True,BKD,True
True,True,True,True,True,True,True,True,True,True,True,BKE,True
True,True,True,True,True,True,True,True,True,True,True,BKH,True
True,True,True,True,True,True,True,True,True,True,True,BKKT,True
True,True,True,True,True,True,True,True,True,True,True,BKN,True
True,True,True,True,True,True,True,True,True,True,True,BKNG,True
True,True,True,True,True,True,True,True,True,True,True,BKR,True
True,True,True,True,True,True,True,True,True,True,True,BKSY,True
True,True,True,True,True,True,True,True,True,True,True,BKT,True
True,True,True,True,True,True,True,True,True,True,True,BKTI,True
True,True,True,True,True,True,True,True,True,True,True,BKU,True
True,True,True,True,True,True,True,True,True,True,True,BKYI,True
True,True,True,True,True,True,True,True,True,True,True,BL,True
True,True,True,True,True,True,True,True,True,True,True,BLBD,True
True,True,True,True,True,True,True,True,True,True,True,BLBX,True
True,True,True,True,True,True,True,True,True,True,True,BLD,True
True,True,True,True,True,True,True,True,True,True,True,BLDE,True
True,True,True,True,True,True,True,True,True,True,True,BLDP,True
True,True,True,True,True,True,True,True,True,True,True,BLDR,True
True,True,True,True,True,True,True,True,True,True,True,BLE,True
True,True,True,True,True,True,True,True,True,True,True,BLFS,True
True,True,True,True,True,True,True,True,True,True,True,BLFY,True
True,True,True,True,True,True,True,True,True,True,True,BLIN,True
True,True,True,True,True,True,True,True,True,True,True,BLK,True
True,True,True,True,True,True,True,True,True,True,True,BLKB,True
True,True,True,True,True,True,True,True,True,True,True,BLMN,True
True,True,True,True,True,True,True,True,True,True,True,BLND,True
True,True,True,True,True,True,True,True,True,True,True,BLNE,True
True,True,True,True,True,True,True,True,True,True,True,BLNK,True
True,True,True,True,True,True,True,True,True,True,True,BLRX,True
True,True,True,True,True,True,True,True,True,True,True,BLW,True
True,True,True,True,True,True,True,True,True,True,True,BLX,True
True,True,True,True,True,True,True,True,True,True,True,BLZE,True
True,True,True,True,True,True,True,True,True,True,True,BMA,True
True,True,True,True,True,True,True,True,True,True,True,BMBL,True
True,True,True,True,True,True,True,True,True,True,True,BME,True
True,True,True,True,True,True,True,True,True,True,True,BMEA,True
True,True,True,True,True,True,True,True,True,True,True,BMEZ,True
True,True,True,True,True,True,True,True,True,True,True,BMI,True
True,True,True,True,True,True,True,True,True,True,True,BML,True
True,True,True,True,True,True,True,True,True,True,True,BMO,True
True,True,True,True,True,True,True,True,True,True,True,BMRA,True
True,True,True,True,True,True,True,True,True,True,True,BMRC,True
True,True,True,True,True,True,True,True,True,True,True,BMRN,True
True,True,True,True,True,True,True,True,True,True,True,BMY,True
True,True,True,True,True,True,True,True,True,True,True,BN,True
True,True,True,True,True,True,True,True,True,True,True,BNAI,True
True,True,True,True,True,True,True,True,True,True,True,BNED,True
True,True,True,True,True,True,True,True,True,True,True,BNGO,True
True,True,True,True,True,True,True,True,True,True,True,BNH,True
True,True,True,True,True,True,True,True,True,True,True,BNJ,True
True,True,True,True,True,True,True,True,True,True,True,BNL,True
True,True,True,True,True,True,True,True,True,True,True,BNR,True
True,True,True,True,True,True,True,True,True,True,True,BNS,True
True,True,True,True,True,True,True,True,True,True,True,BNT,True
True,True,True,True,True,True,True,True,True,True,True,BNTC,True
True,True,True,True,True,True,True,True,True,True,True,BNTX,True
True,True,True,True,True,True,True,True,True,True,True,BNY,True
True,True,True,True,True,True,True,True,True,True,True,BNZI,True
True,True,True,True,True,True,True,True,True,True,True,BOC,True
True,True,True,True,True,True,True,True,True,True,True,BODI,True
True,True,True,True,True,True,True,True,True,True,True,BOE,True
True,True,True,True,True,True,True,True,True,True,True,BOH,True
True,True,True,True,True,True,True,True,True,True,True,BOKF,True
True,True,True,True,True,True,True,True,True,True,True,BOLT,True
True,True,True,True,True,True,True,True,True,True,True,BON,True
True,True,True,True,True,True,True,True,True,True,True,BOOM,True
True,True,True,True,True,True,True,True,True,True,True,BOOT,True
True,True,True,True,True,True,True,True,True,True,True,BORR,True
True,True,True,True,True,True,True,True,True,True,True,BOSC,True
True,True,True,True,True,True,True,True,True,True,True,BOTJ,True
True,True,True,True,True,True,True,True,True,True,True,BOX,True
True,True,True,True,True,True,True,True,True,True,True,BOXL,True
True,True,True,True,True,True,True,True,True,True,True,BP,True
True,True,True,True,True,True,True,True,True,True,True,BPMC,True
True,True,True,True,True,True,True,True,True,True,True,BPOP,True
True,True,True,True,True,True,True,True,True,True,True,BPOPM,True
True,True,True,True,True,True,True,True,True,True,True,BPRN,True
True,True,True,True,True,True,True,True,True,True,True,BPT,True
True,True,True,True,True,True,True,True,True,True,True,BPYPM,True
True,True,True,True,True,True,True,True,True,True,True,BPYPN,True
True,True,True,True,True,True,True,True,True,True,True,BPYPO,True
True,True,True,True,True,True,True,True,True,True,True,BPYPP,True
True,True,True,True,True,True,True,True,True,True,True,BQ,True
True,True,True,True,True,True,True,True,True,True,True,BR,True
True,True,True,True,True,True,True,True,True,True,True,BRAG,True
True,True,True,True,True,True,True,True,True,True,True,BRBR,True
True,True,True,True,True,True,True,True,True,True,True,BRBS,True
True,True,True,True,True,True,True,True,True,True,True,BRC,True
True,True,True,True,True,True,True,True,True,True,True,BRCC,True
True,True,True,True,True,True,True,True,True,True,True,BRDG,True
True,True,True,True,True,True,True,True,True,True,True,BRFH,True
True,True,True,True,True,True,True,True,True,True,True,BRFS,True
True,True,True,True,True,True,True,True,True,True,True,BRID,True
True,True,True,True,True,True,True,True,True,True,True,BRK,True
True,True,True,True,True,True,True,True,True,True,True,BRKL,True
True,True,True,True,True,True,True,True,True,True,True,BRKR,True
True,True,True,True,True,True,True,True,True,True,True,BRLS,True
True,True,True,True,True,True,True,True,True,True,True,BRLT,True
True,True,True,True,True,True,True,True,True,True,True,BRN,True
True,True,True,True,True,True,True,True,True,True,True,BRNS,True
True,True,True,True,True,True,True,True,True,True,True,BRO,True
True,True,True,True,True,True,True,True,True,True,True,BROS,True
True,True,True,True,True,True,True,True,True,True,True,BRSP,True
True,True,True,True,True,True,True,True,True,True,True,BRT,True
True,True,True,True,True,True,True,True,True,True,True,BRTX,True
True,True,True,True,True,True,True,True,True,True,True,BRW,True
True,True,True,True,True,True,True,True,True,True,True,BRX,True
True,True,True,True,True,True,True,True,True,True,True,BRY,True
True,True,True,True,True,True,True,True,True,True,True,BRZE,True
True,True,True,True,True,True,True,True,True,True,True,BSAC,True
True,True,True,True,True,True,True,True,True,True,True,BSBK,True
True,True,True,True,True,True,True,True,True,True,True,BSBR,True
True,True,True,True,True,True,True,True,True,True,True,BSET,True
True,True,True,True,True,True,True,True,True,True,True,BSGM,True
True,True,True,True,True,True,True,True,True,True,True,BSL,True
True,True,True,True,True,True,True,True,True,True,True,BSLK,True
True,True,True,True,True,True,True,True,True,True,True,BSM,True
True,True,True,True,True,True,True,True,True,True,True,BSRR,True
True,True,True,True,True,True,True,True,True,True,True,BST,True
True,True,True,True,True,True,True,True,True,True,True,BSTZ,True
True,True,True,True,True,True,True,True,True,True,True,BSVN,True
True,True,True,True,True,True,True,True,True,True,True,BSX,True
True,True,True,True,True,True,True,True,True,True,True,BSY,True
True,True,True,True,True,True,True,True,True,True,True,BTA,True
True,True,True,True,True,True,True,True,True,True,True,BTAI,True
True,True,True,True,True,True,True,True,True,True,True,BTBD,True
True,True,True,True,True,True,True,True,True,True,True,BTBT,True
True,True,True,True,True,True,True,True,True,True,True,BTCM,True
True,True,True,True,True,True,True,True,True,True,True,BTCS,True
True,True,True,True,True,True,True,True,True,True,True,BTCT,True
True,True,True,True,True,True,True,True,True,True,True,BTDR,True
True,True,True,True,True,True,True,True,True,True,True,BTE,True
True,True,True,True,True,True,True,True,True,True,True,BTG,True
True,True,True,True,True,True,True,True,True,True,True,BTI,True
True,True,True,True,True,True,True,True,True,True,True,BTMD,True
True,True,True,True,True,True,True,True,True,True,True,BTO,True
True,True,True,True,True,True,True,True,True,True,True,BTOG,True
True,True,True,True,True,True,True,True,True,True,True,BTT,True
True,True,True,True,True,True,True,True,True,True,True,BTU,True
True,True,True,True,True,True,True,True,True,True,True,BTX,True
True,True,True,True,True,True,True,True,True,True,True,BTZ,True
True,True,True,True,True,True,True,True,True,True,True,BUD,True
True,True,True,True,True,True,True,True,True,True,True,BUI,True
True,True,True,True,True,True,True,True,True,True,True,BUR,True
True,True,True,True,True,True,True,True,True,True,True,BURL,True
True,True,True,True,True,True,True,True,True,True,True,BURU,True
True,True,True,True,True,True,True,True,True,True,True,BUSE,True
True,True,True,True,True,True,True,True,True,True,True,BV,True
True,True,True,True,True,True,True,True,True,True,True,BVFL,True
True,True,True,True,True,True,True,True,True,True,True,BVN,True
True,True,True,True,True,True,True,True,True,True,True,BVS,True
True,True,True,True,True,True,True,True,True,True,True,BW,True
True,True,True,True,True,True,True,True,True,True,True,BWA,True
True,True,True,True,True,True,True,True,True,True,True,BWAY,True
True,True,True,True,True,True,True,True,True,True,True,BWB,True
True,True,True,True,True,True,True,True,True,True,True,BWBBP,True
True,True,True,True,True,True,True,True,True,True,True,BWEN,True
True,True,True,True,True,True,True,True,True,True,True,BWFG,True
True,True,True,True,True,True,True,True,True,True,True,BWG,True
True,True,True,True,True,True,True,True,True,True,True,BWIN,True
True,True,True,True,True,True,True,True,True,True,True,BWLP,True
True,True,True,True,True,True,True,True,True,True,True,BWMN,True
True,True,True,True,True,True,True,True,True,True,True,BWMX,True
True,True,True,True,True,True,True,True,True,True,True,BWNB,True
True,True,True,True,True,True,True,True,True,True,True,BWSN,True
True,True,True,True,True,True,True,True,True,True,True,BWXT,True
True,True,True,True,True,True,True,True,True,True,True,BX,True
True,True,True,True,True,True,True,True,True,True,True,BXC,True
True,True,True,True,True,True,True,True,True,True,True,BXMT,True
True,True,True,True,True,True,True,True,True,True,True,BXMX,True
True,True,True,True,True,True,True,True,True,True,True,BXP,True
True,True,True,True,True,True,True,True,True,True,True,BXSL,True
True,True,True,True,True,True,True,True,True,True,True,BY,True
True,True,True,True,True,True,True,True,True,True,True,BYD,True
True,True,True,True,True,True,True,True,True,True,True,BYFC,True
True,True,True,True,True,True,True,True,True,True,True,BYM,True
True,True,True,True,True,True,True,True,True,True,True,BYND,True
True,True,True,True,True,True,True,True,True,True,True,BYON,True
True,True,True,True,True,True,True,True,True,True,True,BYRN,True
True,True,True,True,True,True,True,True,True,True,True,BYSI,True
True,True,True,True,True,True,True,True,True,True,True,BZ,True
True,True,True,True,True,True,True,True,True,True,True,BZAI,True
True,True,True,True,True,True,True,True,True,True,True,BZFD,True
True,True,True,True,True,True,True,True,True,True,True,BZH,True
True,True,True,True,True,True,True,True,True,True,True,BZUN,True
True,True,True,True,True,True,True,True,True,True,True,C,True
True,True,True,True,True,True,True,True,True,True,True,CAAP,True
True,True,True,True,True,True,True,True,True,True,True,CAAS,True
True,True,True,True,True,True,True,True,True,True,True,CABA,True
True,True,True,True,True,True,True,True,True,True,True,CABO,True
True,True,True,True,True,True,True,True,True,True,True,CAC,True
True,True,True,True,True,True,True,True,True,True,True,CACC,True
True,True,True,True,True,True,True,True,True,True,True,CACI,True
True,True,True,True,True,True,True,True,True,True,True,CADE,True
True,True,True,True,True,True,True,True,True,True,True,CADL,True
True,True,True,True,True,True,True,True,True,True,True,CAE,True
True,True,True,True,True,True,True,True,True,True,True,CAF,True
True,True,True,True,True,True,True,True,True,True,True,CAG,True
True,True,True,True,True,True,True,True,True,True,True,CAH,True
True,True,True,True,True,True,True,True,True,True,True,CAKE,True
True,True,True,True,True,True,True,True,True,True,True,CAL,True
True,True,True,True,True,True,True,True,True,True,True,CALM,True
True,True,True,True,True,True,True,True,True,True,True,CALX,True
True,True,True,True,True,True,True,True,True,True,True,CAMT,True
True,True,True,True,True,True,True,True,True,True,True,CAN,True
True,True,True,True,True,True,True,True,True,True,True,CANF,True
True,True,True,True,True,True,True,True,True,True,True,CANG,True
True,True,True,True,True,True,True,True,True,True,True,CAPL,True
True,True,True,True,True,True,True,True,True,True,True,CAPNR,True
True,True,True,True,True,True,True,True,True,True,True,CAPR,True
True,True,True,True,True,True,True,True,True,True,True,CAPS,True
True,True,True,True,True,True,True,True,True,True,True,CAR,True
True,True,True,True,True,True,True,True,True,True,True,CARE,True
True,True,True,True,True,True,True,True,True,True,True,CARG,True
True,True,True,True,True,True,True,True,True,True,True,CARM,True
True,True,True,True,True,True,True,True,True,True,True,CARR,True
True,True,True,True,True,True,True,True,True,True,True,CARS,True
True,True,True,True,True,True,True,True,True,True,True,CARV,True
True,True,True,True,True,True,True,True,True,True,True,CASH,True
True,True,True,True,True,True,True,True,True,True,True,CASI,True
True,True,True,True,True,True,True,True,True,True,True,CASS,True
True,True,True,True,True,True,True,True,True,True,True,CASY,True
True,True,True,True,True,True,True,True,True,True,True,CAT,True
True,True,True,True,True,True,True,True,True,True,True,CATO,True
True,True,True,True,True,True,True,True,True,True,True,CATX,True
True,True,True,True,True,True,True,True,True,True,True,CATY,True
True,True,True,True,True,True,True,True,True,True,True,CB,True
True,True,True,True,True,True,True,True,True,True,True,CBAN,True
True,True,True,True,True,True,True,True,True,True,True,CBAT,True
True,True,True,True,True,True,True,True,True,True,True,CBFV,True
True,True,True,True,True,True,True,True,True,True,True,CBIO,True
True,True,True,True,True,True,True,True,True,True,True,CBL,True
True,True,True,True,True,True,True,True,True,True,True,CBNK,True
True,True,True,True,True,True,True,True,True,True,True,CBRE,True
True,True,True,True,True,True,True,True,True,True,True,CBRL,True
True,True,True,True,True,True,True,True,True,True,True,CBSH,True
True,True,True,True,True,True,True,True,True,True,True,CBT,True
True,True,True,True,True,True,True,True,True,True,True,CBU,True
True,True,True,True,True,True,True,True,True,True,True,CBUS,True
True,True,True,True,True,True,True,True,True,True,True,CBZ,True
True,True,True,True,True,True,True,True,True,True,True,CC,True
True,True,True,True,True,True,True,True,True,True,True,CCAP,True
True,True,True,True,True,True,True,True,True,True,True,CCB,True
True,True,True,True,True,True,True,True,True,True,True,CCBG,True
True,True,True,True,True,True,True,True,True,True,True,CCCC,True
True,True,True,True,True,True,True,True,True,True,True,CCCS,True
True,True,True,True,True,True,True,True,True,True,True,CCD,True
True,True,True,True,True,True,True,True,True,True,True,CCEC,True
True,True,True,True,True,True,True,True,True,True,True,CCEL,True
True,True,True,True,True,True,True,True,True,True,True,CCEP,True
True,True,True,True,True,True,True,True,True,True,True,CCI,True
True,True,True,True,True,True,True,True,True,True,True,CCIF,True
True,True,True,True,True,True,True,True,True,True,True,CCJ,True
True,True,True,True,True,True,True,True,True,True,True,CCK,True
True,True,True,True,True,True,True,True,True,True,True,CCL,True
True,True,True,True,True,True,True,True,True,True,True,CCLD,True
True,True,True,True,True,True,True,True,True,True,True,CCLDO,True
True,True,True,True,True,True,True,True,True,True,True,CCM,True
True,True,True,True,True,True,True,True,True,True,True,CCNE,True
True,True,True,True,True,True,True,True,True,True,True,CCNEP,True
True,True,True,True,True,True,True,True,True,True,True,CCO,True
True,True,True,True,True,True,True,True,True,True,True,CCOI,True
True,True,True,True,True,True,True,True,True,True,True,CCRD,True
True,True,True,True,True,True,True,True,True,True,True,CCRN,True
True,True,True,True,True,True,True,True,True,True,True,CCS,True
True,True,True,True,True,True,True,True,True,True,True,CCSI,True
True,True,True,True,True,True,True,True,True,True,True,CCU,True
True,True,True,True,True,True,True,True,True,True,True,CCZ,True
True,True,True,True,True,True,True,True,True,True,True,CDE,True
True,True,True,True,True,True,True,True,True,True,True,CDIO,True
True,True,True,True,True,True,True,True,True,True,True,CDLX,True
True,True,True,True,True,True,True,True,True,True,True,CDNA,True
True,True,True,True,True,True,True,True,True,True,True,CDNS,True
True,True,True,True,True,True,True,True,True,True,True,CDP,True
True,True,True,True,True,True,True,True,True,True,True,CDRE,True
True,True,True,True,True,True,True,True,True,True,True,CDRO,True
True,True,True,True,True,True,True,True,True,True,True,CDTX,True
True,True,True,True,True,True,True,True,True,True,True,CDW,True
True,True,True,True,True,True,True,True,True,True,True,CDXS,True
True,True,True,True,True,True,True,True,True,True,True,CDZI,True
True,True,True,True,True,True,True,True,True,True,True,CDZIP,True
True,True,True,True,True,True,True,True,True,True,True,CE,True
True,True,True,True,True,True,True,True,True,True,True,CECO,True
True,True,True,True,True,True,True,True,True,True,True,CEE,True
True,True,True,True,True,True,True,True,True,True,True,CEG,True
True,True,True,True,True,True,True,True,True,True,True,CELC,True
True,True,True,True,True,True,True,True,True,True,True,CELH,True
True,True,True,True,True,True,True,True,True,True,True,CELU,True
True,True,True,True,True,True,True,True,True,True,True,CELZ,True
True,True,True,True,True,True,True,True,True,True,True,CENN,True
True,True,True,True,True,True,True,True,True,True,True,CENT,True
True,True,True,True,True,True,True,True,True,True,True,CENTA,True
True,True,True,True,True,True,True,True,True,True,True,CENX,True
True,True,True,True,True,True,True,True,True,True,True,CEPU,True
True,True,True,True,True,True,True,True,True,True,True,CERO,True
True,True,True,True,True,True,True,True,True,True,True,CERS,True
True,True,True,True,True,True,True,True,True,True,True,CERT,True
True,True,True,True,True,True,True,True,True,True,True,CET,True
True,True,True,True,True,True,True,True,True,True,True,CETX,True
True,True,True,True,True,True,True,True,True,True,True,CEV,True
True,True,True,True,True,True,True,True,True,True,True,CEVA,True
True,True,True,True,True,True,True,True,True,True,True,CF,True
True,True,True,True,True,True,True,True,True,True,True,CFBK,True
True,True,True,True,True,True,True,True,True,True,True,CFFI,True
True,True,True,True,True,True,True,True,True,True,True,CFFN,True
True,True,True,True,True,True,True,True,True,True,True,CFG,True
True,True,True,True,True,True,True,True,True,True,True,CFLT,True
True,True,True,True,True,True,True,True,True,True,True,CFR,True
True,True,True,True,True,True,True,True,True,True,True,CFSB,True
True,True,True,True,True,True,True,True,True,True,True,CG,True
True,True,True,True,True,True,True,True,True,True,True,CGABL,True
True,True,True,True,True,True,True,True,True,True,True,CGAU,True
True,True,True,True,True,True,True,True,True,True,True,CGBD,True
True,True,True,True,True,True,True,True,True,True,True,CGC,True
True,True,True,True,True,True,True,True,True,True,True,CGEM,True
True,True,True,True,True,True,True,True,True,True,True,CGEN,True
True,True,True,True,True,True,True,True,True,True,True,CGNT,True
True,True,True,True,True,True,True,True,True,True,True,CGNX,True
True,True,True,True,True,True,True,True,True,True,True,CGO,True
True,True,True,True,True,True,True,True,True,True,True,CGTX,True
True,True,True,True,True,True,True,True,True,True,True,CHCI,True
True,True,True,True,True,True,True,True,True,True,True,CHCO,True
True,True,True,True,True,True,True,True,True,True,True,CHCT,True
True,True,True,True,True,True,True,True,True,True,True,CHD,True
True,True,True,True,True,True,True,True,True,True,True,CHDN,True
True,True,True,True,True,True,True,True,True,True,True,CHE,True
True,True,True,True,True,True,True,True,True,True,True,CHEF,True
True,True,True,True,True,True,True,True,True,True,True,CHEK,True
True,True,True,True,True,True,True,True,True,True,True,CHGG,True
True,True,True,True,True,True,True,True,True,True,True,CHH,True
True,True,True,True,True,True,True,True,True,True,True,CHI,True
True,True,True,True,True,True,True,True,True,True,True,CHKP,True
True,True,True,True,True,True,True,True,True,True,True,CHMG,True
True,True,True,True,True,True,True,True,True,True,True,CHMI,True
True,True,True,True,True,True,True,True,True,True,True,CHN,True
True,True,True,True,True,True,True,True,True,True,True,CHNR,True
True,True,True,True,True,True,True,True,True,True,True,CHPT,True
True,True,True,True,True,True,True,True,True,True,True,CHR,True
True,True,True,True,True,True,True,True,True,True,True,CHRD,True
True,True,True,True,True,True,True,True,True,True,True,CHRS,True
True,True,True,True,True,True,True,True,True,True,True,CHRW,True
True,True,True,True,True,True,True,True,True,True,True,CHSCL,True
True,True,True,True,True,True,True,True,True,True,True,CHSCM,True
True,True,True,True,True,True,True,True,True,True,True,CHSCN,True
True,True,True,True,True,True,True,True,True,True,True,CHSCO,True
True,True,True,True,True,True,True,True,True,True,True,CHSCP,True
True,True,True,True,True,True,True,True,True,True,True,CHT,True
True,True,True,True,True,True,True,True,True,True,True,CHTR,True
True,True,True,True,True,True,True,True,True,True,True,CHW,True
True,True,True,True,True,True,True,True,True,True,True,CHWY,True
True,True,True,True,True,True,True,True,True,True,True,CHX,True
True,True,True,True,True,True,True,True,True,True,True,CHY,True
True,True,True,True,True,True,True,True,True,True,True,CI,True
True,True,True,True,True,True,True,True,True,True,True,CIA,True
True,True,True,True,True,True,True,True,True,True,True,CIB,True
True,True,True,True,True,True,True,True,True,True,True,CIEN,True
True,True,True,True,True,True,True,True,True,True,True,CIF,True
True,True,True,True,True,True,True,True,True,True,True,CIFR,True
True,True,True,True,True,True,True,True,True,True,True,CIG,True
True,True,True,True,True,True,True,True,True,True,True,CIGI,True
True,True,True,True,True,True,True,True,True,True,True,CII,True
True,True,True,True,True,True,True,True,True,True,True,CIIT,True
True,True,True,True,True,True,True,True,True,True,True,CIK,True
True,True,True,True,True,True,True,True,True,True,True,CIM,True
True,True,True,True,True,True,True,True,True,True,True,CINF,True
True,True,True,True,True,True,True,True,True,True,True,CING,True
True,True,True,True,True,True,True,True,True,True,True,CINT,True
True,True,True,True,True,True,True,True,True,True,True,CIO,True
True,True,True,True,True,True,True,True,True,True,True,CION,True
True,True,True,True,True,True,True,True,True,True,True,CISO,True
True,True,True,True,True,True,True,True,True,True,True,CIVB,True
True,True,True,True,True,True,True,True,True,True,True,CIVI,True
True,True,True,True,True,True,True,True,True,True,True,CIX,True
True,True,True,True,True,True,True,True,True,True,True,CJET,True
True,True,True,True,True,True,True,True,True,True,True,CKX,True
True,True,True,True,True,True,True,True,True,True,True,CL,True
True,True,True,True,True,True,True,True,True,True,True,CLAR,True
True,True,True,True,True,True,True,True,True,True,True,CLB,True
True,True,True,True,True,True,True,True,True,True,True,CLBK,True
True,True,True,True,True,True,True,True,True,True,True,CLBT,True
True,True,True,True,True,True,True,True,True,True,True,CLDI,True
True,True,True,True,True,True,True,True,True,True,True,CLDT,True
True,True,True,True,True,True,True,True,True,True,True,CLDX,True
True,True,True,True,True,True,True,True,True,True,True,CLF,True
True,True,True,True,True,True,True,True,True,True,True,CLFD,True
True,True,True,True,True,True,True,True,True,True,True,CLGN,True
True,True,True,True,True,True,True,True,True,True,True,CLH,True
True,True,True,True,True,True,True,True,True,True,True,CLIR,True
True,True,True,True,True,True,True,True,True,True,True,CLLS,True
True,True,True,True,True,True,True,True,True,True,True,CLM,True
True,True,True,True,True,True,True,True,True,True,True,CLMB,True
True,True,True,True,True,True,True,True,True,True,True,CLMT,True
True,True,True,True,True,True,True,True,True,True,True,CLNE,True
True,True,True,True,True,True,True,True,True,True,True,CLNN,True
True,True,True,True,True,True,True,True,True,True,True,CLOV,True
True,True,True,True,True,True,True,True,True,True,True,CLPR,True
True,True,True,True,True,True,True,True,True,True,True,CLPS,True
True,True,True,True,True,True,True,True,True,True,True,CLPT,True
True,True,True,True,True,True,True,True,True,True,True,CLRB,True
True,True,True,True,True,True,True,True,True,True,True,CLRO,True
True,True,True,True,True,True,True,True,True,True,True,CLS,True
True,True,True,True,True,True,True,True,True,True,True,CLSD,True
True,True,True,True,True,True,True,True,True,True,True,CLSK,True
True,True,True,True,True,True,True,True,True,True,True,CLST,True
True,True,True,True,True,True,True,True,True,True,True,CLVT,True
True,True,True,True,True,True,True,True,True,True,True,CLW,True
True,True,True,True,True,True,True,True,True,True,True,CLWT,True
True,True,True,True,True,True,True,True,True,True,True,CLX,True
True,True,True,True,True,True,True,True,True,True,True,CLYM,True
True,True,True,True,True,True,True,True,True,True,True,CM,True
True,True,True,True,True,True,True,True,True,True,True,CMA,True
True,True,True,True,True,True,True,True,True,True,True,CMBM,True
True,True,True,True,True,True,True,True,True,True,True,CMBT,True
True,True,True,True,True,True,True,True,True,True,True,CMC,True
True,True,True,True,True,True,True,True,True,True,True,CMCL,True
True,True,True,True,True,True,True,True,True,True,True,CMCM,True
True,True,True,True,True,True,True,True,True,True,True,CMCO,True
True,True,True,True,True,True,True,True,True,True,True,CMCSA,True
True,True,True,True,True,True,True,True,True,True,True,CMCT,True
True,True,True,True,True,True,True,True,True,True,True,CME,True
True,True,True,True,True,True,True,True,True,True,True,CMG,True
True,True,True,True,True,True,True,True,True,True,True,CMI,True
True,True,True,True,True,True,True,True,True,True,True,CMMB,True
True,True,True,True,True,True,True,True,True,True,True,CMP,True
True,True,True,True,True,True,True,True,True,True,True,CMPO,True
True,True,True,True,True,True,True,True,True,True,True,CMPR,True
True,True,True,True,True,True,True,True,True,True,True,CMPS,True
True,True,True,True,True,True,True,True,True,True,True,CMPX,True
True,True,True,True,True,True,True,True,True,True,True,CMRE,True
True,True,True,True,True,True,True,True,True,True,True,CMS,True
True,True,True,True,True,True,True,True,True,True,True,CMSA,True
True,True,True,True,True,True,True,True,True,True,True,CMSC,True
True,True,True,True,True,True,True,True,True,True,True,CMSD,True
True,True,True,True,True,True,True,True,True,True,True,CMT,True
True,True,True,True,True,True,True,True,True,True,True,CMTG,True
True,True,True,True,True,True,True,True,True,True,True,CMTL,True
True,True,True,True,True,True,True,True,True,True,True,CMU,True
True,True,True,True,True,True,True,True,True,True,True,CNA,True
True,True,True,True,True,True,True,True,True,True,True,CNC,True
True,True,True,True,True,True,True,True,True,True,True,CNCK,True
True,True,True,True,True,True,True,True,True,True,True,CNDT,True
True,True,True,True,True,True,True,True,True,True,True,CNET,True
True,True,True,True,True,True,True,True,True,True,True,CNEY,True
True,True,True,True,True,True,True,True,True,True,True,CNF,True
True,True,True,True,True,True,True,True,True,True,True,CNFR,True
True,True,True,True,True,True,True,True,True,True,True,CNH,True
True,True,True,True,True,True,True,True,True,True,True,CNI,True
True,True,True,True,True,True,True,True,True,True,True,CNK,True
True,True,True,True,True,True,True,True,True,True,True,CNM,True
True,True,True,True,True,True,True,True,True,True,True,CNMD,True
True,True,True,True,True,True,True,True,True,True,True,CNNE,True
True,True,True,True,True,True,True,True,True,True,True,CNO,True
True,True,True,True,True,True,True,True,True,True,True,CNOB,True
True,True,True,True,True,True,True,True,True,True,True,CNOBP,True
True,True,True,True,True,True,True,True,True,True,True,CNP,True
True,True,True,True,True,True,True,True,True,True,True,CNQ,True
True,True,True,True,True,True,True,True,True,True,True,CNR,True
True,True,True,True,True,True,True,True,True,True,True,CNS,True
True,True,True,True,True,True,True,True,True,True,True,CNSP,True
True,True,True,True,True,True,True,True,True,True,True,CNTA,True
True,True,True,True,True,True,True,True,True,True,True,CNTB,True
True,True,True,True,True,True,True,True,True,True,True,CNTX,True
True,True,True,True,True,True,True,True,True,True,True,CNTY,True
True,True,True,True,True,True,True,True,True,True,True,CNVS,True
True,True,True,True,True,True,True,True,True,True,True,CNX,True
True,True,True,True,True,True,True,True,True,True,True,CNXC,True
True,True,True,True,True,True,True,True,True,True,True,CNXN,True
True,True,True,True,True,True,True,True,True,True,True,COCH,True
True,True,True,True,True,True,True,True,True,True,True,COCO,True
True,True,True,True,True,True,True,True,True,True,True,COCP,True
True,True,True,True,True,True,True,True,True,True,True,CODA,True
True,True,True,True,True,True,True,True,True,True,True,CODI,True
True,True,True,True,True,True,True,True,True,True,True,CODX,True
True,True,True,True,True,True,True,True,True,True,True,COE,True
True,True,True,True,True,True,True,True,True,True,True,COEP,True
True,True,True,True,True,True,True,True,True,True,True,COF,True
True,True,True,True,True,True,True,True,True,True,True,COFS,True
True,True,True,True,True,True,True,True,True,True,True,COGT,True
True,True,True,True,True,True,True,True,True,True,True,COHN,True
True,True,True,True,True,True,True,True,True,True,True,COHR,True
True,True,True,True,True,True,True,True,True,True,True,COHU,True
True,True,True,True,True,True,True,True,True,True,True,COIN,True
True,True,True,True,True,True,True,True,True,True,True,COKE,True
True,True,True,True,True,True,True,True,True,True,True,COLB,True
True,True,True,True,True,True,True,True,True,True,True,COLD,True
True,True,True,True,True,True,True,True,True,True,True,COLL,True
True,True,True,True,True,True,True,True,True,True,True,COLM,True
True,True,True,True,True,True,True,True,True,True,True,COMM,True
True,True,True,True,True,True,True,True,True,True,True,COMP,True
True,True,True,True,True,True,True,True,True,True,True,COO,True
True,True,True,True,True,True,True,True,True,True,True,COOK,True
True,True,True,True,True,True,True,True,True,True,True,COOP,True
True,True,True,True,True,True,True,True,True,True,True,COOT,True
True,True,True,True,True,True,True,True,True,True,True,COP,True
True,True,True,True,True,True,True,True,True,True,True,COR,True
True,True,True,True,True,True,True,True,True,True,True,CORT,True
True,True,True,True,True,True,True,True,True,True,True,COSM,True
True,True,True,True,True,True,True,True,True,True,True,COST,True
True,True,True,True,True,True,True,True,True,True,True,COTY,True
True,True,True,True,True,True,True,True,True,True,True,COUR,True
True,True,True,True,True,True,True,True,True,True,True,CP,True
True,True,True,True,True,True,True,True,True,True,True,CPA,True
True,True,True,True,True,True,True,True,True,True,True,CPAC,True
True,True,True,True,True,True,True,True,True,True,True,CPAY,True
True,True,True,True,True,True,True,True,True,True,True,CPB,True
True,True,True,True,True,True,True,True,True,True,True,CPF,True
True,True,True,True,True,True,True,True,True,True,True,CPHC,True
True,True,True,True,True,True,True,True,True,True,True,CPHI,True
True,True,True,True,True,True,True,True,True,True,True,CPIX,True
True,True,True,True,True,True,True,True,True,True,True,CPK,True
True,True,True,True,True,True,True,True,True,True,True,CPNG,True
True,True,True,True,True,True,True,True,True,True,True,CPOP,True
True,True,True,True,True,True,True,True,True,True,True,CPRI,True
True,True,True,True,True,True,True,True,True,True,True,CPRT,True
True,True,True,True,True,True,True,True,True,True,True,CPRX,True
True,True,True,True,True,True,True,True,True,True,True,CPS,True
True,True,True,True,True,True,True,True,True,True,True,CPSH,True
True,True,True,True,True,True,True,True,True,True,True,CPSS,True
True,True,True,True,True,True,True,True,True,True,True,CPT,True
True,True,True,True,True,True,True,True,True,True,True,CPZ,True
True,True,True,True,True,True,True,True,True,True,True,CQP,True
True,True,True,True,True,True,True,True,True,True,True,CRAI,True
True,True,True,True,True,True,True,True,True,True,True,CRBP,True
True,True,True,True,True,True,True,True,True,True,True,CRBU,True
True,True,True,True,True,True,True,True,True,True,True,CRC,True
True,True,True,True,True,True,True,True,True,True,True,CRCT,True
True,True,True,True,True,True,True,True,True,True,True,CRD,True
True,True,True,True,True,True,True,True,True,True,True,CRDF,True
True,True,True,True,True,True,True,True,True,True,True,CRDL,True
True,True,True,True,True,True,True,True,True,True,True,CRDO,True
True,True,True,True,True,True,True,True,True,True,True,CREG,True
True,True,True,True,True,True,True,True,True,True,True,CRESY,True
True,True,True,True,True,True,True,True,True,True,True,CREX,True
True,True,True,True,True,True,True,True,True,True,True,CRF,True
True,True,True,True,True,True,True,True,True,True,True,CRGO,True
True,True,True,True,True,True,True,True,True,True,True,CRGY,True
True,True,True,True,True,True,True,True,True,True,True,CRH,True
True,True,True,True,True,True,True,True,True,True,True,CRI,True
True,True,True,True,True,True,True,True,True,True,True,CRIS,True
True,True,True,True,True,True,True,True,True,True,True,CRK,True
True,True,True,True,True,True,True,True,True,True,True,CRL,True
True,True,True,True,True,True,True,True,True,True,True,CRM,True
True,True,True,True,True,True,True,True,True,True,True,CRMD,True
True,True,True,True,True,True,True,True,True,True,True,CRML,True
True,True,True,True,True,True,True,True,True,True,True,CRMT,True
True,True,True,True,True,True,True,True,True,True,True,CRNC,True
True,True,True,True,True,True,True,True,True,True,True,CRNT,True
True,True,True,True,True,True,True,True,True,True,True,CRNX,True
True,True,True,True,True,True,True,True,True,True,True,CRON,True
True,True,True,True,True,True,True,True,True,True,True,CROX,True
True,True,True,True,True,True,True,True,True,True,True,CRS,True
True,True,True,True,True,True,True,True,True,True,True,CRSP,True
True,True,True,True,True,True,True,True,True,True,True,CRSR,True
True,True,True,True,True,True,True,True,True,True,True,CRT,True
True,True,True,True,True,True,True,True,True,True,True,CRTO,True
True,True,True,True,True,True,True,True,True,True,True,CRUS,True
True,True,True,True,True,True,True,True,True,True,True,CRVL,True
True,True,True,True,True,True,True,True,True,True,True,CRVO,True
True,True,True,True,True,True,True,True,True,True,True,CRVS,True
True,True,True,True,True,True,True,True,True,True,True,CRWD,True
True,True,True,True,True,True,True,True,True,True,True,CRWS,True
True,True,True,True,True,True,True,True,True,True,True,CSAN,True
True,True,True,True,True,True,True,True,True,True,True,CSBR,True
True,True,True,True,True,True,True,True,True,True,True,CSCI,True
True,True,True,True,True,True,True,True,True,True,True,CSCO,True
True,True,True,True,True,True,True,True,True,True,True,CSGP,True
True,True,True,True,True,True,True,True,True,True,True,CSGS,True
True,True,True,True,True,True,True,True,True,True,True,CSIQ,True
True,True,True,True,True,True,True,True,True,True,True,CSL,True
True,True,True,True,True,True,True,True,True,True,True,CSPI,True
True,True,True,True,True,True,True,True,True,True,True,CSQ,True
True,True,True,True,True,True,True,True,True,True,True,CSR,True
True,True,True,True,True,True,True,True,True,True,True,CSTE,True
True,True,True,True,True,True,True,True,True,True,True,CSTL,True
True,True,True,True,True,True,True,True,True,True,True,CSTM,True
True,True,True,True,True,True,True,True,True,True,True,CSV,True
True,True,True,True,True,True,True,True,True,True,True,CSW,True
True,True,True,True,True,True,True,True,True,True,True,CSWC,True
True,True,True,True,True,True,True,True,True,True,True,CSX,True
True,True,True,True,True,True,True,True,True,True,True,CTAS,True
True,True,True,True,True,True,True,True,True,True,True,CTBB,True
True,True,True,True,True,True,True,True,True,True,True,CTBI,True
True,True,True,True,True,True,True,True,True,True,True,CTDD,True
True,True,True,True,True,True,True,True,True,True,True,CTEV,True
True,True,True,True,True,True,True,True,True,True,True,CTGO,True
True,True,True,True,True,True,True,True,True,True,True,CTKB,True
True,True,True,True,True,True,True,True,True,True,True,CTLP,True
True,True,True,True,True,True,True,True,True,True,True,CTMX,True
True,True,True,True,True,True,True,True,True,True,True,CTO,True
True,True,True,True,True,True,True,True,True,True,True,CTOS,True
True,True,True,True,True,True,True,True,True,True,True,CTRA,True
True,True,True,True,True,True,True,True,True,True,True,CTRE,True
True,True,True,True,True,True,True,True,True,True,True,CTRM,True
True,True,True,True,True,True,True,True,True,True,True,CTRN,True
True,True,True,True,True,True,True,True,True,True,True,CTS,True
True,True,True,True,True,True,True,True,True,True,True,CTSH,True
True,True,True,True,True,True,True,True,True,True,True,CTSO,True
True,True,True,True,True,True,True,True,True,True,True,CTVA,True
True,True,True,True,True,True,True,True,True,True,True,CTXR,True
True,True,True,True,True,True,True,True,True,True,True,CUBA,True
True,True,True,True,True,True,True,True,True,True,True,CUBB,True
True,True,True,True,True,True,True,True,True,True,True,CUBE,True
True,True,True,True,True,True,True,True,True,True,True,CUBI,True
True,True,True,True,True,True,True,True,True,True,True,CUE,True
True,True,True,True,True,True,True,True,True,True,True,CUK,True
True,True,True,True,True,True,True,True,True,True,True,CULP,True
True,True,True,True,True,True,True,True,True,True,True,CURI,True
True,True,True,True,True,True,True,True,True,True,True,CURV,True
True,True,True,True,True,True,True,True,True,True,True,CUZ,True
True,True,True,True,True,True,True,True,True,True,True,CVAC,True
True,True,True,True,True,True,True,True,True,True,True,CVBF,True
True,True,True,True,True,True,True,True,True,True,True,CVCO,True
True,True,True,True,True,True,True,True,True,True,True,CVE,True
True,True,True,True,True,True,True,True,True,True,True,CVEO,True
True,True,True,True,True,True,True,True,True,True,True,CVGI,True
True,True,True,True,True,True,True,True,True,True,True,CVGW,True
True,True,True,True,True,True,True,True,True,True,True,CVI,True
True,True,True,True,True,True,True,True,True,True,True,CVLG,True
True,True,True,True,True,True,True,True,True,True,True,CVLT,True
True,True,True,True,True,True,True,True,True,True,True,CVM,True
True,True,True,True,True,True,True,True,True,True,True,CVNA,True
True,True,True,True,True,True,True,True,True,True,True,CVR,True
True,True,True,True,True,True,True,True,True,True,True,CVRX,True
True,True,True,True,True,True,True,True,True,True,True,CVS,True
True,True,True,True,True,True,True,True,True,True,True,CVU,True
True,True,True,True,True,True,True,True,True,True,True,CVV,True
True,True,True,True,True,True,True,True,True,True,True,CVX,True
True,True,True,True,True,True,True,True,True,True,True,CW,True
True,True,True,True,True,True,True,True,True,True,True,CWAN,True
True,True,True,True,True,True,True,True,True,True,True,CWBC,True
True,True,True,True,True,True,True,True,True,True,True,CWCO,True
True,True,True,True,True,True,True,True,True,True,True,CWEN,True
True,True,True,True,True,True,True,True,True,True,True,CWH,True
True,True,True,True,True,True,True,True,True,True,True,CWK,True
True,True,True,True,True,True,True,True,True,True,True,CWST,True
True,True,True,True,True,True,True,True,True,True,True,CWT,True
True,True,True,True,True,True,True,True,True,True,True,CX,True
True,True,True,True,True,True,True,True,True,True,True,CXAI,True
True,True,True,True,True,True,True,True,True,True,True,CXDO,True
True,True,True,True,True,True,True,True,True,True,True,CXE,True
True,True,True,True,True,True,True,True,True,True,True,CXH,True
True,True,True,True,True,True,True,True,True,True,True,CXM,True
True,True,True,True,True,True,True,True,True,True,True,CXT,True
True,True,True,True,True,True,True,True,True,True,True,CXW,True
True,True,True,True,True,True,True,True,True,True,True,CYBN,True
True,True,True,True,True,True,True,True,True,True,True,CYBR,True
True,True,True,True,True,True,True,True,True,True,True,CYCC,True
True,True,True,True,True,True,True,True,True,True,True,CYCCP,True
True,True,True,True,True,True,True,True,True,True,True,CYCN,True
True,True,True,True,True,True,True,True,True,True,True,CYD,True
True,True,True,True,True,True,True,True,True,True,True,CYH,True
True,True,True,True,True,True,True,True,True,True,True,CYN,True
True,True,True,True,True,True,True,True,True,True,True,CYRX,True
True,True,True,True,True,True,True,True,True,True,True,CYTK,True
True,True,True,True,True,True,True,True,True,True,True,CZFS,True
True,True,True,True,True,True,True,True,True,True,True,CZNC,True
True,True,True,True,True,True,True,True,True,True,True,CZR,True
True,True,True,True,True,True,True,True,True,True,True,CZWI,True
True,True,True,True,True,True,True,True,True,True,True,D,True
True,True,True,True,True,True,True,True,True,True,True,DAC,True
True,True,True,True,True,True,True,True,True,True,True,DAIO,True
True,True,True,True,True,True,True,True,True,True,True,DAKT,True
True,True,True,True,True,True,True,True,True,True,True,DAL,True
True,True,True,True,True,True,True,True,True,True,True,DALN,True
True,True,True,True,True,True,True,True,True,True,True,DAN,True
True,True,True,True,True,True,True,True,True,True,True,DAO,True
True,True,True,True,True,True,True,True,True,True,True,DAR,True
True,True,True,True,True,True,True,True,True,True,True,DARE,True
True,True,True,True,True,True,True,True,True,True,True,DASH,True
True,True,True,True,True,True,True,True,True,True,True,DATS,True
True,True,True,True,True,True,True,True,True,True,True,DATSW,True
True,True,True,True,True,True,True,True,True,True,True,DAVA,True
True,True,True,True,True,True,True,True,True,True,True,DAVE,True
True,True,True,True,True,True,True,True,True,True,True,DAWN,True
True,True,True,True,True,True,True,True,True,True,True,DAY,True
True,True,True,True,True,True,True,True,True,True,True,DB,True
True,True,True,True,True,True,True,True,True,True,True,DBI,True
True,True,True,True,True,True,True,True,True,True,True,DBL,True
True,True,True,True,True,True,True,True,True,True,True,DBRG,True
True,True,True,True,True,True,True,True,True,True,True,DBVT,True
True,True,True,True,True,True,True,True,True,True,True,DBX,True
True,True,True,True,True,True,True,True,True,True,True,DCBO,True
True,True,True,True,True,True,True,True,True,True,True,DCGO,True
True,True,True,True,True,True,True,True,True,True,True,DCI,True
True,True,True,True,True,True,True,True,True,True,True,DCO,True
True,True,True,True,True,True,True,True,True,True,True,DCOM,True
True,True,True,True,True,True,True,True,True,True,True,DCOMP,True
True,True,True,True,True,True,True,True,True,True,True,DCTH,True
True,True,True,True,True,True,True,True,True,True,True,DD,True
True,True,True,True,True,True,True,True,True,True,True,DDD,True
True,True,True,True,True,True,True,True,True,True,True,DDI,True
True,True,True,True,True,True,True,True,True,True,True,DDL,True
True,True,True,True,True,True,True,True,True,True,True,DDOG,True
True,True,True,True,True,True,True,True,True,True,True,DDS,True
True,True,True,True,True,True,True,True,True,True,True,DDT,True
True,True,True,True,True,True,True,True,True,True,True,DE,True
True,True,True,True,True,True,True,True,True,True,True,DEA,True
True,True,True,True,True,True,True,True,True,True,True,DECK,True
True,True,True,True,True,True,True,True,True,True,True,DEI,True
True,True,True,True,True,True,True,True,True,True,True,DELL,True
True,True,True,True,True,True,True,True,True,True,True,DENN,True
True,True,True,True,True,True,True,True,True,True,True,DEO,True
True,True,True,True,True,True,True,True,True,True,True,DERM,True
True,True,True,True,True,True,True,True,True,True,True,DFH,True
True,True,True,True,True,True,True,True,True,True,True,DFIN,True
True,True,True,True,True,True,True,True,True,True,True,DFLI,True
True,True,True,True,True,True,True,True,True,True,True,DFP,True
True,True,True,True,True,True,True,True,True,True,True,DFSC,True
True,True,True,True,True,True,True,True,True,True,True,DG,True
True,True,True,True,True,True,True,True,True,True,True,DGICA,True
True,True,True,True,True,True,True,True,True,True,True,DGICB,True
True,True,True,True,True,True,True,True,True,True,True,DGII,True
True,True,True,True,True,True,True,True,True,True,True,DGLY,True
True,True,True,True,True,True,True,True,True,True,True,DGX,True
True,True,True,True,True,True,True,True,True,True,True,DGXX,True
True,True,True,True,True,True,True,True,True,True,True,DH,True
True,True,True,True,True,True,True,True,True,True,True,DHC,True
True,True,True,True,True,True,True,True,True,True,True,DHCNI,True
True,True,True,True,True,True,True,True,True,True,True,DHF,True
True,True,True,True,True,True,True,True,True,True,True,DHI,True
True,True,True,True,True,True,True,True,True,True,True,DHIL,True
True,True,True,True,True,True,True,True,True,True,True,DHR,True
True,True,True,True,True,True,True,True,True,True,True,DHT,True
True,True,True,True,True,True,True,True,True,True,True,DHX,True
True,True,True,True,True,True,True,True,True,True,True,DHY,True
True,True,True,True,True,True,True,True,True,True,True,DIAX,True
True,True,True,True,True,True,True,True,True,True,True,DIBS,True
True,True,True,True,True,True,True,True,True,True,True,DIN,True
True,True,True,True,True,True,True,True,True,True,True,DINO,True
True,True,True,True,True,True,True,True,True,True,True,DIOD,True
True,True,True,True,True,True,True,True,True,True,True,DIS,True
True,True,True,True,True,True,True,True,True,True,True,DIT,True
True,True,True,True,True,True,True,True,True,True,True,DJCO,True
True,True,True,True,True,True,True,True,True,True,True,DJT,True
True,True,True,True,True,True,True,True,True,True,True,DK,True
True,True,True,True,True,True,True,True,True,True,True,DKL,True
True,True,True,True,True,True,True,True,True,True,True,DKNG,True
True,True,True,True,True,True,True,True,True,True,True,DKS,True
True,True,True,True,True,True,True,True,True,True,True,DLB,True
True,True,True,True,True,True,True,True,True,True,True,DLHC,True
True,True,True,True,True,True,True,True,True,True,True,DLNG,True
True,True,True,True,True,True,True,True,True,True,True,DLO,True
True,True,True,True,True,True,True,True,True,True,True,DLPN,True
True,True,True,True,True,True,True,True,True,True,True,DLR,True
True,True,True,True,True,True,True,True,True,True,True,DLTH,True
True,True,True,True,True,True,True,True,True,True,True,DLTR,True
True,True,True,True,True,True,True,True,True,True,True,DLX,True
True,True,True,True,True,True,True,True,True,True,True,DLY,True
True,True,True,True,True,True,True,True,True,True,True,DMA,True
True,True,True,True,True,True,True,True,True,True,True,DMAC,True
True,True,True,True,True,True,True,True,True,True,True,DMB,True
True,True,True,True,True,True,True,True,True,True,True,DMLP,True
True,True,True,True,True,True,True,True,True,True,True,DMO,True
True,True,True,True,True,True,True,True,True,True,True,DMRC,True
True,True,True,True,True,True,True,True,True,True,True,DNA,True
True,True,True,True,True,True,True,True,True,True,True,DNB,True
True,True,True,True,True,True,True,True,True,True,True,DNLI,True
True,True,True,True,True,True,True,True,True,True,True,DNN,True
True,True,True,True,True,True,True,True,True,True,True,DNOW,True
True,True,True,True,True,True,True,True,True,True,True,DNP,True
True,True,True,True,True,True,True,True,True,True,True,DNTH,True
True,True,True,True,True,True,True,True,True,True,True,DNUT,True
True,True,True,True,True,True,True,True,True,True,True,DOC,True
True,True,True,True,True,True,True,True,True,True,True,DOCN,True
True,True,True,True,True,True,True,True,True,True,True,DOCS,True
True,True,True,True,True,True,True,True,True,True,True,DOCU,True
True,True,True,True,True,True,True,True,True,True,True,DOGZ,True
True,True,True,True,True,True,True,True,True,True,True,DOLE,True
True,True,True,True,True,True,True,True,True,True,True,DOMH,True
True,True,True,True,True,True,True,True,True,True,True,DOMO,True
True,True,True,True,True,True,True,True,True,True,True,DOOO,True
True,True,True,True,True,True,True,True,True,True,True,DORM,True
True,True,True,True,True,True,True,True,True,True,True,DOUG,True
True,True,True,True,True,True,True,True,True,True,True,DOV,True
True,True,True,True,True,True,True,True,True,True,True,DOW,True
True,True,True,True,True,True,True,True,True,True,True,DOX,True
True,True,True,True,True,True,True,True,True,True,True,DOYU,True
True,True,True,True,True,True,True,True,True,True,True,DPG,True
True,True,True,True,True,True,True,True,True,True,True,DPRO,True
True,True,True,True,True,True,True,True,True,True,True,DPZ,True
True,True,True,True,True,True,True,True,True,True,True,DQ,True
True,True,True,True,True,True,True,True,True,True,True,DRCT,True
True,True,True,True,True,True,True,True,True,True,True,DRD,True
True,True,True,True,True,True,True,True,True,True,True,DRH,True
True,True,True,True,True,True,True,True,True,True,True,DRI,True
True,True,True,True,True,True,True,True,True,True,True,DRIO,True
True,True,True,True,True,True,True,True,True,True,True,DRMA,True
True,True,True,True,True,True,True,True,True,True,True,DRRX,True
True,True,True,True,True,True,True,True,True,True,True,DRS,True
True,True,True,True,True,True,True,True,True,True,True,DRTS,True
True,True,True,True,True,True,True,True,True,True,True,DRUG,True
True,True,True,True,True,True,True,True,True,True,True,DRVN,True
True,True,True,True,True,True,True,True,True,True,True,DSGN,True
True,True,True,True,True,True,True,True,True,True,True,DSGR,True
True,True,True,True,True,True,True,True,True,True,True,DSGX,True
True,True,True,True,True,True,True,True,True,True,True,DSL,True
True,True,True,True,True,True,True,True,True,True,True,DSM,True
True,True,True,True,True,True,True,True,True,True,True,DSP,True
True,True,True,True,True,True,True,True,True,True,True,DSS,True
True,True,True,True,True,True,True,True,True,True,True,DSU,True
True,True,True,True,True,True,True,True,True,True,True,DSWL,True
True,True,True,True,True,True,True,True,True,True,True,DSX,True
True,True,True,True,True,True,True,True,True,True,True,DT,True
True,True,True,True,True,True,True,True,True,True,True,DTB,True
True,True,True,True,True,True,True,True,True,True,True,DTE,True
True,True,True,True,True,True,True,True,True,True,True,DTF,True
True,True,True,True,True,True,True,True,True,True,True,DTG,True
True,True,True,True,True,True,True,True,True,True,True,DTI,True
True,True,True,True,True,True,True,True,True,True,True,DTIL,True
True,True,True,True,True,True,True,True,True,True,True,DTM,True
True,True,True,True,True,True,True,True,True,True,True,DTSS,True
True,True,True,True,True,True,True,True,True,True,True,DTST,True
True,True,True,True,True,True,True,True,True,True,True,DTW,True
True,True,True,True,True,True,True,True,True,True,True,DUK,True
True,True,True,True,True,True,True,True,True,True,True,DUKB,True
True,True,True,True,True,True,True,True,True,True,True,DUO,True
True,True,True,True,True,True,True,True,True,True,True,DUOL,True
True,True,True,True,True,True,True,True,True,True,True,DUOT,True
True,True,True,True,True,True,True,True,True,True,True,DV,True
True,True,True,True,True,True,True,True,True,True,True,DVA,True
True,True,True,True,True,True,True,True,True,True,True,DVAX,True
True,True,True,True,True,True,True,True,True,True,True,DVLT,True
True,True,True,True,True,True,True,True,True,True,True,DVN,True
True,True,True,True,True,True,True,True,True,True,True,DVS,True
True,True,True,True,True,True,True,True,True,True,True,DWSN,True
True,True,True,True,True,True,True,True,True,True,True,DWTX,True
True,True,True,True,True,True,True,True,True,True,True,DX,True
True,True,True,True,True,True,True,True,True,True,True,DXC,True
True,True,True,True,True,True,True,True,True,True,True,DXCM,True
True,True,True,True,True,True,True,True,True,True,True,DXLG,True
True,True,True,True,True,True,True,True,True,True,True,DXPE,True
True,True,True,True,True,True,True,True,True,True,True,DXR,True
True,True,True,True,True,True,True,True,True,True,True,DY,True
True,True,True,True,True,True,True,True,True,True,True,DYAI,True
True,True,True,True,True,True,True,True,True,True,True,DYN,True
True,True,True,True,True,True,True,True,True,True,True,E,True
True,True,True,True,True,True,True,True,True,True,True,EA,True
True,True,True,True,True,True,True,True,True,True,True,EAD,True
True,True,True,True,True,True,True,True,True,True,True,EAF,True
True,True,True,True,True,True,True,True,True,True,True,EAI,True
True,True,True,True,True,True,True,True,True,True,True,EARN,True
True,True,True,True,True,True,True,True,True,True,True,EAT,True
True,True,True,True,True,True,True,True,True,True,True,EB,True
True,True,True,True,True,True,True,True,True,True,True,EBAY,True
True,True,True,True,True,True,True,True,True,True,True,EBC,True
True,True,True,True,True,True,True,True,True,True,True,EBF,True
True,True,True,True,True,True,True,True,True,True,True,EBMT,True
True,True,True,True,True,True,True,True,True,True,True,EBON,True
True,True,True,True,True,True,True,True,True,True,True,EBR,True
True,True,True,True,True,True,True,True,True,True,True,EBS,True
True,True,True,True,True,True,True,True,True,True,True,EBTC,True
True,True,True,True,True,True,True,True,True,True,True,EC,True
True,True,True,True,True,True,True,True,True,True,True,ECAT,True
True,True,True,True,True,True,True,True,True,True,True,ECC,True
True,True,True,True,True,True,True,True,True,True,True,ECCC,True
True,True,True,True,True,True,True,True,True,True,True,ECCV,True
True,True,True,True,True,True,True,True,True,True,True,ECCW,True
True,True,True,True,True,True,True,True,True,True,True,ECCX,True
True,True,True,True,True,True,True,True,True,True,True,ECF,True
True,True,True,True,True,True,True,True,True,True,True,ECL,True
True,True,True,True,True,True,True,True,True,True,True,ECOR,True
True,True,True,True,True,True,True,True,True,True,True,ECPG,True
True,True,True,True,True,True,True,True,True,True,True,ECVT,True
True,True,True,True,True,True,True,True,True,True,True,ECX,True
True,True,True,True,True,True,True,True,True,True,True,ED,True
True,True,True,True,True,True,True,True,True,True,True,EDAP,True
True,True,True,True,True,True,True,True,True,True,True,EDD,True
True,True,True,True,True,True,True,True,True,True,True,EDF,True
True,True,True,True,True,True,True,True,True,True,True,EDIT,True
True,True,True,True,True,True,True,True,True,True,True,EDN,True
True,True,True,True,True,True,True,True,True,True,True,EDRY,True
True,True,True,True,True,True,True,True,True,True,True,EDSA,True
True,True,True,True,True,True,True,True,True,True,True,EDTK,True
True,True,True,True,True,True,True,True,True,True,True,EDU,True
True,True,True,True,True,True,True,True,True,True,True,EDUC,True
True,True,True,True,True,True,True,True,True,True,True,EEA,True
True,True,True,True,True,True,True,True,True,True,True,EEFT,True
True,True,True,True,True,True,True,True,True,True,True,EEIQ,True
True,True,True,True,True,True,True,True,True,True,True,EEX,True
True,True,True,True,True,True,True,True,True,True,True,EFC,True
True,True,True,True,True,True,True,True,True,True,True,EFOI,True
True,True,True,True,True,True,True,True,True,True,True,EFR,True
True,True,True,True,True,True,True,True,True,True,True,EFSC,True
True,True,True,True,True,True,True,True,True,True,True,EFSCP,True
True,True,True,True,True,True,True,True,True,True,True,EFSI,True
True,True,True,True,True,True,True,True,True,True,True,EFT,True
True,True,True,True,True,True,True,True,True,True,True,EFX,True
True,True,True,True,True,True,True,True,True,True,True,EFXT,True
True,True,True,True,True,True,True,True,True,True,True,EG,True
True,True,True,True,True,True,True,True,True,True,True,EGAN,True
True,True,True,True,True,True,True,True,True,True,True,EGO,True
True,True,True,True,True,True,True,True,True,True,True,EGP,True
True,True,True,True,True,True,True,True,True,True,True,EGY,True
True,True,True,True,True,True,True,True,True,True,True,EH,True
True,True,True,True,True,True,True,True,True,True,True,EHC,True
True,True,True,True,True,True,True,True,True,True,True,EHI,True
True,True,True,True,True,True,True,True,True,True,True,EHTH,True
True,True,True,True,True,True,True,True,True,True,True,EIC,True
True,True,True,True,True,True,True,True,True,True,True,EICA,True
True,True,True,True,True,True,True,True,True,True,True,EIG,True
True,True,True,True,True,True,True,True,True,True,True,EIM,True
True,True,True,True,True,True,True,True,True,True,True,EIX,True
True,True,True,True,True,True,True,True,True,True,True,EJH,True
True,True,True,True,True,True,True,True,True,True,True,EKSO,True
True,True,True,True,True,True,True,True,True,True,True,EL,True
True,True,True,True,True,True,True,True,True,True,True,ELA,True
True,True,True,True,True,True,True,True,True,True,True,ELAN,True
True,True,True,True,True,True,True,True,True,True,True,ELBM,True
True,True,True,True,True,True,True,True,True,True,True,ELC,True
True,True,True,True,True,True,True,True,True,True,True,ELDN,True
True,True,True,True,True,True,True,True,True,True,True,ELEV,True
True,True,True,True,True,True,True,True,True,True,True,ELF,True
True,True,True,True,True,True,True,True,True,True,True,ELLO,True
True,True,True,True,True,True,True,True,True,True,True,ELMD,True
True,True,True,True,True,True,True,True,True,True,True,ELME,True
True,True,True,True,True,True,True,True,True,True,True,ELP,True
True,True,True,True,True,True,True,True,True,True,True,ELS,True
True,True,True,True,True,True,True,True,True,True,True,ELSE,True
True,True,True,True,True,True,True,True,True,True,True,ELTK,True
True,True,True,True,True,True,True,True,True,True,True,ELTX,True
True,True,True,True,True,True,True,True,True,True,True,ELUT,True
True,True,True,True,True,True,True,True,True,True,True,ELV,True
True,True,True,True,True,True,True,True,True,True,True,ELVA,True
True,True,True,True,True,True,True,True,True,True,True,ELVN,True
True,True,True,True,True,True,True,True,True,True,True,EM,True
True,True,True,True,True,True,True,True,True,True,True,EMA,True
True,True,True,True,True,True,True,True,True,True,True,EMD,True
True,True,True,True,True,True,True,True,True,True,True,EME,True
True,True,True,True,True,True,True,True,True,True,True,EMF,True
True,True,True,True,True,True,True,True,True,True,True,EML,True
True,True,True,True,True,True,True,True,True,True,True,EMN,True
True,True,True,True,True,True,True,True,True,True,True,EMO,True
True,True,True,True,True,True,True,True,True,True,True,EMP,True
True,True,True,True,True,True,True,True,True,True,True,EMR,True
True,True,True,True,True,True,True,True,True,True,True,EMX,True
True,True,True,True,True,True,True,True,True,True,True,ENB,True
True,True,True,True,True,True,True,True,True,True,True,ENFY,True
True,True,True,True,True,True,True,True,True,True,True,ENGN,True
True,True,True,True,True,True,True,True,True,True,True,ENIC,True
True,True,True,True,True,True,True,True,True,True,True,ENJ,True
True,True,True,True,True,True,True,True,True,True,True,ENLV,True
True,True,True,True,True,True,True,True,True,True,True,ENO,True
True,True,True,True,True,True,True,True,True,True,True,ENOV,True
True,True,True,True,True,True,True,True,True,True,True,ENPH,True
True,True,True,True,True,True,True,True,True,True,True,ENR,True
True,True,True,True,True,True,True,True,True,True,True,ENS,True
True,True,True,True,True,True,True,True,True,True,True,ENSC,True
True,True,True,True,True,True,True,True,True,True,True,ENSG,True
True,True,True,True,True,True,True,True,True,True,True,ENTA,True
True,True,True,True,True,True,True,True,True,True,True,ENTG,True
True,True,True,True,True,True,True,True,True,True,True,ENTO,True
True,True,True,True,True,True,True,True,True,True,True,ENTX,True
True,True,True,True,True,True,True,True,True,True,True,ENVA,True
True,True,True,True,True,True,True,True,True,True,True,ENVB,True
True,True,True,True,True,True,True,True,True,True,True,ENVX,True
True,True,True,True,True,True,True,True,True,True,True,ENX,True
True,True,True,True,True,True,True,True,True,True,True,EOD,True
True,True,True,True,True,True,True,True,True,True,True,EOG,True
True,True,True,True,True,True,True,True,True,True,True,EOI,True
True,True,True,True,True,True,True,True,True,True,True,EOLS,True
True,True,True,True,True,True,True,True,True,True,True,EOS,True
True,True,True,True,True,True,True,True,True,True,True,EOSE,True
True,True,True,True,True,True,True,True,True,True,True,EOSEW,True
True,True,True,True,True,True,True,True,True,True,True,EOT,True
True,True,True,True,True,True,True,True,True,True,True,EP,True
True,True,True,True,True,True,True,True,True,True,True,EPAC,True
True,True,True,True,True,True,True,True,True,True,True,EPAM,True
True,True,True,True,True,True,True,True,True,True,True,EPC,True
True,True,True,True,True,True,True,True,True,True,True,EPD,True
True,True,True,True,True,True,True,True,True,True,True,EPIX,True
True,True,True,True,True,True,True,True,True,True,True,EPM,True
True,True,True,True,True,True,True,True,True,True,True,EPOW,True
True,True,True,True,True,True,True,True,True,True,True,EPR,True
True,True,True,True,True,True,True,True,True,True,True,EPRT,True
True,True,True,True,True,True,True,True,True,True,True,EPSN,True
True,True,True,True,True,True,True,True,True,True,True,EQ,True
True,True,True,True,True,True,True,True,True,True,True,EQBK,True
True,True,True,True,True,True,True,True,True,True,True,EQH,True
True,True,True,True,True,True,True,True,True,True,True,EQIX,True
True,True,True,True,True,True,True,True,True,True,True,EQNR,True
True,True,True,True,True,True,True,True,True,True,True,EQR,True
True,True,True,True,True,True,True,True,True,True,True,EQS,True
True,True,True,True,True,True,True,True,True,True,True,EQT,True
True,True,True,True,True,True,True,True,True,True,True,EQX,True
True,True,True,True,True,True,True,True,True,True,True,ERAS,True
True,True,True,True,True,True,True,True,True,True,True,ERC,True
True,True,True,True,True,True,True,True,True,True,True,ERH,True
True,True,True,True,True,True,True,True,True,True,True,ERIC,True
True,True,True,True,True,True,True,True,True,True,True,ERIE,True
True,True,True,True,True,True,True,True,True,True,True,ERII,True
True,True,True,True,True,True,True,True,True,True,True,ERJ,True
True,True,True,True,True,True,True,True,True,True,True,ERNA,True
True,True,True,True,True,True,True,True,True,True,True,ERO,True
True,True,True,True,True,True,True,True,True,True,True,ES,True
True,True,True,True,True,True,True,True,True,True,True,ESCA,True
True,True,True,True,True,True,True,True,True,True,True,ESE,True
True,True,True,True,True,True,True,True,True,True,True,ESEA,True
True,True,True,True,True,True,True,True,True,True,True,ESGR,True
True,True,True,True,True,True,True,True,True,True,True,ESGRO,True
True,True,True,True,True,True,True,True,True,True,True,ESGRP,True
True,True,True,True,True,True,True,True,True,True,True,ESI,True
True,True,True,True,True,True,True,True,True,True,True,ESLA,True
True,True,True,True,True,True,True,True,True,True,True,ESLT,True
True,True,True,True,True,True,True,True,True,True,True,ESNT,True
True,True,True,True,True,True,True,True,True,True,True,ESOA,True
True,True,True,True,True,True,True,True,True,True,True,ESP,True
True,True,True,True,True,True,True,True,True,True,True,ESPR,True
True,True,True,True,True,True,True,True,True,True,True,ESQ,True
True,True,True,True,True,True,True,True,True,True,True,ESRT,True
True,True,True,True,True,True,True,True,True,True,True,ESS,True
True,True,True,True,True,True,True,True,True,True,True,ESSA,True
True,True,True,True,True,True,True,True,True,True,True,ESTA,True
True,True,True,True,True,True,True,True,True,True,True,ESTC,True
True,True,True,True,True,True,True,True,True,True,True,ET,True
True,True,True,True,True,True,True,True,True,True,True,ETB,True
True,True,True,True,True,True,True,True,True,True,True,ETD,True
True,True,True,True,True,True,True,True,True,True,True,ETG,True
True,True,True,True,True,True,True,True,True,True,True,ETI,True
True,True,True,True,True,True,True,True,True,True,True,ETJ,True
True,True,True,True,True,True,True,True,True,True,True,ETN,True
True,True,True,True,True,True,True,True,True,True,True,ETNB,True
True,True,True,True,True,True,True,True,True,True,True,ETO,True
True,True,True,True,True,True,True,True,True,True,True,ETON,True
True,True,True,True,True,True,True,True,True,True,True,ETR,True
True,True,True,True,True,True,True,True,True,True,True,ETSY,True
True,True,True,True,True,True,True,True,True,True,True,ETV,True
True,True,True,True,True,True,True,True,True,True,True,ETW,True
True,True,True,True,True,True,True,True,True,True,True,ETWO,True
True,True,True,True,True,True,True,True,True,True,True,ETX,True
True,True,True,True,True,True,True,True,True,True,True,ETY,True
True,True,True,True,True,True,True,True,True,True,True,EU,True
True,True,True,True,True,True,True,True,True,True,True,EUDA,True
True,True,True,True,True,True,True,True,True,True,True,EVAX,True
True,True,True,True,True,True,True,True,True,True,True,EVC,True
True,True,True,True,True,True,True,True,True,True,True,EVCM,True
True,True,True,True,True,True,True,True,True,True,True,EVER,True
True,True,True,True,True,True,True,True,True,True,True,EVF,True
True,True,True,True,True,True,True,True,True,True,True,EVG,True
True,True,True,True,True,True,True,True,True,True,True,EVGN,True
True,True,True,True,True,True,True,True,True,True,True,EVGO,True
True,True,True,True,True,True,True,True,True,True,True,EVGOW,True
True,True,True,True,True,True,True,True,True,True,True,EVH,True
True,True,True,True,True,True,True,True,True,True,True,EVI,True
True,True,True,True,True,True,True,True,True,True,True,EVLV,True
True,True,True,True,True,True,True,True,True,True,True,EVM,True
True,True,True,True,True,True,True,True,True,True,True,EVN,True
True,True,True,True,True,True,True,True,True,True,True,EVO,True
True,True,True,True,True,True,True,True,True,True,True,EVOK,True
True,True,True,True,True,True,True,True,True,True,True,EVR,True
True,True,True,True,True,True,True,True,True,True,True,EVRG,True
True,True,True,True,True,True,True,True,True,True,True,EVRI,True
True,True,True,True,True,True,True,True,True,True,True,EVT,True
True,True,True,True,True,True,True,True,True,True,True,EVTC,True
True,True,True,True,True,True,True,True,True,True,True,EVTL,True
True,True,True,True,True,True,True,True,True,True,True,EVTV,True
True,True,True,True,True,True,True,True,True,True,True,EVV,True
True,True,True,True,True,True,True,True,True,True,True,EW,True
True,True,True,True,True,True,True,True,True,True,True,EWBC,True
True,True,True,True,True,True,True,True,True,True,True,EWCZ,True
True,True,True,True,True,True,True,True,True,True,True,EWTX,True
True,True,True,True,True,True,True,True,True,True,True,EXAS,True
True,True,True,True,True,True,True,True,True,True,True,EXC,True
True,True,True,True,True,True,True,True,True,True,True,EXE,True
True,True,True,True,True,True,True,True,True,True,True,EXEEL,True
True,True,True,True,True,True,True,True,True,True,True,EXEEZ,True
True,True,True,True,True,True,True,True,True,True,True,EXEL,True
True,True,True,True,True,True,True,True,True,True,True,EXFY,True
True,True,True,True,True,True,True,True,True,True,True,EXG,True
True,True,True,True,True,True,True,True,True,True,True,EXK,True
True,True,True,True,True,True,True,True,True,True,True,EXLS,True
True,True,True,True,True,True,True,True,True,True,True,EXOD,True
True,True,True,True,True,True,True,True,True,True,True,EXP,True
True,True,True,True,True,True,True,True,True,True,True,EXPD,True
True,True,True,True,True,True,True,True,True,True,True,EXPE,True
True,True,True,True,True,True,True,True,True,True,True,EXPI,True
True,True,True,True,True,True,True,True,True,True,True,EXPO,True
True,True,True,True,True,True,True,True,True,True,True,EXR,True
True,True,True,True,True,True,True,True,True,True,True,EXTR,True
True,True,True,True,True,True,True,True,True,True,True,EYE,True
True,True,True,True,True,True,True,True,True,True,True,EYEN,True
True,True,True,True,True,True,True,True,True,True,True,EYPT,True
True,True,True,True,True,True,True,True,True,True,True,EZGO,True
True,True,True,True,True,True,True,True,True,True,True,EZPW,True
True,True,True,True,True,True,True,True,True,True,True,F,True
True,True,True,True,True,True,True,True,True,True,True,FA,True
True,True,True,True,True,True,True,True,True,True,True,FAAS,True
True,True,True,True,True,True,True,True,True,True,True,FAF,True
True,True,True,True,True,True,True,True,True,True,True,FAMI,True
True,True,True,True,True,True,True,True,True,True,True,FANG,True
True,True,True,True,True,True,True,True,True,True,True,FARM,True
True,True,True,True,True,True,True,True,True,True,True,FARO,True
True,True,True,True,True,True,True,True,True,True,True,FAST,True
True,True,True,True,True,True,True,True,True,True,True,FAT,True
True,True,True,True,True,True,True,True,True,True,True,FATBB,True
True,True,True,True,True,True,True,True,True,True,True,FATBP,True
True,True,True,True,True,True,True,True,True,True,True,FATE,True
True,True,True,True,True,True,True,True,True,True,True,FAX,True
True,True,True,True,True,True,True,True,True,True,True,FBIN,True
True,True,True,True,True,True,True,True,True,True,True,FBIO,True
True,True,True,True,True,True,True,True,True,True,True,FBIOP,True
True,True,True,True,True,True,True,True,True,True,True,FBIZ,True
True,True,True,True,True,True,True,True,True,True,True,FBK,True
True,True,True,True,True,True,True,True,True,True,True,FBNC,True
True,True,True,True,True,True,True,True,True,True,True,FBP,True
True,True,True,True,True,True,True,True,True,True,True,FBRT,True
True,True,True,True,True,True,True,True,True,True,True,FBRX,True
True,True,True,True,True,True,True,True,True,True,True,FC,True
True,True,True,True,True,True,True,True,True,True,True,FCAP,True
True,True,True,True,True,True,True,True,True,True,True,FCBC,True
True,True,True,True,True,True,True,True,True,True,True,FCCO,True
True,True,True,True,True,True,True,True,True,True,True,FCEL,True
True,True,True,True,True,True,True,True,True,True,True,FCF,True
True,True,True,True,True,True,True,True,True,True,True,FCFS,True
True,True,True,True,True,True,True,True,True,True,True,FCN,True
True,True,True,True,True,True,True,True,True,True,True,FCNCA,True
True,True,True,True,True,True,True,True,True,True,True,FCNCO,True
True,True,True,True,True,True,True,True,True,True,True,FCNCP,True
True,True,True,True,True,True,True,True,True,True,True,FCO,True
True,True,True,True,True,True,True,True,True,True,True,FCPT,True
True,True,True,True,True,True,True,True,True,True,True,FCRX,True
True,True,True,True,True,True,True,True,True,True,True,FCT,True
True,True,True,True,True,True,True,True,True,True,True,FCUV,True
True,True,True,True,True,True,True,True,True,True,True,FCX,True
True,True,True,True,True,True,True,True,True,True,True,FDBC,True
True,True,True,True,True,True,True,True,True,True,True,FDMT,True
True,True,True,True,True,True,True,True,True,True,True,FDP,True
True,True,True,True,True,True,True,True,True,True,True,FDUS,True
True,True,True,True,True,True,True,True,True,True,True,FDX,True
True,True,True,True,True,True,True,True,True,True,True,FE,True
True,True,True,True,True,True,True,True,True,True,True,FEDU,True
True,True,True,True,True,True,True,True,True,True,True,FEIM,True
True,True,True,True,True,True,True,True,True,True,True,FELE,True
True,True,True,True,True,True,True,True,True,True,True,FEMY,True
True,True,True,True,True,True,True,True,True,True,True,FENC,True
True,True,True,True,True,True,True,True,True,True,True,FENG,True
True,True,True,True,True,True,True,True,True,True,True,FER,True
True,True,True,True,True,True,True,True,True,True,True,FERG,True
True,True,True,True,True,True,True,True,True,True,True,FET,True
True,True,True,True,True,True,True,True,True,True,True,FF,True
True,True,True,True,True,True,True,True,True,True,True,FFA,True
True,True,True,True,True,True,True,True,True,True,True,FFAI,True
True,True,True,True,True,True,True,True,True,True,True,FFBC,True
True,True,True,True,True,True,True,True,True,True,True,FFC,True
True,True,True,True,True,True,True,True,True,True,True,FFIC,True
True,True,True,True,True,True,True,True,True,True,True,FFIN,True
True,True,True,True,True,True,True,True,True,True,True,FFIV,True
True,True,True,True,True,True,True,True,True,True,True,FFWM,True
True,True,True,True,True,True,True,True,True,True,True,FGBI,True
True,True,True,True,True,True,True,True,True,True,True,FGBIP,True
True,True,True,True,True,True,True,True,True,True,True,FGEN,True
True,True,True,True,True,True,True,True,True,True,True,FGF,True
True,True,True,True,True,True,True,True,True,True,True,FGFPP,True
True,True,True,True,True,True,True,True,True,True,True,FGI,True
True,True,True,True,True,True,True,True,True,True,True,FHB,True
True,True,True,True,True,True,True,True,True,True,True,FHI,True
True,True,True,True,True,True,True,True,True,True,True,FHN,True
True,True,True,True,True,True,True,True,True,True,True,FHTX,True
True,True,True,True,True,True,True,True,True,True,True,FI,True
True,True,True,True,True,True,True,True,True,True,True,FIBK,True
True,True,True,True,True,True,True,True,True,True,True,FICO,True
True,True,True,True,True,True,True,True,True,True,True,FIGS,True
True,True,True,True,True,True,True,True,True,True,True,FINS,True
True,True,True,True,True,True,True,True,True,True,True,FINV,True
True,True,True,True,True,True,True,True,True,True,True,FINW,True
True,True,True,True,True,True,True,True,True,True,True,FIS,True
True,True,True,True,True,True,True,True,True,True,True,FISI,True
True,True,True,True,True,True,True,True,True,True,True,FITB,True
True,True,True,True,True,True,True,True,True,True,True,FITBI,True
True,True,True,True,True,True,True,True,True,True,True,FITBO,True
True,True,True,True,True,True,True,True,True,True,True,FITBP,True
True,True,True,True,True,True,True,True,True,True,True,FIVE,True
True,True,True,True,True,True,True,True,True,True,True,FIVN,True
True,True,True,True,True,True,True,True,True,True,True,FIX,True
True,True,True,True,True,True,True,True,True,True,True,FIZZ,True
True,True,True,True,True,True,True,True,True,True,True,FKWL,True
True,True,True,True,True,True,True,True,True,True,True,FL,True
True,True,True,True,True,True,True,True,True,True,True,FLC,True
True,True,True,True,True,True,True,True,True,True,True,FLD,True
True,True,True,True,True,True,True,True,True,True,True,FLEX,True
True,True,True,True,True,True,True,True,True,True,True,FLG,True
True,True,True,True,True,True,True,True,True,True,True,FLGC,True
True,True,True,True,True,True,True,True,True,True,True,FLGT,True
True,True,True,True,True,True,True,True,True,True,True,FLL,True
True,True,True,True,True,True,True,True,True,True,True,FLNC,True
True,True,True,True,True,True,True,True,True,True,True,FLNG,True
True,True,True,True,True,True,True,True,True,True,True,FLNT,True
True,True,True,True,True,True,True,True,True,True,True,FLO,True
True,True,True,True,True,True,True,True,True,True,True,FLR,True
True,True,True,True,True,True,True,True,True,True,True,FLS,True
True,True,True,True,True,True,True,True,True,True,True,FLUT,True
True,True,True,True,True,True,True,True,True,True,True,FLUX,True
True,True,True,True,True,True,True,True,True,True,True,FLWS,True
True,True,True,True,True,True,True,True,True,True,True,FLXS,True
True,True,True,True,True,True,True,True,True,True,True,FLYW,True
True,True,True,True,True,True,True,True,True,True,True,FMAO,True
True,True,True,True,True,True,True,True,True,True,True,FMBH,True
True,True,True,True,True,True,True,True,True,True,True,FMC,True
True,True,True,True,True,True,True,True,True,True,True,FMN,True
True,True,True,True,True,True,True,True,True,True,True,FMNB,True
True,True,True,True,True,True,True,True,True,True,True,FMS,True
True,True,True,True,True,True,True,True,True,True,True,FMX,True
True,True,True,True,True,True,True,True,True,True,True,FMY,True
True,True,True,True,True,True,True,True,True,True,True,FN,True
True,True,True,True,True,True,True,True,True,True,True,FNB,True
True,True,True,True,True,True,True,True,True,True,True,FND,True
True,True,True,True,True,True,True,True,True,True,True,FNF,True
True,True,True,True,True,True,True,True,True,True,True,FNGR,True
True,True,True,True,True,True,True,True,True,True,True,FNKO,True
True,True,True,True,True,True,True,True,True,True,True,FNLC,True
True,True,True,True,True,True,True,True,True,True,True,FNV,True
True,True,True,True,True,True,True,True,True,True,True,FNWB,True
True,True,True,True,True,True,True,True,True,True,True,FNWD,True
True,True,True,True,True,True,True,True,True,True,True,FOA,True
True,True,True,True,True,True,True,True,True,True,True,FOF,True
True,True,True,True,True,True,True,True,True,True,True,FOLD,True
True,True,True,True,True,True,True,True,True,True,True,FONR,True
True,True,True,True,True,True,True,True,True,True,True,FOR,True
True,True,True,True,True,True,True,True,True,True,True,FORA,True
True,True,True,True,True,True,True,True,True,True,True,FORD,True
True,True,True,True,True,True,True,True,True,True,True,FORM,True
True,True,True,True,True,True,True,True,True,True,True,FORR,True
True,True,True,True,True,True,True,True,True,True,True,FORTY,True
True,True,True,True,True,True,True,True,True,True,True,FOSL,True
True,True,True,True,True,True,True,True,True,True,True,FOSLL,True
True,True,True,True,True,True,True,True,True,True,True,FOUR,True
True,True,True,True,True,True,True,True,True,True,True,FOX,True
True,True,True,True,True,True,True,True,True,True,True,FOXA,True
True,True,True,True,True,True,True,True,True,True,True,FOXF,True
True,True,True,True,True,True,True,True,True,True,True,FPAY,True
True,True,True,True,True,True,True,True,True,True,True,FPF,True
True,True,True,True,True,True,True,True,True,True,True,FPH,True
True,True,True,True,True,True,True,True,True,True,True,FPI,True
True,True,True,True,True,True,True,True,True,True,True,FR,True
True,True,True,True,True,True,True,True,True,True,True,FRA,True
True,True,True,True,True,True,True,True,True,True,True,FRAF,True
True,True,True,True,True,True,True,True,True,True,True,FRBA,True
True,True,True,True,True,True,True,True,True,True,True,FRD,True
True,True,True,True,True,True,True,True,True,True,True,FRGE,True
True,True,True,True,True,True,True,True,True,True,True,FRGT,True
True,True,True,True,True,True,True,True,True,True,True,FRHC,True
True,True,True,True,True,True,True,True,True,True,True,FRME,True
True,True,True,True,True,True,True,True,True,True,True,FRMEP,True
True,True,True,True,True,True,True,True,True,True,True,FRO,True
True,True,True,True,True,True,True,True,True,True,True,FROG,True
True,True,True,True,True,True,True,True,True,True,True,FRPH,True
True,True,True,True,True,True,True,True,True,True,True,FRPT,True
True,True,True,True,True,True,True,True,True,True,True,FRSH,True
True,True,True,True,True,True,True,True,True,True,True,FRST,True
True,True,True,True,True,True,True,True,True,True,True,FRSX,True
True,True,True,True,True,True,True,True,True,True,True,FRT,True
True,True,True,True,True,True,True,True,True,True,True,FSBC,True
True,True,True,True,True,True,True,True,True,True,True,FSBW,True
True,True,True,True,True,True,True,True,True,True,True,FSEA,True
True,True,True,True,True,True,True,True,True,True,True,FSFG,True
True,True,True,True,True,True,True,True,True,True,True,FSI,True
True,True,True,True,True,True,True,True,True,True,True,FSK,True
True,True,True,True,True,True,True,True,True,True,True,FSLR,True
True,True,True,True,True,True,True,True,True,True,True,FSLY,True
True,True,True,True,True,True,True,True,True,True,True,FSM,True
True,True,True,True,True,True,True,True,True,True,True,FSP,True
True,True,True,True,True,True,True,True,True,True,True,FSS,True
True,True,True,True,True,True,True,True,True,True,True,FSTR,True
True,True,True,True,True,True,True,True,True,True,True,FSV,True
True,True,True,True,True,True,True,True,True,True,True,FT,True
True,True,True,True,True,True,True,True,True,True,True,FTAI,True
True,True,True,True,True,True,True,True,True,True,True,FTAIN,True
True,True,True,True,True,True,True,True,True,True,True,FTCI,True
True,True,True,True,True,True,True,True,True,True,True,FTDR,True
True,True,True,True,True,True,True,True,True,True,True,FTEK,True
True,True,True,True,True,True,True,True,True,True,True,FTF,True
True,True,True,True,True,True,True,True,True,True,True,FTFT,True
True,True,True,True,True,True,True,True,True,True,True,FTHM,True
True,True,True,True,True,True,True,True,True,True,True,FTHY,True
True,True,True,True,True,True,True,True,True,True,True,FTI,True
True,True,True,True,True,True,True,True,True,True,True,FTK,True
True,True,True,True,True,True,True,True,True,True,True,FTLF,True
True,True,True,True,True,True,True,True,True,True,True,FTNT,True
True,True,True,True,True,True,True,True,True,True,True,FTS,True
True,True,True,True,True,True,True,True,True,True,True,FTV,True
True,True,True,True,True,True,True,True,True,True,True,FUBO,True
True,True,True,True,True,True,True,True,True,True,True,FUFU,True
True,True,True,True,True,True,True,True,True,True,True,FUL,True
True,True,True,True,True,True,True,True,True,True,True,FULC,True
True,True,True,True,True,True,True,True,True,True,True,FULT,True
True,True,True,True,True,True,True,True,True,True,True,FULTP,True
True,True,True,True,True,True,True,True,True,True,True,FUN,True
True,True,True,True,True,True,True,True,True,True,True,FUNC,True
True,True,True,True,True,True,True,True,True,True,True,FUND,True
True,True,True,True,True,True,True,True,True,True,True,FURY,True
True,True,True,True,True,True,True,True,True,True,True,FUSB,True
True,True,True,True,True,True,True,True,True,True,True,FUTU,True
True,True,True,True,True,True,True,True,True,True,True,FVCB,True
True,True,True,True,True,True,True,True,True,True,True,FVRR,True
True,True,True,True,True,True,True,True,True,True,True,FWONA,True
True,True,True,True,True,True,True,True,True,True,True,FWONK,True
True,True,True,True,True,True,True,True,True,True,True,FWRD,True
True,True,True,True,True,True,True,True,True,True,True,FWRG,True
True,True,True,True,True,True,True,True,True,True,True,FXNC,True
True,True,True,True,True,True,True,True,True,True,True,FYBR,True
True,True,True,True,True,True,True,True,True,True,True,G,True
True,True,True,True,True,True,True,True,True,True,True,GAB,True
True,True,True,True,True,True,True,True,True,True,True,GABC,True
True,True,True,True,True,True,True,True,True,True,True,GAIA,True
True,True,True,True,True,True,True,True,True,True,True,GAIN,True
True,True,True,True,True,True,True,True,True,True,True,GAINN,True
True,True,True,True,True,True,True,True,True,True,True,GAINZ,True
True,True,True,True,True,True,True,True,True,True,True,GALT,True
True,True,True,True,True,True,True,True,True,True,True,GAM,True
True,True,True,True,True,True,True,True,True,True,True,GAMB,True
True,True,True,True,True,True,True,True,True,True,True,GAME,True
True,True,True,True,True,True,True,True,True,True,True,GANX,True
True,True,True,True,True,True,True,True,True,True,True,GAP,True
True,True,True,True,True,True,True,True,True,True,True,GASS,True
True,True,True,True,True,True,True,True,True,True,True,GATX,True
True,True,True,True,True,True,True,True,True,True,True,GAU,True
True,True,True,True,True,True,True,True,True,True,True,GB,True
True,True,True,True,True,True,True,True,True,True,True,GBAB,True
True,True,True,True,True,True,True,True,True,True,True,GBCI,True
True,True,True,True,True,True,True,True,True,True,True,GBDC,True
True,True,True,True,True,True,True,True,True,True,True,GBIO,True
True,True,True,True,True,True,True,True,True,True,True,GBLI,True
True,True,True,True,True,True,True,True,True,True,True,GBR,True
True,True,True,True,True,True,True,True,True,True,True,GBX,True
True,True,True,True,True,True,True,True,True,True,True,GCBC,True
True,True,True,True,True,True,True,True,True,True,True,GCI,True
True,True,True,True,True,True,True,True,True,True,True,GCMG,True
True,True,True,True,True,True,True,True,True,True,True,GCO,True
True,True,True,True,True,True,True,True,True,True,True,GCTK,True
True,True,True,True,True,True,True,True,True,True,True,GCTS,True
True,True,True,True,True,True,True,True,True,True,True,GCV,True
True,True,True,True,True,True,True,True,True,True,True,GD,True
True,True,True,True,True,True,True,True,True,True,True,GDC,True
True,True,True,True,True,True,True,True,True,True,True,GDDY,True
True,True,True,True,True,True,True,True,True,True,True,GDEN,True
True,True,True,True,True,True,True,True,True,True,True,GDEV,True
True,True,True,True,True,True,True,True,True,True,True,GDL,True
True,True,True,True,True,True,True,True,True,True,True,GDO,True
True,True,True,True,True,True,True,True,True,True,True,GDOT,True
True,True,True,True,True,True,True,True,True,True,True,GDRX,True
True,True,True,True,True,True,True,True,True,True,True,GDS,True
True,True,True,True,True,True,True,True,True,True,True,GDV,True
True,True,True,True,True,True,True,True,True,True,True,GDYN,True
True,True,True,True,True,True,True,True,True,True,True,GE,True
True,True,True,True,True,True,True,True,True,True,True,GECC,True
True,True,True,True,True,True,True,True,True,True,True,GECCO,True
True,True,True,True,True,True,True,True,True,True,True,GEF,True
True,True,True,True,True,True,True,True,True,True,True,GEG,True
True,True,True,True,True,True,True,True,True,True,True,GEL,True
True,True,True,True,True,True,True,True,True,True,True,GEN,True
True,True,True,True,True,True,True,True,True,True,True,GENC,True
True,True,True,True,True,True,True,True,True,True,True,GENI,True
True,True,True,True,True,True,True,True,True,True,True,GEO,True
True,True,True,True,True,True,True,True,True,True,True,GEOS,True
True,True,True,True,True,True,True,True,True,True,True,GERN,True
True,True,True,True,True,True,True,True,True,True,True,GES,True
True,True,True,True,True,True,True,True,True,True,True,GETY,True
True,True,True,True,True,True,True,True,True,True,True,GEVO,True
True,True,True,True,True,True,True,True,True,True,True,GF,True
True,True,True,True,True,True,True,True,True,True,True,GFAI,True
True,True,True,True,True,True,True,True,True,True,True,GFF,True
True,True,True,True,True,True,True,True,True,True,True,GFI,True
True,True,True,True,True,True,True,True,True,True,True,GFL,True
True,True,True,True,True,True,True,True,True,True,True,GFR,True
True,True,True,True,True,True,True,True,True,True,True,GFS,True
True,True,True,True,True,True,True,True,True,True,True,GGAL,True
True,True,True,True,True,True,True,True,True,True,True,GGB,True
True,True,True,True,True,True,True,True,True,True,True,GGG,True
True,True,True,True,True,True,True,True,True,True,True,GGN,True
True,True,True,True,True,True,True,True,True,True,True,GGR,True
True,True,True,True,True,True,True,True,True,True,True,GGT,True
True,True,True,True,True,True,True,True,True,True,True,GGZ,True
True,True,True,True,True,True,True,True,True,True,True,GH,True
True,True,True,True,True,True,True,True,True,True,True,GHC,True
True,True,True,True,True,True,True,True,True,True,True,GHG,True
True,True,True,True,True,True,True,True,True,True,True,GHI,True
True,True,True,True,True,True,True,True,True,True,True,GHLD,True
True,True,True,True,True,True,True,True,True,True,True,GHM,True
True,True,True,True,True,True,True,True,True,True,True,GHRS,True
True,True,True,True,True,True,True,True,True,True,True,GHY,True
True,True,True,True,True,True,True,True,True,True,True,GIB,True
True,True,True,True,True,True,True,True,True,True,True,GIC,True
True,True,True,True,True,True,True,True,True,True,True,GIFI,True
True,True,True,True,True,True,True,True,True,True,True,GIFT,True
True,True,True,True,True,True,True,True,True,True,True,GIGM,True
True,True,True,True,True,True,True,True,True,True,True,GIII,True
True,True,True,True,True,True,True,True,True,True,True,GIL,True
True,True,True,True,True,True,True,True,True,True,True,GILD,True
True,True,True,True,True,True,True,True,True,True,True,GILT,True
True,True,True,True,True,True,True,True,True,True,True,GIPR,True
True,True,True,True,True,True,True,True,True,True,True,GIS,True
True,True,True,True,True,True,True,True,True,True,True,GJH,True
True,True,True,True,True,True,True,True,True,True,True,GJO,True
True,True,True,True,True,True,True,True,True,True,True,GJP,True
True,True,True,True,True,True,True,True,True,True,True,GJR,True
True,True,True,True,True,True,True,True,True,True,True,GJS,True
True,True,True,True,True,True,True,True,True,True,True,GJT,True
True,True,True,True,True,True,True,True,True,True,True,GKOS,True
True,True,True,True,True,True,True,True,True,True,True,GL,True
True,True,True,True,True,True,True,True,True,True,True,GLAD,True
True,True,True,True,True,True,True,True,True,True,True,GLBE,True
True,True,True,True,True,True,True,True,True,True,True,GLBS,True
True,True,True,True,True,True,True,True,True,True,True,GLBZ,True
True,True,True,True,True,True,True,True,True,True,True,GLDD,True
True,True,True,True,True,True,True,True,True,True,True,GLDG,True
True,True,True,True,True,True,True,True,True,True,True,GLMD,True
True,True,True,True,True,True,True,True,True,True,True,GLNG,True
True,True,True,True,True,True,True,True,True,True,True,GLO,True
True,True,True,True,True,True,True,True,True,True,True,GLOB,True
True,True,True,True,True,True,True,True,True,True,True,GLP,True
True,True,True,True,True,True,True,True,True,True,True,GLPG,True
True,True,True,True,True,True,True,True,True,True,True,GLPI,True
True,True,True,True,True,True,True,True,True,True,True,GLQ,True
True,True,True,True,True,True,True,True,True,True,True,GLRE,True
True,True,True,True,True,True,True,True,True,True,True,GLSI,True
True,True,True,True,True,True,True,True,True,True,True,GLTO,True
True,True,True,True,True,True,True,True,True,True,True,GLU,True
True,True,True,True,True,True,True,True,True,True,True,GLUE,True
True,True,True,True,True,True,True,True,True,True,True,GLV,True
True,True,True,True,True,True,True,True,True,True,True,GLW,True
True,True,True,True,True,True,True,True,True,True,True,GM,True
True,True,True,True,True,True,True,True,True,True,True,GMAB,True
True,True,True,True,True,True,True,True,True,True,True,GME,True
True,True,True,True,True,True,True,True,True,True,True,GMED,True
True,True,True,True,True,True,True,True,True,True,True,GMGI,True
True,True,True,True,True,True,True,True,True,True,True,GMRE,True
True,True,True,True,True,True,True,True,True,True,True,GMS,True
True,True,True,True,True,True,True,True,True,True,True,GNE,True
True,True,True,True,True,True,True,True,True,True,True,GNFT,True
True,True,True,True,True,True,True,True,True,True,True,GNK,True
True,True,True,True,True,True,True,True,True,True,True,GNL,True
True,True,True,True,True,True,True,True,True,True,True,GNLN,True
True,True,True,True,True,True,True,True,True,True,True,GNPX,True
True,True,True,True,True,True,True,True,True,True,True,GNRC,True
True,True,True,True,True,True,True,True,True,True,True,GNSS,True
True,True,True,True,True,True,True,True,True,True,True,GNT,True
True,True,True,True,True,True,True,True,True,True,True,GNTA,True
True,True,True,True,True,True,True,True,True,True,True,GNTX,True
True,True,True,True,True,True,True,True,True,True,True,GNTY,True
True,True,True,True,True,True,True,True,True,True,True,GNW,True
True,True,True,True,True,True,True,True,True,True,True,GO,True
True,True,True,True,True,True,True,True,True,True,True,GOCO,True
True,True,True,True,True,True,True,True,True,True,True,GOF,True
True,True,True,True,True,True,True,True,True,True,True,GOGL,True
True,True,True,True,True,True,True,True,True,True,True,GOGO,True
True,True,True,True,True,True,True,True,True,True,True,GOLF,True
True,True,True,True,True,True,True,True,True,True,True,GOOD,True
True,True,True,True,True,True,True,True,True,True,True,GOODN,True
True,True,True,True,True,True,True,True,True,True,True,GOODO,True
True,True,True,True,True,True,True,True,True,True,True,GOOG,True
True,True,True,True,True,True,True,True,True,True,True,GOOGL,True
True,True,True,True,True,True,True,True,True,True,True,GOOS,True
True,True,True,True,True,True,True,True,True,True,True,GORO,True
True,True,True,True,True,True,True,True,True,True,True,GORV,True
True,True,True,True,True,True,True,True,True,True,True,GOSS,True
True,True,True,True,True,True,True,True,True,True,True,GOTU,True
True,True,True,True,True,True,True,True,True,True,True,GOVX,True
True,True,True,True,True,True,True,True,True,True,True,GP,True
True,True,True,True,True,True,True,True,True,True,True,GPC,True
True,True,True,True,True,True,True,True,True,True,True,GPI,True
True,True,True,True,True,True,True,True,True,True,True,GPJA,True
True,True,True,True,True,True,True,True,True,True,True,GPK,True
True,True,True,True,True,True,True,True,True,True,True,GPMT,True
True,True,True,True,True,True,True,True,True,True,True,GPN,True
True,True,True,True,True,True,True,True,True,True,True,GPOR,True
True,True,True,True,True,True,True,True,True,True,True,GPRE,True
True,True,True,True,True,True,True,True,True,True,True,GPRK,True
True,True,True,True,True,True,True,True,True,True,True,GPRO,True
True,True,True,True,True,True,True,True,True,True,True,GPUS,True
True,True,True,True,True,True,True,True,True,True,True,GRAB,True
True,True,True,True,True,True,True,True,True,True,True,GRABW,True
True,True,True,True,True,True,True,True,True,True,True,GRBK,True
True,True,True,True,True,True,True,True,True,True,True,GRC,True
True,True,True,True,True,True,True,True,True,True,True,GRCE,True
True,True,True,True,True,True,True,True,True,True,True,GREE,True
True,True,True,True,True,True,True,True,True,True,True,GREEL,True
True,True,True,True,True,True,True,True,True,True,True,GRF,True
True,True,True,True,True,True,True,True,True,True,True,GRFS,True
True,True,True,True,True,True,True,True,True,True,True,GRI,True
True,True,True,True,True,True,True,True,True,True,True,GRMN,True
True,True,True,True,True,True,True,True,True,True,True,GRND,True
True,True,True,True,True,True,True,True,True,True,True,GRNQ,True
True,True,True,True,True,True,True,True,True,True,True,GRNT,True
True,True,True,True,True,True,True,True,True,True,True,GROV,True
True,True,True,True,True,True,True,True,True,True,True,GROW,True
True,True,True,True,True,True,True,True,True,True,True,GROY,True
True,True,True,True,True,True,True,True,True,True,True,GRPN,True
True,True,True,True,True,True,True,True,True,True,True,GRRR,True
True,True,True,True,True,True,True,True,True,True,True,GRVY,True
True,True,True,True,True,True,True,True,True,True,True,GRWG,True
True,True,True,True,True,True,True,True,True,True,True,GRX,True
True,True,True,True,True,True,True,True,True,True,True,GRYP,True
True,True,True,True,True,True,True,True,True,True,True,GS,True
True,True,True,True,True,True,True,True,True,True,True,GSAT,True
True,True,True,True,True,True,True,True,True,True,True,GSBC,True
True,True,True,True,True,True,True,True,True,True,True,GSBD,True
True,True,True,True,True,True,True,True,True,True,True,GSHD,True
True,True,True,True,True,True,True,True,True,True,True,GSIT,True
True,True,True,True,True,True,True,True,True,True,True,GSK,True
True,True,True,True,True,True,True,True,True,True,True,GSL,True
True,True,True,True,True,True,True,True,True,True,True,GSM,True
True,True,True,True,True,True,True,True,True,True,True,GT,True
True,True,True,True,True,True,True,True,True,True,True,GTBP,True
True,True,True,True,True,True,True,True,True,True,True,GTE,True
True,True,True,True,True,True,True,True,True,True,True,GTEC,True
True,True,True,True,True,True,True,True,True,True,True,GTES,True
True,True,True,True,True,True,True,True,True,True,True,GTI,True
True,True,True,True,True,True,True,True,True,True,True,GTIM,True
True,True,True,True,True,True,True,True,True,True,True,GTLB,True
True,True,True,True,True,True,True,True,True,True,True,GTLS,True
True,True,True,True,True,True,True,True,True,True,True,GTM,True
True,True,True,True,True,True,True,True,True,True,True,GTN,True
True,True,True,True,True,True,True,True,True,True,True,GTX,True
True,True,True,True,True,True,True,True,True,True,True,GTY,True
True,True,True,True,True,True,True,True,True,True,True,GUG,True
True,True,True,True,True,True,True,True,True,True,True,GURE,True
True,True,True,True,True,True,True,True,True,True,True,GUT,True
True,True,True,True,True,True,True,True,True,True,True,GVA,True
True,True,True,True,True,True,True,True,True,True,True,GWAV,True
True,True,True,True,True,True,True,True,True,True,True,GWH,True
True,True,True,True,True,True,True,True,True,True,True,GWRE,True
True,True,True,True,True,True,True,True,True,True,True,GWRS,True
True,True,True,True,True,True,True,True,True,True,True,GWW,True
True,True,True,True,True,True,True,True,True,True,True,GXO,True
True,True,True,True,True,True,True,True,True,True,True,GYRE,True
True,True,True,True,True,True,True,True,True,True,True,GYRO,True
True,True,True,True,True,True,True,True,True,True,True,H,True
True,True,True,True,True,True,True,True,True,True,True,HAE,True
True,True,True,True,True,True,True,True,True,True,True,HAFC,True
True,True,True,True,True,True,True,True,True,True,True,HAIN,True
True,True,True,True,True,True,True,True,True,True,True,HAL,True
True,True,True,True,True,True,True,True,True,True,True,HALO,True
True,True,True,True,True,True,True,True,True,True,True,HAS,True
True,True,True,True,True,True,True,True,True,True,True,HASI,True
True,True,True,True,True,True,True,True,True,True,True,HAYW,True
True,True,True,True,True,True,True,True,True,True,True,HBAN,True
True,True,True,True,True,True,True,True,True,True,True,HBANM,True
True,True,True,True,True,True,True,True,True,True,True,HBANP,True
True,True,True,True,True,True,True,True,True,True,True,HBB,True
True,True,True,True,True,True,True,True,True,True,True,HBCP,True
True,True,True,True,True,True,True,True,True,True,True,HBI,True
True,True,True,True,True,True,True,True,True,True,True,HBIO,True
True,True,True,True,True,True,True,True,True,True,True,HBM,True
True,True,True,True,True,True,True,True,True,True,True,HBNC,True
True,True,True,True,True,True,True,True,True,True,True,HBT,True
True,True,True,True,True,True,True,True,True,True,True,HCA,True
True,True,True,True,True,True,True,True,True,True,True,HCAT,True
True,True,True,True,True,True,True,True,True,True,True,HCC,True
True,True,True,True,True,True,True,True,True,True,True,HCI,True
True,True,True,True,True,True,True,True,True,True,True,HCKT,True
True,True,True,True,True,True,True,True,True,True,True,HCM,True
True,True,True,True,True,True,True,True,True,True,True,HCSG,True
True,True,True,True,True,True,True,True,True,True,True,HCTI,True
True,True,True,True,True,True,True,True,True,True,True,HCWB,True
True,True,True,True,True,True,True,True,True,True,True,HCXY,True
True,True,True,True,True,True,True,True,True,True,True,HD,True
True,True,True,True,True,True,True,True,True,True,True,HDB,True
True,True,True,True,True,True,True,True,True,True,True,HDSN,True
True,True,True,True,True,True,True,True,True,True,True,HE,True
True,True,True,True,True,True,True,True,True,True,True,HEI,True
True,True,True,True,True,True,True,True,True,True,True,HELE,True
True,True,True,True,True,True,True,True,True,True,True,HEPS,True
True,True,True,True,True,True,True,True,True,True,True,HEQ,True
True,True,True,True,True,True,True,True,True,True,True,HES,True
True,True,True,True,True,True,True,True,True,True,True,HESM,True
True,True,True,True,True,True,True,True,True,True,True,HFBL,True
True,True,True,True,True,True,True,True,True,True,True,HFFG,True
True,True,True,True,True,True,True,True,True,True,True,HFRO,True
True,True,True,True,True,True,True,True,True,True,True,HFWA,True
True,True,True,True,True,True,True,True,True,True,True,HGBL,True
True,True,True,True,True,True,True,True,True,True,True,HGLB,True
True,True,True,True,True,True,True,True,True,True,True,HGTY,True
True,True,True,True,True,True,True,True,True,True,True,HGV,True
True,True,True,True,True,True,True,True,True,True,True,HHH,True
True,True,True,True,True,True,True,True,True,True,True,HHS,True
True,True,True,True,True,True,True,True,True,True,True,HI,True
True,True,True,True,True,True,True,True,True,True,True,HIFS,True
True,True,True,True,True,True,True,True,True,True,True,HIG,True
True,True,True,True,True,True,True,True,True,True,True,HIHO,True
True,True,True,True,True,True,True,True,True,True,True,HII,True
True,True,True,True,True,True,True,True,True,True,True,HIMS,True
True,True,True,True,True,True,True,True,True,True,True,HIMX,True
True,True,True,True,True,True,True,True,True,True,True,HIO,True
True,True,True,True,True,True,True,True,True,True,True,HIPO,True
True,True,True,True,True,True,True,True,True,True,True,HITI,True
True,True,True,True,True,True,True,True,True,True,True,HIVE,True
True,True,True,True,True,True,True,True,True,True,True,HIW,True
True,True,True,True,True,True,True,True,True,True,True,HIX,True
True,True,True,True,True,True,True,True,True,True,True,HL,True
True,True,True,True,True,True,True,True,True,True,True,HLF,True
True,True,True,True,True,True,True,True,True,True,True,HLI,True
True,True,True,True,True,True,True,True,True,True,True,HLIO,True
True,True,True,True,True,True,True,True,True,True,True,HLIT,True
True,True,True,True,True,True,True,True,True,True,True,HLLY,True
True,True,True,True,True,True,True,True,True,True,True,HLMN,True
True,True,True,True,True,True,True,True,True,True,True,HLNE,True
True,True,True,True,True,True,True,True,True,True,True,HLT,True
True,True,True,True,True,True,True,True,True,True,True,HLX,True
True,True,True,True,True,True,True,True,True,True,True,HMC,True
True,True,True,True,True,True,True,True,True,True,True,HMN,True
True,True,True,True,True,True,True,True,True,True,True,HMST,True
True,True,True,True,True,True,True,True,True,True,True,HMY,True
True,True,True,True,True,True,True,True,True,True,True,HNI,True
True,True,True,True,True,True,True,True,True,True,True,HNNA,True
True,True,True,True,True,True,True,True,True,True,True,HNNAZ,True
True,True,True,True,True,True,True,True,True,True,True,HNRG,True
True,True,True,True,True,True,True,True,True,True,True,HNST,True
True,True,True,True,True,True,True,True,True,True,True,HNW,True
True,True,True,True,True,True,True,True,True,True,True,HOFT,True
True,True,True,True,True,True,True,True,True,True,True,HOG,True
True,True,True,True,True,True,True,True,True,True,True,HOLO,True
True,True,True,True,True,True,True,True,True,True,True,HOLX,True
True,True,True,True,True,True,True,True,True,True,True,HOMB,True
True,True,True,True,True,True,True,True,True,True,True,HON,True
True,True,True,True,True,True,True,True,True,True,True,HONE,True
True,True,True,True,True,True,True,True,True,True,True,HOOD,True
True,True,True,True,True,True,True,True,True,True,True,HOOK,True
True,True,True,True,True,True,True,True,True,True,True,HOPE,True
True,True,True,True,True,True,True,True,True,True,True,HOTH,True
True,True,True,True,True,True,True,True,True,True,True,HOUR,True
True,True,True,True,True,True,True,True,True,True,True,HOUS,True
True,True,True,True,True,True,True,True,True,True,True,HOV,True
True,True,True,True,True,True,True,True,True,True,True,HOVNP,True
True,True,True,True,True,True,True,True,True,True,True,HOWL,True
True,True,True,True,True,True,True,True,True,True,True,HP,True
True,True,True,True,True,True,True,True,True,True,True,HPE,True
True,True,True,True,True,True,True,True,True,True,True,HPF,True
True,True,True,True,True,True,True,True,True,True,True,HPI,True
True,True,True,True,True,True,True,True,True,True,True,HPK,True
True,True,True,True,True,True,True,True,True,True,True,HPKEW,True
True,True,True,True,True,True,True,True,True,True,True,HPP,True
True,True,True,True,True,True,True,True,True,True,True,HPQ,True
True,True,True,True,True,True,True,True,True,True,True,HPS,True
True,True,True,True,True,True,True,True,True,True,True,HQH,True
True,True,True,True,True,True,True,True,True,True,True,HQI,True
True,True,True,True,True,True,True,True,True,True,True,HQL,True
True,True,True,True,True,True,True,True,True,True,True,HQY,True
True,True,True,True,True,True,True,True,True,True,True,HR,True
True,True,True,True,True,True,True,True,True,True,True,HRB,True
True,True,True,True,True,True,True,True,True,True,True,HRI,True
True,True,True,True,True,True,True,True,True,True,True,HRL,True
True,True,True,True,True,True,True,True,True,True,True,HRMY,True
True,True,True,True,True,True,True,True,True,True,True,HROW,True
True,True,True,True,True,True,True,True,True,True,True,HROWL,True
True,True,True,True,True,True,True,True,True,True,True,HRTG,True
True,True,True,True,True,True,True,True,True,True,True,HRTX,True
True,True,True,True,True,True,True,True,True,True,True,HRZN,True
True,True,True,True,True,True,True,True,True,True,True,HSBC,True
True,True,True,True,True,True,True,True,True,True,True,HSDT,True
True,True,True,True,True,True,True,True,True,True,True,HSIC,True
True,True,True,True,True,True,True,True,True,True,True,HSII,True
True,True,True,True,True,True,True,True,True,True,True,HSON,True
True,True,True,True,True,True,True,True,True,True,True,HST,True
True,True,True,True,True,True,True,True,True,True,True,HSTM,True
True,True,True,True,True,True,True,True,True,True,True,HSY,True
True,True,True,True,True,True,True,True,True,True,True,HTB,True
True,True,True,True,True,True,True,True,True,True,True,HTBK,True
True,True,True,True,True,True,True,True,True,True,True,HTCO,True
True,True,True,True,True,True,True,True,True,True,True,HTCR,True
True,True,True,True,True,True,True,True,True,True,True,HTD,True
True,True,True,True,True,True,True,True,True,True,True,HTFB,True
True,True,True,True,True,True,True,True,True,True,True,HTGC,True
True,True,True,True,True,True,True,True,True,True,True,HTH,True
True,True,True,True,True,True,True,True,True,True,True,HTHT,True
True,True,True,True,True,True,True,True,True,True,True,HTLD,True
True,True,True,True,True,True,True,True,True,True,True,HTO,True
True,True,True,True,True,True,True,True,True,True,True,HTOO,True
True,True,True,True,True,True,True,True,True,True,True,HTOOW,True
True,True,True,True,True,True,True,True,True,True,True,HTZ,True
True,True,True,True,True,True,True,True,True,True,True,HUBB,True
True,True,True,True,True,True,True,True,True,True,True,HUBC,True
True,True,True,True,True,True,True,True,True,True,True,HUBG,True
True,True,True,True,True,True,True,True,True,True,True,HUBS,True
True,True,True,True,True,True,True,True,True,True,True,HUDI,True
True,True,True,True,True,True,True,True,True,True,True,HUIZ,True
True,True,True,True,True,True,True,True,True,True,True,HUM,True
True,True,True,True,True,True,True,True,True,True,True,HUMA,True
True,True,True,True,True,True,True,True,True,True,True,HUN,True
True,True,True,True,True,True,True,True,True,True,True,HURA,True
True,True,True,True,True,True,True,True,True,True,True,HURC,True
True,True,True,True,True,True,True,True,True,True,True,HURN,True
True,True,True,True,True,True,True,True,True,True,True,HUSA,True
True,True,True,True,True,True,True,True,True,True,True,HUT,True
True,True,True,True,True,True,True,True,True,True,True,HUYA,True
True,True,True,True,True,True,True,True,True,True,True,HVT,True
True,True,True,True,True,True,True,True,True,True,True,HWBK,True
True,True,True,True,True,True,True,True,True,True,True,HWC,True
True,True,True,True,True,True,True,True,True,True,True,HWCPZ,True
True,True,True,True,True,True,True,True,True,True,True,HWKN,True
True,True,True,True,True,True,True,True,True,True,True,HWM,True
True,True,True,True,True,True,True,True,True,True,True,HXL,True
True,True,True,True,True,True,True,True,True,True,True,HY,True
True,True,True,True,True,True,True,True,True,True,True,HYFM,True
True,True,True,True,True,True,True,True,True,True,True,HYI,True
True,True,True,True,True,True,True,True,True,True,True,HYLN,True
True,True,True,True,True,True,True,True,True,True,True,HYMC,True
True,True,True,True,True,True,True,True,True,True,True,HYMCL,True
True,True,True,True,True,True,True,True,True,True,True,HYPR,True
True,True,True,True,True,True,True,True,True,True,True,HYT,True
True,True,True,True,True,True,True,True,True,True,True,HZO,True
True,True,True,True,True,True,True,True,True,True,True,IAC,True
True,True,True,True,True,True,True,True,True,True,True,IAE,True
True,True,True,True,True,True,True,True,True,True,True,IAF,True
True,True,True,True,True,True,True,True,True,True,True,IAG,True
True,True,True,True,True,True,True,True,True,True,True,IART,True
True,True,True,True,True,True,True,True,True,True,True,IAS,True
True,True,True,True,True,True,True,True,True,True,True,IAUX,True
True,True,True,True,True,True,True,True,True,True,True,IBCP,True
True,True,True,True,True,True,True,True,True,True,True,IBEX,True
True,True,True,True,True,True,True,True,True,True,True,IBIO,True
True,True,True,True,True,True,True,True,True,True,True,IBKR,True
True,True,True,True,True,True,True,True,True,True,True,IBM,True
True,True,True,True,True,True,True,True,True,True,True,IBN,True
True,True,True,True,True,True,True,True,True,True,True,IBOC,True
True,True,True,True,True,True,True,True,True,True,True,IBP,True
True,True,True,True,True,True,True,True,True,True,True,IBRX,True
True,True,True,True,True,True,True,True,True,True,True,ICAD,True
True,True,True,True,True,True,True,True,True,True,True,ICCC,True
True,True,True,True,True,True,True,True,True,True,True,ICCM,True
True,True,True,True,True,True,True,True,True,True,True,ICE,True
True,True,True,True,True,True,True,True,True,True,True,ICFI,True
True,True,True,True,True,True,True,True,True,True,True,ICHR,True
True,True,True,True,True,True,True,True,True,True,True,ICL,True
True,True,True,True,True,True,True,True,True,True,True,ICLR,True
True,True,True,True,True,True,True,True,True,True,True,ICMB,True
True,True,True,True,True,True,True,True,True,True,True,ICU,True
True,True,True,True,True,True,True,True,True,True,True,ICUI,True
True,True,True,True,True,True,True,True,True,True,True,IDA,True
True,True,True,True,True,True,True,True,True,True,True,IDAI,True
True,True,True,True,True,True,True,True,True,True,True,IDCC,True
True,True,True,True,True,True,True,True,True,True,True,IDE,True
True,True,True,True,True,True,True,True,True,True,True,IDN,True
True,True,True,True,True,True,True,True,True,True,True,IDR,True
True,True,True,True,True,True,True,True,True,True,True,IDT,True
True,True,True,True,True,True,True,True,True,True,True,IDXX,True
True,True,True,True,True,True,True,True,True,True,True,IDYA,True
True,True,True,True,True,True,True,True,True,True,True,IEP,True
True,True,True,True,True,True,True,True,True,True,True,IESC,True
True,True,True,True,True,True,True,True,True,True,True,IEX,True
True,True,True,True,True,True,True,True,True,True,True,IFBD,True
True,True,True,True,True,True,True,True,True,True,True,IFF,True
True,True,True,True,True,True,True,True,True,True,True,IFN,True
True,True,True,True,True,True,True,True,True,True,True,IFRX,True
True,True,True,True,True,True,True,True,True,True,True,IFS,True
True,True,True,True,True,True,True,True,True,True,True,IGA,True
True,True,True,True,True,True,True,True,True,True,True,IGC,True
True,True,True,True,True,True,True,True,True,True,True,IGD,True
True,True,True,True,True,True,True,True,True,True,True,IGI,True
True,True,True,True,True,True,True,True,True,True,True,IGIC,True
True,True,True,True,True,True,True,True,True,True,True,IGMS,True
True,True,True,True,True,True,True,True,True,True,True,IGR,True
True,True,True,True,True,True,True,True,True,True,True,IGT,True
True,True,True,True,True,True,True,True,True,True,True,IH,True
True,True,True,True,True,True,True,True,True,True,True,IHD,True
True,True,True,True,True,True,True,True,True,True,True,IHG,True
True,True,True,True,True,True,True,True,True,True,True,IHRT,True
True,True,True,True,True,True,True,True,True,True,True,IHS,True
True,True,True,True,True,True,True,True,True,True,True,IHT,True
True,True,True,True,True,True,True,True,True,True,True,IIF,True
True,True,True,True,True,True,True,True,True,True,True,III,True
True,True,True,True,True,True,True,True,True,True,True,IIIN,True
True,True,True,True,True,True,True,True,True,True,True,IIIV,True
True,True,True,True,True,True,True,True,True,True,True,IIM,True
True,True,True,True,True,True,True,True,True,True,True,IINN,True
True,True,True,True,True,True,True,True,True,True,True,IIPR,True
True,True,True,True,True,True,True,True,True,True,True,IKNA,True
True,True,True,True,True,True,True,True,True,True,True,IKT,True
True,True,True,True,True,True,True,True,True,True,True,ILLR,True
True,True,True,True,True,True,True,True,True,True,True,ILMN,True
True,True,True,True,True,True,True,True,True,True,True,ILPT,True
True,True,True,True,True,True,True,True,True,True,True,IMAB,True
True,True,True,True,True,True,True,True,True,True,True,IMAX,True
True,True,True,True,True,True,True,True,True,True,True,IMCC,True
True,True,True,True,True,True,True,True,True,True,True,IMCR,True
True,True,True,True,True,True,True,True,True,True,True,IMDX,True
True,True,True,True,True,True,True,True,True,True,True,IMG,True
True,True,True,True,True,True,True,True,True,True,True,IMKTA,True
True,True,True,True,True,True,True,True,True,True,True,IMMP,True
True,True,True,True,True,True,True,True,True,True,True,IMMR,True
True,True,True,True,True,True,True,True,True,True,True,IMMX,True
True,True,True,True,True,True,True,True,True,True,True,IMNM,True
True,True,True,True,True,True,True,True,True,True,True,IMNN,True
True,True,True,True,True,True,True,True,True,True,True,IMO,True
True,True,True,True,True,True,True,True,True,True,True,IMOS,True
True,True,True,True,True,True,True,True,True,True,True,IMPP,True
True,True,True,True,True,True,True,True,True,True,True,IMPPP,True
True,True,True,True,True,True,True,True,True,True,True,IMRN,True
True,True,True,True,True,True,True,True,True,True,True,IMRX,True
True,True,True,True,True,True,True,True,True,True,True,IMTE,True
True,True,True,True,True,True,True,True,True,True,True,IMTX,True
True,True,True,True,True,True,True,True,True,True,True,IMUX,True
True,True,True,True,True,True,True,True,True,True,True,IMVT,True
True,True,True,True,True,True,True,True,True,True,True,IMXI,True
True,True,True,True,True,True,True,True,True,True,True,INAB,True
True,True,True,True,True,True,True,True,True,True,True,INBK,True
True,True,True,True,True,True,True,True,True,True,True,INBKZ,True
True,True,True,True,True,True,True,True,True,True,True,INBS,True
True,True,True,True,True,True,True,True,True,True,True,INCR,True
True,True,True,True,True,True,True,True,True,True,True,INCY,True
True,True,True,True,True,True,True,True,True,True,True,INDB,True
True,True,True,True,True,True,True,True,True,True,True,INDI,True
True,True,True,True,True,True,True,True,True,True,True,INDO,True
True,True,True,True,True,True,True,True,True,True,True,INDP,True
True,True,True,True,True,True,True,True,True,True,True,INDV,True
True,True,True,True,True,True,True,True,True,True,True,INFA,True
True,True,True,True,True,True,True,True,True,True,True,INFU,True
True,True,True,True,True,True,True,True,True,True,True,INFY,True
True,True,True,True,True,True,True,True,True,True,True,ING,True
True,True,True,True,True,True,True,True,True,True,True,INGN,True
True,True,True,True,True,True,True,True,True,True,True,INGR,True
True,True,True,True,True,True,True,True,True,True,True,INKT,True
True,True,True,True,True,True,True,True,True,True,True,INLX,True
True,True,True,True,True,True,True,True,True,True,True,INM,True
True,True,True,True,True,True,True,True,True,True,True,INMB,True
True,True,True,True,True,True,True,True,True,True,True,INMD,True
True,True,True,True,True,True,True,True,True,True,True,INN,True
True,True,True,True,True,True,True,True,True,True,True,INNV,True
True,True,True,True,True,True,True,True,True,True,True,INO,True
True,True,True,True,True,True,True,True,True,True,True,INOD,True
True,True,True,True,True,True,True,True,True,True,True,INSE,True
True,True,True,True,True,True,True,True,True,True,True,INSG,True
True,True,True,True,True,True,True,True,True,True,True,INSM,True
True,True,True,True,True,True,True,True,True,True,True,INSP,True
True,True,True,True,True,True,True,True,True,True,True,INSW,True
True,True,True,True,True,True,True,True,True,True,True,INTA,True
True,True,True,True,True,True,True,True,True,True,True,INTC,True
True,True,True,True,True,True,True,True,True,True,True,INTG,True
True,True,True,True,True,True,True,True,True,True,True,INTT,True
True,True,True,True,True,True,True,True,True,True,True,INTU,True
True,True,True,True,True,True,True,True,True,True,True,INTZ,True
True,True,True,True,True,True,True,True,True,True,True,INUV,True
True,True,True,True,True,True,True,True,True,True,True,INV,True
True,True,True,True,True,True,True,True,True,True,True,INVA,True
True,True,True,True,True,True,True,True,True,True,True,INVE,True
True,True,True,True,True,True,True,True,True,True,True,INVH,True
True,True,True,True,True,True,True,True,True,True,True,INVX,True
True,True,True,True,True,True,True,True,True,True,True,INVZ,True
True,True,True,True,True,True,True,True,True,True,True,INZY,True
True,True,True,True,True,True,True,True,True,True,True,IOBT,True
True,True,True,True,True,True,True,True,True,True,True,IONQ,True
True,True,True,True,True,True,True,True,True,True,True,IONS,True
True,True,True,True,True,True,True,True,True,True,True,IOR,True
True,True,True,True,True,True,True,True,True,True,True,IOSP,True
True,True,True,True,True,True,True,True,True,True,True,IOT,True
True,True,True,True,True,True,True,True,True,True,True,IOVA,True
True,True,True,True,True,True,True,True,True,True,True,IP,True
True,True,True,True,True,True,True,True,True,True,True,IPA,True
True,True,True,True,True,True,True,True,True,True,True,IPAR,True
True,True,True,True,True,True,True,True,True,True,True,IPDN,True
True,True,True,True,True,True,True,True,True,True,True,IPG,True
True,True,True,True,True,True,True,True,True,True,True,IPGP,True
True,True,True,True,True,True,True,True,True,True,True,IPHA,True
True,True,True,True,True,True,True,True,True,True,True,IPI,True
True,True,True,True,True,True,True,True,True,True,True,IPM,True
True,True,True,True,True,True,True,True,True,True,True,IPSC,True
True,True,True,True,True,True,True,True,True,True,True,IPW,True
True,True,True,True,True,True,True,True,True,True,True,IPWR,True
True,True,True,True,True,True,True,True,True,True,True,IQ,True
True,True,True,True,True,True,True,True,True,True,True,IQI,True
True,True,True,True,True,True,True,True,True,True,True,IQST,True
True,True,True,True,True,True,True,True,True,True,True,IQV,True
True,True,True,True,True,True,True,True,True,True,True,IR,True
True,True,True,True,True,True,True,True,True,True,True,IRBT,True
True,True,True,True,True,True,True,True,True,True,True,IRD,True
True,True,True,True,True,True,True,True,True,True,True,IRDM,True
True,True,True,True,True,True,True,True,True,True,True,IREN,True
True,True,True,True,True,True,True,True,True,True,True,IRIX,True
True,True,True,True,True,True,True,True,True,True,True,IRM,True
True,True,True,True,True,True,True,True,True,True,True,IRMD,True
True,True,True,True,True,True,True,True,True,True,True,IRON,True
True,True,True,True,True,True,True,True,True,True,True,IROQ,True
True,True,True,True,True,True,True,True,True,True,True,IRS,True
True,True,True,True,True,True,True,True,True,True,True,IRT,True
True,True,True,True,True,True,True,True,True,True,True,IRTC,True
True,True,True,True,True,True,True,True,True,True,True,IRWD,True
True,True,True,True,True,True,True,True,True,True,True,ISBA,True
True,True,True,True,True,True,True,True,True,True,True,ISD,True
True,True,True,True,True,True,True,True,True,True,True,ISOU,True
True,True,True,True,True,True,True,True,True,True,True,ISPC,True
True,True,True,True,True,True,True,True,True,True,True,ISPO,True
True,True,True,True,True,True,True,True,True,True,True,ISPOW,True
True,True,True,True,True,True,True,True,True,True,True,ISRG,True
True,True,True,True,True,True,True,True,True,True,True,ISSC,True
True,True,True,True,True,True,True,True,True,True,True,ISTR,True
True,True,True,True,True,True,True,True,True,True,True,IT,True
True,True,True,True,True,True,True,True,True,True,True,ITGR,True
True,True,True,True,True,True,True,True,True,True,True,ITIC,True
True,True,True,True,True,True,True,True,True,True,True,ITOS,True
True,True,True,True,True,True,True,True,True,True,True,ITP,True
True,True,True,True,True,True,True,True,True,True,True,ITRG,True
True,True,True,True,True,True,True,True,True,True,True,ITRI,True
True,True,True,True,True,True,True,True,True,True,True,ITRM,True
True,True,True,True,True,True,True,True,True,True,True,ITRN,True
True,True,True,True,True,True,True,True,True,True,True,ITT,True
True,True,True,True,True,True,True,True,True,True,True,ITUB,True
True,True,True,True,True,True,True,True,True,True,True,ITW,True
True,True,True,True,True,True,True,True,True,True,True,IVA,True
True,True,True,True,True,True,True,True,True,True,True,IVDA,True
True,True,True,True,True,True,True,True,True,True,True,IVF,True
True,True,True,True,True,True,True,True,True,True,True,IVR,True
True,True,True,True,True,True,True,True,True,True,True,IVT,True
True,True,True,True,True,True,True,True,True,True,True,IVVD,True
True,True,True,True,True,True,True,True,True,True,True,IVZ,True
True,True,True,True,True,True,True,True,True,True,True,IX,True
True,True,True,True,True,True,True,True,True,True,True,IXHL,True
True,True,True,True,True,True,True,True,True,True,True,IZEA,True
True,True,True,True,True,True,True,True,True,True,True,J,True
True,True,True,True,True,True,True,True,True,True,True,JACK,True
True,True,True,True,True,True,True,True,True,True,True,JAGX,True
True,True,True,True,True,True,True,True,True,True,True,JAKK,True
True,True,True,True,True,True,True,True,True,True,True,JAMF,True
True,True,True,True,True,True,True,True,True,True,True,JANX,True
True,True,True,True,True,True,True,True,True,True,True,JAZZ,True
True,True,True,True,True,True,True,True,True,True,True,JBGS,True
True,True,True,True,True,True,True,True,True,True,True,JBHT,True
True,True,True,True,True,True,True,True,True,True,True,JBI,True
True,True,True,True,True,True,True,True,True,True,True,JBIO,True
True,True,True,True,True,True,True,True,True,True,True,JBK,True
True,True,True,True,True,True,True,True,True,True,True,JBL,True
True,True,True,True,True,True,True,True,True,True,True,JBLU,True
True,True,True,True,True,True,True,True,True,True,True,JBSS,True
True,True,True,True,True,True,True,True,True,True,True,JBTM,True
True,True,True,True,True,True,True,True,True,True,True,JCE,True
True,True,True,True,True,True,True,True,True,True,True,JCI,True
True,True,True,True,True,True,True,True,True,True,True,JCTC,True
True,True,True,True,True,True,True,True,True,True,True,JD,True
True,True,True,True,True,True,True,True,True,True,True,JEF,True
True,True,True,True,True,True,True,True,True,True,True,JELD,True
True,True,True,True,True,True,True,True,True,True,True,JEQ,True
True,True,True,True,True,True,True,True,True,True,True,JFIN,True
True,True,True,True,True,True,True,True,True,True,True,JFR,True
True,True,True,True,True,True,True,True,True,True,True,JFU,True
True,True,True,True,True,True,True,True,True,True,True,JG,True
True,True,True,True,True,True,True,True,True,True,True,JGH,True
True,True,True,True,True,True,True,True,True,True,True,JHG,True
True,True,True,True,True,True,True,True,True,True,True,JHI,True
True,True,True,True,True,True,True,True,True,True,True,JHS,True
True,True,True,True,True,True,True,True,True,True,True,JHX,True
True,True,True,True,True,True,True,True,True,True,True,JILL,True
True,True,True,True,True,True,True,True,True,True,True,JJSF,True
True,True,True,True,True,True,True,True,True,True,True,JKHY,True
True,True,True,True,True,True,True,True,True,True,True,JKS,True
True,True,True,True,True,True,True,True,True,True,True,JLL,True
True,True,True,True,True,True,True,True,True,True,True,JLS,True
True,True,True,True,True,True,True,True,True,True,True,JMIA,True
True,True,True,True,True,True,True,True,True,True,True,JMM,True
True,True,True,True,True,True,True,True,True,True,True,JMSB,True
True,True,True,True,True,True,True,True,True,True,True,JNJ,True
True,True,True,True,True,True,True,True,True,True,True,JNPR,True
True,True,True,True,True,True,True,True,True,True,True,JOB,True
True,True,True,True,True,True,True,True,True,True,True,JOBY,True
True,True,True,True,True,True,True,True,True,True,True,JOE,True
True,True,True,True,True,True,True,True,True,True,True,JOF,True
True,True,True,True,True,True,True,True,True,True,True,JOUT,True
True,True,True,True,True,True,True,True,True,True,True,JOYY,True
True,True,True,True,True,True,True,True,True,True,True,JPC,True
True,True,True,True,True,True,True,True,True,True,True,JPI,True
True,True,True,True,True,True,True,True,True,True,True,JPM,True
True,True,True,True,True,True,True,True,True,True,True,JQC,True
True,True,True,True,True,True,True,True,True,True,True,JRI,True
True,True,True,True,True,True,True,True,True,True,True,JRS,True
True,True,True,True,True,True,True,True,True,True,True,JRSH,True
True,True,True,True,True,True,True,True,True,True,True,JRVR,True
True,True,True,True,True,True,True,True,True,True,True,JSM,True
True,True,True,True,True,True,True,True,True,True,True,JSPR,True
True,True,True,True,True,True,True,True,True,True,True,JTAI,True
True,True,True,True,True,True,True,True,True,True,True,JVA,True
True,True,True,True,True,True,True,True,True,True,True,JWEL,True
True,True,True,True,True,True,True,True,True,True,True,JXG,True
True,True,True,True,True,True,True,True,True,True,True,JXN,True
True,True,True,True,True,True,True,True,True,True,True,JYNT,True
True,True,True,True,True,True,True,True,True,True,True,JZXN,True
True,True,True,True,True,True,True,True,True,True,True,K,True
True,True,True,True,True,True,True,True,True,True,True,KAI,True
True,True,True,True,True,True,True,True,True,True,True,KALA,True
True,True,True,True,True,True,True,True,True,True,True,KALU,True
True,True,True,True,True,True,True,True,True,True,True,KALV,True
True,True,True,True,True,True,True,True,True,True,True,KAR,True
True,True,True,True,True,True,True,True,True,True,True,KARO,True
True,True,True,True,True,True,True,True,True,True,True,KAVL,True
True,True,True,True,True,True,True,True,True,True,True,KB,True
True,True,True,True,True,True,True,True,True,True,True,KBH,True
True,True,True,True,True,True,True,True,True,True,True,KBR,True
True,True,True,True,True,True,True,True,True,True,True,KC,True
True,True,True,True,True,True,True,True,True,True,True,KD,True
True,True,True,True,True,True,True,True,True,True,True,KDP,True
True,True,True,True,True,True,True,True,True,True,True,KE,True
True,True,True,True,True,True,True,True,True,True,True,KELYA,True
True,True,True,True,True,True,True,True,True,True,True,KELYB,True
True,True,True,True,True,True,True,True,True,True,True,KEN,True
True,True,True,True,True,True,True,True,True,True,True,KEP,True
True,True,True,True,True,True,True,True,True,True,True,KEQU,True
True,True,True,True,True,True,True,True,True,True,True,KEX,True
True,True,True,True,True,True,True,True,True,True,True,KEY,True
True,True,True,True,True,True,True,True,True,True,True,KEYS,True
True,True,True,True,True,True,True,True,True,True,True,KF,True
True,True,True,True,True,True,True,True,True,True,True,KFFB,True
True,True,True,True,True,True,True,True,True,True,True,KFRC,True
True,True,True,True,True,True,True,True,True,True,True,KFS,True
True,True,True,True,True,True,True,True,True,True,True,KFY,True
True,True,True,True,True,True,True,True,True,True,True,KG,True
True,True,True,True,True,True,True,True,True,True,True,KGC,True
True,True,True,True,True,True,True,True,True,True,True,KGEI,True
True,True,True,True,True,True,True,True,True,True,True,KHC,True
True,True,True,True,True,True,True,True,True,True,True,KIDS,True
True,True,True,True,True,True,True,True,True,True,True,KIM,True
True,True,True,True,True,True,True,True,True,True,True,KIND,True
True,True,True,True,True,True,True,True,True,True,True,KINS,True
True,True,True,True,True,True,True,True,True,True,True,KIO,True
True,True,True,True,True,True,True,True,True,True,True,KIRK,True
True,True,True,True,True,True,True,True,True,True,True,KITT,True
True,True,True,True,True,True,True,True,True,True,True,KKR,True
True,True,True,True,True,True,True,True,True,True,True,KKRS,True
True,True,True,True,True,True,True,True,True,True,True,KLAC,True
True,True,True,True,True,True,True,True,True,True,True,KLIC,True
True,True,True,True,True,True,True,True,True,True,True,KLRS,True
True,True,True,True,True,True,True,True,True,True,True,KLTR,True
True,True,True,True,True,True,True,True,True,True,True,KLXE,True
True,True,True,True,True,True,True,True,True,True,True,KMB,True
True,True,True,True,True,True,True,True,True,True,True,KMDA,True
True,True,True,True,True,True,True,True,True,True,True,KMI,True
True,True,True,True,True,True,True,True,True,True,True,KMPR,True
True,True,True,True,True,True,True,True,True,True,True,KMT,True
True,True,True,True,True,True,True,True,True,True,True,KMX,True
True,True,True,True,True,True,True,True,True,True,True,KN,True
True,True,True,True,True,True,True,True,True,True,True,KNDI,True
True,True,True,True,True,True,True,True,True,True,True,KNOP,True
True,True,True,True,True,True,True,True,True,True,True,KNSA,True
True,True,True,True,True,True,True,True,True,True,True,KNSL,True
True,True,True,True,True,True,True,True,True,True,True,KNTK,True
True,True,True,True,True,True,True,True,True,True,True,KNW,True
True,True,True,True,True,True,True,True,True,True,True,KNX,True
True,True,True,True,True,True,True,True,True,True,True,KO,True
True,True,True,True,True,True,True,True,True,True,True,KOD,True
True,True,True,True,True,True,True,True,True,True,True,KODK,True
True,True,True,True,True,True,True,True,True,True,True,KOF,True
True,True,True,True,True,True,True,True,True,True,True,KOP,True
True,True,True,True,True,True,True,True,True,True,True,KOPN,True
True,True,True,True,True,True,True,True,True,True,True,KORE,True
True,True,True,True,True,True,True,True,True,True,True,KOS,True
True,True,True,True,True,True,True,True,True,True,True,KOSS,True
True,True,True,True,True,True,True,True,True,True,True,KPLT,True
True,True,True,True,True,True,True,True,True,True,True,KPRX,True
True,True,True,True,True,True,True,True,True,True,True,KPTI,True
True,True,True,True,True,True,True,True,True,True,True,KR,True
True,True,True,True,True,True,True,True,True,True,True,KRC,True
True,True,True,True,True,True,True,True,True,True,True,KREF,True
True,True,True,True,True,True,True,True,True,True,True,KRG,True
True,True,True,True,True,True,True,True,True,True,True,KRKR,True
True,True,True,True,True,True,True,True,True,True,True,KRMD,True
True,True,True,True,True,True,True,True,True,True,True,KRNT,True
True,True,True,True,True,True,True,True,True,True,True,KRNY,True
True,True,True,True,True,True,True,True,True,True,True,KRO,True
True,True,True,True,True,True,True,True,True,True,True,KROS,True
True,True,True,True,True,True,True,True,True,True,True,KRP,True
True,True,True,True,True,True,True,True,True,True,True,KRRO,True
True,True,True,True,True,True,True,True,True,True,True,KRT,True
True,True,True,True,True,True,True,True,True,True,True,KRUS,True
True,True,True,True,True,True,True,True,True,True,True,KRYS,True
True,True,True,True,True,True,True,True,True,True,True,KSCP,True
True,True,True,True,True,True,True,True,True,True,True,KSS,True
True,True,True,True,True,True,True,True,True,True,True,KT,True
True,True,True,True,True,True,True,True,True,True,True,KTB,True
True,True,True,True,True,True,True,True,True,True,True,KTCC,True
True,True,True,True,True,True,True,True,True,True,True,KTF,True
True,True,True,True,True,True,True,True,True,True,True,KTH,True
True,True,True,True,True,True,True,True,True,True,True,KTN,True
True,True,True,True,True,True,True,True,True,True,True,KTOS,True
True,True,True,True,True,True,True,True,True,True,True,KTTA,True
True,True,True,True,True,True,True,True,True,True,True,KUKE,True
True,True,True,True,True,True,True,True,True,True,True,KULR,True
True,True,True,True,True,True,True,True,True,True,True,KURA,True
True,True,True,True,True,True,True,True,True,True,True,KVHI,True
True,True,True,True,True,True,True,True,True,True,True,KW,True
True,True,True,True,True,True,True,True,True,True,True,KWR,True
True,True,True,True,True,True,True,True,True,True,True,KXIN,True
True,True,True,True,True,True,True,True,True,True,True,KYMR,True
True,True,True,True,True,True,True,True,True,True,True,KYN,True
True,True,True,True,True,True,True,True,True,True,True,KZIA,True
True,True,True,True,True,True,True,True,True,True,True,KZR,True
True,True,True,True,True,True,True,True,True,True,True,L,True
True,True,True,True,True,True,True,True,True,True,True,LAB,True
True,True,True,True,True,True,True,True,True,True,True,LAD,True
True,True,True,True,True,True,True,True,True,True,True,LADR,True
True,True,True,True,True,True,True,True,True,True,True,LAKE,True
True,True,True,True,True,True,True,True,True,True,True,LAMR,True
True,True,True,True,True,True,True,True,True,True,True,LANC,True
True,True,True,True,True,True,True,True,True,True,True,LAND,True
True,True,True,True,True,True,True,True,True,True,True,LANDM,True
True,True,True,True,True,True,True,True,True,True,True,LANDO,True
True,True,True,True,True,True,True,True,True,True,True,LANV,True
True,True,True,True,True,True,True,True,True,True,True,LAR,True
True,True,True,True,True,True,True,True,True,True,True,LARK,True
True,True,True,True,True,True,True,True,True,True,True,LASR,True
True,True,True,True,True,True,True,True,True,True,True,LAUR,True
True,True,True,True,True,True,True,True,True,True,True,LAW,True
True,True,True,True,True,True,True,True,True,True,True,LAZ,True
True,True,True,True,True,True,True,True,True,True,True,LAZR,True
True,True,True,True,True,True,True,True,True,True,True,LBRDA,True
True,True,True,True,True,True,True,True,True,True,True,LBRDK,True
True,True,True,True,True,True,True,True,True,True,True,LBRDP,True
True,True,True,True,True,True,True,True,True,True,True,LBRT,True
True,True,True,True,True,True,True,True,True,True,True,LBTYA,True
True,True,True,True,True,True,True,True,True,True,True,LBTYB,True
True,True,True,True,True,True,True,True,True,True,True,LBTYK,True
True,True,True,True,True,True,True,True,True,True,True,LC,True
True,True,True,True,True,True,True,True,True,True,True,LCID,True
True,True,True,True,True,True,True,True,True,True,True,LCII,True
True,True,True,True,True,True,True,True,True,True,True,LCNB,True
True,True,True,True,True,True,True,True,True,True,True,LCTX,True
True,True,True,True,True,True,True,True,True,True,True,LCUT,True
True,True,True,True,True,True,True,True,True,True,True,LDI,True
True,True,True,True,True,True,True,True,True,True,True,LDOS,True
True,True,True,True,True,True,True,True,True,True,True,LDP,True
True,True,True,True,True,True,True,True,True,True,True,LDWY,True
True,True,True,True,True,True,True,True,True,True,True,LE,True
True,True,True,True,True,True,True,True,True,True,True,LEA,True
True,True,True,True,True,True,True,True,True,True,True,LECO,True
True,True,True,True,True,True,True,True,True,True,True,LEDS,True
True,True,True,True,True,True,True,True,True,True,True,LEE,True
True,True,True,True,True,True,True,True,True,True,True,LEG,True
True,True,True,True,True,True,True,True,True,True,True,LEGH,True
True,True,True,True,True,True,True,True,True,True,True,LEGN,True
True,True,True,True,True,True,True,True,True,True,True,LEN,True
True,True,True,True,True,True,True,True,True,True,True,LENZ,True
True,True,True,True,True,True,True,True,True,True,True,LEO,True
True,True,True,True,True,True,True,True,True,True,True,LESL,True
True,True,True,True,True,True,True,True,True,True,True,LEU,True
True,True,True,True,True,True,True,True,True,True,True,LEVI,True
True,True,True,True,True,True,True,True,True,True,True,LEXX,True
True,True,True,True,True,True,True,True,True,True,True,LFCR,True
True,True,True,True,True,True,True,True,True,True,True,LFMD,True
True,True,True,True,True,True,True,True,True,True,True,LFMDP,True
True,True,True,True,True,True,True,True,True,True,True,LFST,True
True,True,True,True,True,True,True,True,True,True,True,LFT,True
True,True,True,True,True,True,True,True,True,True,True,LFUS,True
True,True,True,True,True,True,True,True,True,True,True,LFVN,True
True,True,True,True,True,True,True,True,True,True,True,LFWD,True
True,True,True,True,True,True,True,True,True,True,True,LGHL,True
True,True,True,True,True,True,True,True,True,True,True,LGI,True
True,True,True,True,True,True,True,True,True,True,True,LGIH,True
True,True,True,True,True,True,True,True,True,True,True,LGL,True
True,True,True,True,True,True,True,True,True,True,True,LGND,True
True,True,True,True,True,True,True,True,True,True,True,LGO,True
True,True,True,True,True,True,True,True,True,True,True,LGVN,True
True,True,True,True,True,True,True,True,True,True,True,LH,True
True,True,True,True,True,True,True,True,True,True,True,LHX,True
True,True,True,True,True,True,True,True,True,True,True,LI,True
True,True,True,True,True,True,True,True,True,True,True,LIDR,True
True,True,True,True,True,True,True,True,True,True,True,LIDRW,True
True,True,True,True,True,True,True,True,True,True,True,LIEN,True
True,True,True,True,True,True,True,True,True,True,True,LII,True
True,True,True,True,True,True,True,True,True,True,True,LILA,True
True,True,True,True,True,True,True,True,True,True,True,LILAK,True
True,True,True,True,True,True,True,True,True,True,True,LIN,True
True,True,True,True,True,True,True,True,True,True,True,LINC,True
True,True,True,True,True,True,True,True,True,True,True,LIND,True
True,True,True,True,True,True,True,True,True,True,True,LINK,True
True,True,True,True,True,True,True,True,True,True,True,LION,True
True,True,True,True,True,True,True,True,True,True,True,LIQT,True
True,True,True,True,True,True,True,True,True,True,True,LITB,True
True,True,True,True,True,True,True,True,True,True,True,LITE,True
True,True,True,True,True,True,True,True,True,True,True,LITM,True
True,True,True,True,True,True,True,True,True,True,True,LIVE,True
True,True,True,True,True,True,True,True,True,True,True,LIVN,True
True,True,True,True,True,True,True,True,True,True,True,LIXT,True
True,True,True,True,True,True,True,True,True,True,True,LIXTW,True
True,True,True,True,True,True,True,True,True,True,True,LKFN,True
True,True,True,True,True,True,True,True,True,True,True,LKQ,True
True,True,True,True,True,True,True,True,True,True,True,LLY,True
True,True,True,True,True,True,True,True,True,True,True,LMAT,True
True,True,True,True,True,True,True,True,True,True,True,LMB,True
True,True,True,True,True,True,True,True,True,True,True,LMFA,True
True,True,True,True,True,True,True,True,True,True,True,LMND,True
True,True,True,True,True,True,True,True,True,True,True,LMNR,True
True,True,True,True,True,True,True,True,True,True,True,LMT,True
True,True,True,True,True,True,True,True,True,True,True,LNC,True
True,True,True,True,True,True,True,True,True,True,True,LND,True
True,True,True,True,True,True,True,True,True,True,True,LNG,True
True,True,True,True,True,True,True,True,True,True,True,LNN,True
True,True,True,True,True,True,True,True,True,True,True,LNSR,True
True,True,True,True,True,True,True,True,True,True,True,LNT,True
True,True,True,True,True,True,True,True,True,True,True,LNTH,True
True,True,True,True,True,True,True,True,True,True,True,LNW,True
True,True,True,True,True,True,True,True,True,True,True,LNZA,True
True,True,True,True,True,True,True,True,True,True,True,LOAN,True
True,True,True,True,True,True,True,True,True,True,True,LOB,True
True,True,True,True,True,True,True,True,True,True,True,LOCL,True
True,True,True,True,True,True,True,True,True,True,True,LOCO,True
True,True,True,True,True,True,True,True,True,True,True,LODE,True
True,True,True,True,True,True,True,True,True,True,True,LOGI,True
True,True,True,True,True,True,True,True,True,True,True,LOMA,True
True,True,True,True,True,True,True,True,True,True,True,LOOP,True
True,True,True,True,True,True,True,True,True,True,True,LOPE,True
True,True,True,True,True,True,True,True,True,True,True,LOT,True
True,True,True,True,True,True,True,True,True,True,True,LOVE,True
True,True,True,True,True,True,True,True,True,True,True,LOW,True
True,True,True,True,True,True,True,True,True,True,True,LPCN,True
True,True,True,True,True,True,True,True,True,True,True,LPG,True
True,True,True,True,True,True,True,True,True,True,True,LPL,True
True,True,True,True,True,True,True,True,True,True,True,LPLA,True
True,True,True,True,True,True,True,True,True,True,True,LPRO,True
True,True,True,True,True,True,True,True,True,True,True,LPSN,True
True,True,True,True,True,True,True,True,True,True,True,LPTH,True
True,True,True,True,True,True,True,True,True,True,True,LPTX,True
True,True,True,True,True,True,True,True,True,True,True,LPX,True
True,True,True,True,True,True,True,True,True,True,True,LQDA,True
True,True,True,True,True,True,True,True,True,True,True,LQDT,True
True,True,True,True,True,True,True,True,True,True,True,LRCX,True
True,True,True,True,True,True,True,True,True,True,True,LRFC,True
True,True,True,True,True,True,True,True,True,True,True,LRMR,True
True,True,True,True,True,True,True,True,True,True,True,LRN,True
True,True,True,True,True,True,True,True,True,True,True,LSAK,True
True,True,True,True,True,True,True,True,True,True,True,LSB,True
True,True,True,True,True,True,True,True,True,True,True,LSBK,True
True,True,True,True,True,True,True,True,True,True,True,LSCC,True
True,True,True,True,True,True,True,True,True,True,True,LSF,True
True,True,True,True,True,True,True,True,True,True,True,LSPD,True
True,True,True,True,True,True,True,True,True,True,True,LSTA,True
True,True,True,True,True,True,True,True,True,True,True,LSTR,True
True,True,True,True,True,True,True,True,True,True,True,LTBR,True
True,True,True,True,True,True,True,True,True,True,True,LTC,True
True,True,True,True,True,True,True,True,True,True,True,LTH,True
True,True,True,True,True,True,True,True,True,True,True,LTRN,True
True,True,True,True,True,True,True,True,True,True,True,LTRX,True
True,True,True,True,True,True,True,True,True,True,True,LU,True
True,True,True,True,True,True,True,True,True,True,True,LUCD,True
True,True,True,True,True,True,True,True,True,True,True,LUCK,True
True,True,True,True,True,True,True,True,True,True,True,LULU,True
True,True,True,True,True,True,True,True,True,True,True,LUMN,True
True,True,True,True,True,True,True,True,True,True,True,LUNG,True
True,True,True,True,True,True,True,True,True,True,True,LUNR,True
True,True,True,True,True,True,True,True,True,True,True,LUV,True
True,True,True,True,True,True,True,True,True,True,True,LUXE,True
True,True,True,True,True,True,True,True,True,True,True,LVLU,True
True,True,True,True,True,True,True,True,True,True,True,LVO,True
True,True,True,True,True,True,True,True,True,True,True,LVRO,True
True,True,True,True,True,True,True,True,True,True,True,LVS,True
True,True,True,True,True,True,True,True,True,True,True,LVTX,True
True,True,True,True,True,True,True,True,True,True,True,LVWR,True
True,True,True,True,True,True,True,True,True,True,True,LW,True
True,True,True,True,True,True,True,True,True,True,True,LWAY,True
True,True,True,True,True,True,True,True,True,True,True,LWLG,True
True,True,True,True,True,True,True,True,True,True,True,LX,True
True,True,True,True,True,True,True,True,True,True,True,LXEH,True
True,True,True,True,True,True,True,True,True,True,True,LXFR,True
True,True,True,True,True,True,True,True,True,True,True,LXP,True
True,True,True,True,True,True,True,True,True,True,True,LXRX,True
True,True,True,True,True,True,True,True,True,True,True,LXU,True
True,True,True,True,True,True,True,True,True,True,True,LYB,True
True,True,True,True,True,True,True,True,True,True,True,LYEL,True
True,True,True,True,True,True,True,True,True,True,True,LYFT,True
True,True,True,True,True,True,True,True,True,True,True,LYG,True
True,True,True,True,True,True,True,True,True,True,True,LYRA,True
True,True,True,True,True,True,True,True,True,True,True,LYTS,True
True,True,True,True,True,True,True,True,True,True,True,LYV,True
True,True,True,True,True,True,True,True,True,True,True,LZ,True
True,True,True,True,True,True,True,True,True,True,True,LZB,True
True,True,True,True,True,True,True,True,True,True,True,LZM,True
True,True,True,True,True,True,True,True,True,True,True,M,True
True,True,True,True,True,True,True,True,True,True,True,MA,True
True,True,True,True,True,True,True,True,True,True,True,MAA,True
True,True,True,True,True,True,True,True,True,True,True,MAAS,True
True,True,True,True,True,True,True,True,True,True,True,MAC,True
True,True,True,True,True,True,True,True,True,True,True,MAG,True
True,True,True,True,True,True,True,True,True,True,True,MAGN,True
True,True,True,True,True,True,True,True,True,True,True,MAIN,True
True,True,True,True,True,True,True,True,True,True,True,MAMA,True
True,True,True,True,True,True,True,True,True,True,True,MAN,True
True,True,True,True,True,True,True,True,True,True,True,MANH,True
True,True,True,True,True,True,True,True,True,True,True,MANU,True
True,True,True,True,True,True,True,True,True,True,True,MAPS,True
True,True,True,True,True,True,True,True,True,True,True,MAR,True
True,True,True,True,True,True,True,True,True,True,True,MARA,True
True,True,True,True,True,True,True,True,True,True,True,MARPS,True
True,True,True,True,True,True,True,True,True,True,True,MAS,True
True,True,True,True,True,True,True,True,True,True,True,MASI,True
True,True,True,True,True,True,True,True,True,True,True,MASS,True
True,True,True,True,True,True,True,True,True,True,True,MAT,True
True,True,True,True,True,True,True,True,True,True,True,MATH,True
True,True,True,True,True,True,True,True,True,True,True,MATV,True
True,True,True,True,True,True,True,True,True,True,True,MATW,True
True,True,True,True,True,True,True,True,True,True,True,MATX,True
True,True,True,True,True,True,True,True,True,True,True,MAV,True
True,True,True,True,True,True,True,True,True,True,True,MAX,True
True,True,True,True,True,True,True,True,True,True,True,MAXN,True
True,True,True,True,True,True,True,True,True,True,True,MAYS,True
True,True,True,True,True,True,True,True,True,True,True,MBBC,True
True,True,True,True,True,True,True,True,True,True,True,MBCN,True
True,True,True,True,True,True,True,True,True,True,True,MBI,True
True,True,True,True,True,True,True,True,True,True,True,MBIN,True
True,True,True,True,True,True,True,True,True,True,True,MBINN,True
True,True,True,True,True,True,True,True,True,True,True,MBIO,True
True,True,True,True,True,True,True,True,True,True,True,MBNKP,True
True,True,True,True,True,True,True,True,True,True,True,MBOT,True
True,True,True,True,True,True,True,True,True,True,True,MBRX,True
True,True,True,True,True,True,True,True,True,True,True,MBUU,True
True,True,True,True,True,True,True,True,True,True,True,MBWM,True
True,True,True,True,True,True,True,True,True,True,True,MC,True
True,True,True,True,True,True,True,True,True,True,True,MCB,True
True,True,True,True,True,True,True,True,True,True,True,MCBS,True
True,True,True,True,True,True,True,True,True,True,True,MCD,True
True,True,True,True,True,True,True,True,True,True,True,MCFT,True
True,True,True,True,True,True,True,True,True,True,True,MCHP,True
True,True,True,True,True,True,True,True,True,True,True,MCHX,True
True,True,True,True,True,True,True,True,True,True,True,MCI,True
True,True,True,True,True,True,True,True,True,True,True,MCK,True
True,True,True,True,True,True,True,True,True,True,True,MCN,True
True,True,True,True,True,True,True,True,True,True,True,MCO,True
True,True,True,True,True,True,True,True,True,True,True,MCR,True
True,True,True,True,True,True,True,True,True,True,True,MCRB,True
True,True,True,True,True,True,True,True,True,True,True,MCRI,True
True,True,True,True,True,True,True,True,True,True,True,MCS,True
True,True,True,True,True,True,True,True,True,True,True,MCVT,True
True,True,True,True,True,True,True,True,True,True,True,MCW,True
True,True,True,True,True,True,True,True,True,True,True,MCY,True
True,True,True,True,True,True,True,True,True,True,True,MD,True
True,True,True,True,True,True,True,True,True,True,True,MDAI,True
True,True,True,True,True,True,True,True,True,True,True,MDB,True
True,True,True,True,True,True,True,True,True,True,True,MDGL,True
True,True,True,True,True,True,True,True,True,True,True,MDIA,True
True,True,True,True,True,True,True,True,True,True,True,MDLZ,True
True,True,True,True,True,True,True,True,True,True,True,MDRR,True
True,True,True,True,True,True,True,True,True,True,True,MDT,True
True,True,True,True,True,True,True,True,True,True,True,MDU,True
True,True,True,True,True,True,True,True,True,True,True,MDV,True
True,True,True,True,True,True,True,True,True,True,True,MDWD,True
True,True,True,True,True,True,True,True,True,True,True,MDXG,True
True,True,True,True,True,True,True,True,True,True,True,MDXH,True
True,True,True,True,True,True,True,True,True,True,True,MEC,True
True,True,True,True,True,True,True,True,True,True,True,MED,True
True,True,True,True,True,True,True,True,True,True,True,MEDP,True
True,True,True,True,True,True,True,True,True,True,True,MEG,True
True,True,True,True,True,True,True,True,True,True,True,MEGI,True
True,True,True,True,True,True,True,True,True,True,True,MEI,True
True,True,True,True,True,True,True,True,True,True,True,MEIP,True
True,True,True,True,True,True,True,True,True,True,True,MELI,True
True,True,True,True,True,True,True,True,True,True,True,MEOH,True
True,True,True,True,True,True,True,True,True,True,True,MERC,True
True,True,True,True,True,True,True,True,True,True,True,MESA,True
True,True,True,True,True,True,True,True,True,True,True,MESO,True
True,True,True,True,True,True,True,True,True,True,True,MET,True
True,True,True,True,True,True,True,True,True,True,True,META,True
True,True,True,True,True,True,True,True,True,True,True,METC,True
True,True,True,True,True,True,True,True,True,True,True,METCL,True
True,True,True,True,True,True,True,True,True,True,True,MFA,True
True,True,True,True,True,True,True,True,True,True,True,MFC,True
True,True,True,True,True,True,True,True,True,True,True,MFG,True
True,True,True,True,True,True,True,True,True,True,True,MFH,True
True,True,True,True,True,True,True,True,True,True,True,MFIC,True
True,True,True,True,True,True,True,True,True,True,True,MFIN,True
True,True,True,True,True,True,True,True,True,True,True,MFM,True
True,True,True,True,True,True,True,True,True,True,True,MG,True
True,True,True,True,True,True,True,True,True,True,True,MGA,True
True,True,True,True,True,True,True,True,True,True,True,MGEE,True
True,True,True,True,True,True,True,True,True,True,True,MGF,True
True,True,True,True,True,True,True,True,True,True,True,MGIC,True
True,True,True,True,True,True,True,True,True,True,True,MGM,True
True,True,True,True,True,True,True,True,True,True,True,MGNI,True
True,True,True,True,True,True,True,True,True,True,True,MGNX,True
True,True,True,True,True,True,True,True,True,True,True,MGPI,True
True,True,True,True,True,True,True,True,True,True,True,MGR,True
True,True,True,True,True,True,True,True,True,True,True,MGRB,True
True,True,True,True,True,True,True,True,True,True,True,MGRC,True
True,True,True,True,True,True,True,True,True,True,True,MGRD,True
True,True,True,True,True,True,True,True,True,True,True,MGTX,True
True,True,True,True,True,True,True,True,True,True,True,MGY,True
True,True,True,True,True,True,True,True,True,True,True,MGYR,True
True,True,True,True,True,True,True,True,True,True,True,MHD,True
True,True,True,True,True,True,True,True,True,True,True,MHF,True
True,True,True,True,True,True,True,True,True,True,True,MHH,True
True,True,True,True,True,True,True,True,True,True,True,MHI,True
True,True,True,True,True,True,True,True,True,True,True,MHK,True
True,True,True,True,True,True,True,True,True,True,True,MHLA,True
True,True,True,True,True,True,True,True,True,True,True,MHN,True
True,True,True,True,True,True,True,True,True,True,True,MHNC,True
True,True,True,True,True,True,True,True,True,True,True,MHO,True
True,True,True,True,True,True,True,True,True,True,True,MHUA,True
True,True,True,True,True,True,True,True,True,True,True,MI,True
True,True,True,True,True,True,True,True,True,True,True,MIDD,True
True,True,True,True,True,True,True,True,True,True,True,MIGI,True
True,True,True,True,True,True,True,True,True,True,True,MIN,True
True,True,True,True,True,True,True,True,True,True,True,MIND,True
True,True,True,True,True,True,True,True,True,True,True,MINM,True
True,True,True,True,True,True,True,True,True,True,True,MIO,True
True,True,True,True,True,True,True,True,True,True,True,MIR,True
True,True,True,True,True,True,True,True,True,True,True,MIRM,True
True,True,True,True,True,True,True,True,True,True,True,MIST,True
True,True,True,True,True,True,True,True,True,True,True,MITK,True
True,True,True,True,True,True,True,True,True,True,True,MITQ,True
True,True,True,True,True,True,True,True,True,True,True,MITT,True
True,True,True,True,True,True,True,True,True,True,True,MIY,True
True,True,True,True,True,True,True,True,True,True,True,MKC,True
True,True,True,True,True,True,True,True,True,True,True,MKL,True
True,True,True,True,True,True,True,True,True,True,True,MKSI,True
True,True,True,True,True,True,True,True,True,True,True,MKTW,True
True,True,True,True,True,True,True,True,True,True,True,MKTX,True
True,True,True,True,True,True,True,True,True,True,True,MLAB,True
True,True,True,True,True,True,True,True,True,True,True,MLCO,True
True,True,True,True,True,True,True,True,True,True,True,MLEC,True
True,True,True,True,True,True,True,True,True,True,True,MLGO,True
True,True,True,True,True,True,True,True,True,True,True,MLI,True
True,True,True,True,True,True,True,True,True,True,True,MLKN,True
True,True,True,True,True,True,True,True,True,True,True,MLM,True
True,True,True,True,True,True,True,True,True,True,True,MLNK,True
True,True,True,True,True,True,True,True,True,True,True,MLP,True
True,True,True,True,True,True,True,True,True,True,True,MLR,True
True,True,True,True,True,True,True,True,True,True,True,MLSS,True
True,True,True,True,True,True,True,True,True,True,True,MLTX,True
True,True,True,True,True,True,True,True,True,True,True,MMC,True
True,True,True,True,True,True,True,True,True,True,True,MMD,True
True,True,True,True,True,True,True,True,True,True,True,MMI,True
True,True,True,True,True,True,True,True,True,True,True,MMLP,True
True,True,True,True,True,True,True,True,True,True,True,MMM,True
True,True,True,True,True,True,True,True,True,True,True,MMS,True
True,True,True,True,True,True,True,True,True,True,True,MMSI,True
True,True,True,True,True,True,True,True,True,True,True,MMT,True
True,True,True,True,True,True,True,True,True,True,True,MMU,True
True,True,True,True,True,True,True,True,True,True,True,MMYT,True
True,True,True,True,True,True,True,True,True,True,True,MNDO,True
True,True,True,True,True,True,True,True,True,True,True,MNDY,True
True,True,True,True,True,True,True,True,True,True,True,MNKD,True
True,True,True,True,True,True,True,True,True,True,True,MNMD,True
True,True,True,True,True,True,True,True,True,True,True,MNOV,True
True,True,True,True,True,True,True,True,True,True,True,MNPR,True
True,True,True,True,True,True,True,True,True,True,True,MNRO,True
True,True,True,True,True,True,True,True,True,True,True,MNSB,True
True,True,True,True,True,True,True,True,True,True,True,MNSBP,True
True,True,True,True,True,True,True,True,True,True,True,MNSO,True
True,True,True,True,True,True,True,True,True,True,True,MNST,True
True,True,True,True,True,True,True,True,True,True,True,MNTK,True
True,True,True,True,True,True,True,True,True,True,True,MNTS,True
True,True,True,True,True,True,True,True,True,True,True,MNY,True
True,True,True,True,True,True,True,True,True,True,True,MNYWW,True
True,True,True,True,True,True,True,True,True,True,True,MO,True
True,True,True,True,True,True,True,True,True,True,True,MOBX,True
True,True,True,True,True,True,True,True,True,True,True,MOD,True
True,True,True,True,True,True,True,True,True,True,True,MODD,True
True,True,True,True,True,True,True,True,True,True,True,MODG,True
True,True,True,True,True,True,True,True,True,True,True,MODV,True
True,True,True,True,True,True,True,True,True,True,True,MOFG,True
True,True,True,True,True,True,True,True,True,True,True,MOGO,True
True,True,True,True,True,True,True,True,True,True,True,MOGU,True
True,True,True,True,True,True,True,True,True,True,True,MOH,True
True,True,True,True,True,True,True,True,True,True,True,MOLN,True
True,True,True,True,True,True,True,True,True,True,True,MOMO,True
True,True,True,True,True,True,True,True,True,True,True,MORN,True
True,True,True,True,True,True,True,True,True,True,True,MOS,True
True,True,True,True,True,True,True,True,True,True,True,MOV,True
True,True,True,True,True,True,True,True,True,True,True,MOVE,True
True,True,True,True,True,True,True,True,True,True,True,MP,True
True,True,True,True,True,True,True,True,True,True,True,MPA,True
True,True,True,True,True,True,True,True,True,True,True,MPAA,True
True,True,True,True,True,True,True,True,True,True,True,MPB,True
True,True,True,True,True,True,True,True,True,True,True,MPC,True
True,True,True,True,True,True,True,True,True,True,True,MPLX,True
True,True,True,True,True,True,True,True,True,True,True,MPU,True
True,True,True,True,True,True,True,True,True,True,True,MPV,True
True,True,True,True,True,True,True,True,True,True,True,MPW,True
True,True,True,True,True,True,True,True,True,True,True,MPWR,True
True,True,True,True,True,True,True,True,True,True,True,MPX,True
True,True,True,True,True,True,True,True,True,True,True,MQ,True
True,True,True,True,True,True,True,True,True,True,True,MQT,True
True,True,True,True,True,True,True,True,True,True,True,MQY,True
True,True,True,True,True,True,True,True,True,True,True,MRAM,True
True,True,True,True,True,True,True,True,True,True,True,MRBK,True
True,True,True,True,True,True,True,True,True,True,True,MRC,True
True,True,True,True,True,True,True,True,True,True,True,MRCC,True
True,True,True,True,True,True,True,True,True,True,True,MRCY,True
True,True,True,True,True,True,True,True,True,True,True,MREO,True
True,True,True,True,True,True,True,True,True,True,True,MRK,True
True,True,True,True,True,True,True,True,True,True,True,MRKR,True
True,True,True,True,True,True,True,True,True,True,True,MRM,True
True,True,True,True,True,True,True,True,True,True,True,MRNA,True
True,True,True,True,True,True,True,True,True,True,True,MRSN,True
True,True,True,True,True,True,True,True,True,True,True,MRT,True
True,True,True,True,True,True,True,True,True,True,True,MRTN,True
True,True,True,True,True,True,True,True,True,True,True,MRUS,True
True,True,True,True,True,True,True,True,True,True,True,MRVI,True
True,True,True,True,True,True,True,True,True,True,True,MRVL,True
True,True,True,True,True,True,True,True,True,True,True,MS,True
True,True,True,True,True,True,True,True,True,True,True,MSA,True
True,True,True,True,True,True,True,True,True,True,True,MSAI,True
True,True,True,True,True,True,True,True,True,True,True,MSB,True
True,True,True,True,True,True,True,True,True,True,True,MSBI,True
True,True,True,True,True,True,True,True,True,True,True,MSC,True
True,True,True,True,True,True,True,True,True,True,True,MSCI,True
True,True,True,True,True,True,True,True,True,True,True,MSD,True
True,True,True,True,True,True,True,True,True,True,True,MSEX,True
True,True,True,True,True,True,True,True,True,True,True,MSFT,True
True,True,True,True,True,True,True,True,True,True,True,MSGM,True
True,True,True,True,True,True,True,True,True,True,True,MSGS,True
True,True,True,True,True,True,True,True,True,True,True,MSI,True
True,True,True,True,True,True,True,True,True,True,True,MSM,True
True,True,True,True,True,True,True,True,True,True,True,MSN,True
True,True,True,True,True,True,True,True,True,True,True,MSPR,True
True,True,True,True,True,True,True,True,True,True,True,MSTR,True
True,True,True,True,True,True,True,True,True,True,True,MT,True
True,True,True,True,True,True,True,True,True,True,True,MTA,True
True,True,True,True,True,True,True,True,True,True,True,MTAL,True
True,True,True,True,True,True,True,True,True,True,True,MTB,True
True,True,True,True,True,True,True,True,True,True,True,MTC,True
True,True,True,True,True,True,True,True,True,True,True,MTCH,True
True,True,True,True,True,True,True,True,True,True,True,MTD,True
True,True,True,True,True,True,True,True,True,True,True,MTDR,True
True,True,True,True,True,True,True,True,True,True,True,MTEK,True
True,True,True,True,True,True,True,True,True,True,True,MTEX,True
True,True,True,True,True,True,True,True,True,True,True,MTG,True
True,True,True,True,True,True,True,True,True,True,True,MTH,True
True,True,True,True,True,True,True,True,True,True,True,MTLS,True
True,True,True,True,True,True,True,True,True,True,True,MTN,True
True,True,True,True,True,True,True,True,True,True,True,MTNB,True
True,True,True,True,True,True,True,True,True,True,True,MTR,True
True,True,True,True,True,True,True,True,True,True,True,MTRN,True
True,True,True,True,True,True,True,True,True,True,True,MTRX,True
True,True,True,True,True,True,True,True,True,True,True,MTSI,True
True,True,True,True,True,True,True,True,True,True,True,MTUS,True
True,True,True,True,True,True,True,True,True,True,True,MTVA,True
True,True,True,True,True,True,True,True,True,True,True,MTW,True
True,True,True,True,True,True,True,True,True,True,True,MTX,True
True,True,True,True,True,True,True,True,True,True,True,MTZ,True
True,True,True,True,True,True,True,True,True,True,True,MU,True
True,True,True,True,True,True,True,True,True,True,True,MUA,True
True,True,True,True,True,True,True,True,True,True,True,MUC,True
True,True,True,True,True,True,True,True,True,True,True,MUE,True
True,True,True,True,True,True,True,True,True,True,True,MUFG,True
True,True,True,True,True,True,True,True,True,True,True,MUJ,True
True,True,True,True,True,True,True,True,True,True,True,MULN,True
True,True,True,True,True,True,True,True,True,True,True,MUR,True
True,True,True,True,True,True,True,True,True,True,True,MUSA,True
True,True,True,True,True,True,True,True,True,True,True,MUX,True
True,True,True,True,True,True,True,True,True,True,True,MVBF,True
True,True,True,True,True,True,True,True,True,True,True,MVF,True
True,True,True,True,True,True,True,True,True,True,True,MVIS,True
True,True,True,True,True,True,True,True,True,True,True,MVO,True
True,True,True,True,True,True,True,True,True,True,True,MVST,True
True,True,True,True,True,True,True,True,True,True,True,MVT,True
True,True,True,True,True,True,True,True,True,True,True,MWA,True
True,True,True,True,True,True,True,True,True,True,True,MX,True
True,True,True,True,True,True,True,True,True,True,True,MXC,True
True,True,True,True,True,True,True,True,True,True,True,MXCT,True
True,True,True,True,True,True,True,True,True,True,True,MXE,True
True,True,True,True,True,True,True,True,True,True,True,MXF,True
True,True,True,True,True,True,True,True,True,True,True,MXL,True
True,True,True,True,True,True,True,True,True,True,True,MYD,True
True,True,True,True,True,True,True,True,True,True,True,MYE,True
True,True,True,True,True,True,True,True,True,True,True,MYFW,True
True,True,True,True,True,True,True,True,True,True,True,MYGN,True
True,True,True,True,True,True,True,True,True,True,True,MYI,True
True,True,True,True,True,True,True,True,True,True,True,MYN,True
True,True,True,True,True,True,True,True,True,True,True,MYND,True
True,True,True,True,True,True,True,True,True,True,True,MYNZ,True
True,True,True,True,True,True,True,True,True,True,True,MYO,True
True,True,True,True,True,True,True,True,True,True,True,MYPS,True
True,True,True,True,True,True,True,True,True,True,True,MYPSW,True
True,True,True,True,True,True,True,True,True,True,True,MYRG,True
True,True,True,True,True,True,True,True,True,True,True,MYSZ,True
True,True,True,True,True,True,True,True,True,True,True,NAAS,True
True,True,True,True,True,True,True,True,True,True,True,NABL,True
True,True,True,True,True,True,True,True,True,True,True,NAC,True
True,True,True,True,True,True,True,True,True,True,True,NAD,True
True,True,True,True,True,True,True,True,True,True,True,NAGE,True
True,True,True,True,True,True,True,True,True,True,True,NAII,True
True,True,True,True,True,True,True,True,True,True,True,NAK,True
True,True,True,True,True,True,True,True,True,True,True,NAMMW,True
True,True,True,True,True,True,True,True,True,True,True,NAMS,True
True,True,True,True,True,True,True,True,True,True,True,NAMSW,True
True,True,True,True,True,True,True,True,True,True,True,NAN,True
True,True,True,True,True,True,True,True,True,True,True,NAOV,True
True,True,True,True,True,True,True,True,True,True,True,NAT,True
True,True,True,True,True,True,True,True,True,True,True,NATH,True
True,True,True,True,True,True,True,True,True,True,True,NATR,True
True,True,True,True,True,True,True,True,True,True,True,NAUT,True
True,True,True,True,True,True,True,True,True,True,True,NAVI,True
True,True,True,True,True,True,True,True,True,True,True,NAZ,True
True,True,True,True,True,True,True,True,True,True,True,NBB,True
True,True,True,True,True,True,True,True,True,True,True,NBH,True
True,True,True,True,True,True,True,True,True,True,True,NBHC,True
True,True,True,True,True,True,True,True,True,True,True,NBIX,True
True,True,True,True,True,True,True,True,True,True,True,NBN,True
True,True,True,True,True,True,True,True,True,True,True,NBR,True
True,True,True,True,True,True,True,True,True,True,True,NBTB,True
True,True,True,True,True,True,True,True,True,True,True,NBTX,True
True,True,True,True,True,True,True,True,True,True,True,NBXG,True
True,True,True,True,True,True,True,True,True,True,True,NBY,True
True,True,True,True,True,True,True,True,True,True,True,NC,True
True,True,True,True,True,True,True,True,True,True,True,NCA,True
True,True,True,True,True,True,True,True,True,True,True,NCLH,True
True,True,True,True,True,True,True,True,True,True,True,NCMI,True
True,True,True,True,True,True,True,True,True,True,True,NCNA,True
True,True,True,True,True,True,True,True,True,True,True,NCNO,True
True,True,True,True,True,True,True,True,True,True,True,NCPL,True
True,True,True,True,True,True,True,True,True,True,True,NCRA,True
True,True,True,True,True,True,True,True,True,True,True,NCSM,True
True,True,True,True,True,True,True,True,True,True,True,NCTY,True
True,True,True,True,True,True,True,True,True,True,True,NCV,True
True,True,True,True,True,True,True,True,True,True,True,NCZ,True
True,True,True,True,True,True,True,True,True,True,True,NDAQ,True
True,True,True,True,True,True,True,True,True,True,True,NDLS,True
True,True,True,True,True,True,True,True,True,True,True,NDMO,True
True,True,True,True,True,True,True,True,True,True,True,NDRA,True
True,True,True,True,True,True,True,True,True,True,True,NDSN,True
True,True,True,True,True,True,True,True,True,True,True,NE,True
True,True,True,True,True,True,True,True,True,True,True,NEA,True
True,True,True,True,True,True,True,True,True,True,True,NECB,True
True,True,True,True,True,True,True,True,True,True,True,NEE,True
True,True,True,True,True,True,True,True,True,True,True,NEGG,True
True,True,True,True,True,True,True,True,True,True,True,NEHC,True
True,True,True,True,True,True,True,True,True,True,True,NEM,True
True,True,True,True,True,True,True,True,True,True,True,NEN,True
True,True,True,True,True,True,True,True,True,True,True,NEO,True
True,True,True,True,True,True,True,True,True,True,True,NEOG,True
True,True,True,True,True,True,True,True,True,True,True,NEON,True
True,True,True,True,True,True,True,True,True,True,True,NEOV,True
True,True,True,True,True,True,True,True,True,True,True,NEPH,True
True,True,True,True,True,True,True,True,True,True,True,NERV,True
True,True,True,True,True,True,True,True,True,True,True,NET,True
True,True,True,True,True,True,True,True,True,True,True,NEU,True
True,True,True,True,True,True,True,True,True,True,True,NEUE,True
True,True,True,True,True,True,True,True,True,True,True,NEUP,True
True,True,True,True,True,True,True,True,True,True,True,NEWP,True
True,True,True,True,True,True,True,True,True,True,True,NEWT,True
True,True,True,True,True,True,True,True,True,True,True,NEWTZ,True
True,True,True,True,True,True,True,True,True,True,True,NEXA,True
True,True,True,True,True,True,True,True,True,True,True,NEXN,True
True,True,True,True,True,True,True,True,True,True,True,NEXT,True
True,True,True,True,True,True,True,True,True,True,True,NFBK,True
True,True,True,True,True,True,True,True,True,True,True,NFE,True
True,True,True,True,True,True,True,True,True,True,True,NFG,True
True,True,True,True,True,True,True,True,True,True,True,NFGC,True
True,True,True,True,True,True,True,True,True,True,True,NFJ,True
True,True,True,True,True,True,True,True,True,True,True,NFLX,True
True,True,True,True,True,True,True,True,True,True,True,NG,True
True,True,True,True,True,True,True,True,True,True,True,NGD,True
True,True,True,True,True,True,True,True,True,True,True,NGG,True
True,True,True,True,True,True,True,True,True,True,True,NGL,True
True,True,True,True,True,True,True,True,True,True,True,NGNE,True
True,True,True,True,True,True,True,True,True,True,True,NGS,True
True,True,True,True,True,True,True,True,True,True,True,NGVC,True
True,True,True,True,True,True,True,True,True,True,True,NGVT,True
True,True,True,True,True,True,True,True,True,True,True,NHC,True
True,True,True,True,True,True,True,True,True,True,True,NHI,True
True,True,True,True,True,True,True,True,True,True,True,NHPAP,True
True,True,True,True,True,True,True,True,True,True,True,NHPBP,True
True,True,True,True,True,True,True,True,True,True,True,NHS,True
True,True,True,True,True,True,True,True,True,True,True,NHTC,True
True,True,True,True,True,True,True,True,True,True,True,NI,True
True,True,True,True,True,True,True,True,True,True,True,NIC,True
True,True,True,True,True,True,True,True,True,True,True,NICE,True
True,True,True,True,True,True,True,True,True,True,True,NIE,True
True,True,True,True,True,True,True,True,True,True,True,NIM,True
True,True,True,True,True,True,True,True,True,True,True,NINE,True
True,True,True,True,True,True,True,True,True,True,True,NIO,True
True,True,True,True,True,True,True,True,True,True,True,NISN,True
True,True,True,True,True,True,True,True,True,True,True,NITO,True
True,True,True,True,True,True,True,True,True,True,True,NIU,True
True,True,True,True,True,True,True,True,True,True,True,NIXX,True
True,True,True,True,True,True,True,True,True,True,True,NJR,True
True,True,True,True,True,True,True,True,True,True,True,NKE,True
True,True,True,True,True,True,True,True,True,True,True,NKSH,True
True,True,True,True,True,True,True,True,True,True,True,NKTR,True
True,True,True,True,True,True,True,True,True,True,True,NKTX,True
True,True,True,True,True,True,True,True,True,True,True,NKX,True
True,True,True,True,True,True,True,True,True,True,True,NL,True
True,True,True,True,True,True,True,True,True,True,True,NLSP,True
True,True,True,True,True,True,True,True,True,True,True,NLSPW,True
True,True,True,True,True,True,True,True,True,True,True,NLY,True
True,True,True,True,True,True,True,True,True,True,True,NMAI,True
True,True,True,True,True,True,True,True,True,True,True,NMCO,True
True,True,True,True,True,True,True,True,True,True,True,NMFC,True
True,True,True,True,True,True,True,True,True,True,True,NMG,True
True,True,True,True,True,True,True,True,True,True,True,NMI,True
True,True,True,True,True,True,True,True,True,True,True,NMIH,True
True,True,True,True,True,True,True,True,True,True,True,NML,True
True,True,True,True,True,True,True,True,True,True,True,NMM,True
True,True,True,True,True,True,True,True,True,True,True,NMR,True
True,True,True,True,True,True,True,True,True,True,True,NMRK,True
True,True,True,True,True,True,True,True,True,True,True,NMS,True
True,True,True,True,True,True,True,True,True,True,True,NMT,True
True,True,True,True,True,True,True,True,True,True,True,NMTC,True
True,True,True,True,True,True,True,True,True,True,True,NMZ,True
True,True,True,True,True,True,True,True,True,True,True,NN,True
True,True,True,True,True,True,True,True,True,True,True,NNBR,True
True,True,True,True,True,True,True,True,True,True,True,NNDM,True
True,True,True,True,True,True,True,True,True,True,True,NNI,True
True,True,True,True,True,True,True,True,True,True,True,NNN,True
True,True,True,True,True,True,True,True,True,True,True,NNOX,True
True,True,True,True,True,True,True,True,True,True,True,NNVC,True
True,True,True,True,True,True,True,True,True,True,True,NNY,True
True,True,True,True,True,True,True,True,True,True,True,NOA,True
True,True,True,True,True,True,True,True,True,True,True,NOAH,True
True,True,True,True,True,True,True,True,True,True,True,NOC,True
True,True,True,True,True,True,True,True,True,True,True,NODK,True
True,True,True,True,True,True,True,True,True,True,True,NOG,True
True,True,True,True,True,True,True,True,True,True,True,NOK,True
True,True,True,True,True,True,True,True,True,True,True,NOM,True
True,True,True,True,True,True,True,True,True,True,True,NOMD,True
True,True,True,True,True,True,True,True,True,True,True,NOTE,True
True,True,True,True,True,True,True,True,True,True,True,NOTV,True
True,True,True,True,True,True,True,True,True,True,True,NOV,True
True,True,True,True,True,True,True,True,True,True,True,NOVT,True
True,True,True,True,True,True,True,True,True,True,True,NOW,True
True,True,True,True,True,True,True,True,True,True,True,NPCE,True
True,True,True,True,True,True,True,True,True,True,True,NPCT,True
True,True,True,True,True,True,True,True,True,True,True,NPFD,True
True,True,True,True,True,True,True,True,True,True,True,NPK,True
True,True,True,True,True,True,True,True,True,True,True,NPKI,True
True,True,True,True,True,True,True,True,True,True,True,NPO,True
True,True,True,True,True,True,True,True,True,True,True,NPV,True
True,True,True,True,True,True,True,True,True,True,True,NPWR,True
True,True,True,True,True,True,True,True,True,True,True,NQP,True
True,True,True,True,True,True,True,True,True,True,True,NRC,True
True,True,True,True,True,True,True,True,True,True,True,NRDS,True
True,True,True,True,True,True,True,True,True,True,True,NRDY,True
True,True,True,True,True,True,True,True,True,True,True,NREF,True
True,True,True,True,True,True,True,True,True,True,True,NRG,True
True,True,True,True,True,True,True,True,True,True,True,NRGV,True
True,True,True,True,True,True,True,True,True,True,True,NRIM,True
True,True,True,True,True,True,True,True,True,True,True,NRIX,True
True,True,True,True,True,True,True,True,True,True,True,NRK,True
True,True,True,True,True,True,True,True,True,True,True,NRO,True
True,True,True,True,True,True,True,True,True,True,True,NRP,True
True,True,True,True,True,True,True,True,True,True,True,NRSN,True
True,True,True,True,True,True,True,True,True,True,True,NRT,True
True,True,True,True,True,True,True,True,True,True,True,NRUC,True
True,True,True,True,True,True,True,True,True,True,True,NRXP,True
True,True,True,True,True,True,True,True,True,True,True,NSA,True
True,True,True,True,True,True,True,True,True,True,True,NSC,True
True,True,True,True,True,True,True,True,True,True,True,NSIT,True
True,True,True,True,True,True,True,True,True,True,True,NSP,True
True,True,True,True,True,True,True,True,True,True,True,NSPR,True
True,True,True,True,True,True,True,True,True,True,True,NSSC,True
True,True,True,True,True,True,True,True,True,True,True,NSTS,True
True,True,True,True,True,True,True,True,True,True,True,NSYS,True
True,True,True,True,True,True,True,True,True,True,True,NTAP,True
True,True,True,True,True,True,True,True,True,True,True,NTB,True
True,True,True,True,True,True,True,True,True,True,True,NTCT,True
True,True,True,True,True,True,True,True,True,True,True,NTES,True
True,True,True,True,True,True,True,True,True,True,True,NTGR,True
True,True,True,True,True,True,True,True,True,True,True,NTIC,True
True,True,True,True,True,True,True,True,True,True,True,NTIP,True
True,True,True,True,True,True,True,True,True,True,True,NTLA,True
True,True,True,True,True,True,True,True,True,True,True,NTNX,True
True,True,True,True,True,True,True,True,True,True,True,NTR,True
True,True,True,True,True,True,True,True,True,True,True,NTRA,True
True,True,True,True,True,True,True,True,True,True,True,NTRB,True
True,True,True,True,True,True,True,True,True,True,True,NTRBW,True
True,True,True,True,True,True,True,True,True,True,True,NTRP,True
True,True,True,True,True,True,True,True,True,True,True,NTRS,True
True,True,True,True,True,True,True,True,True,True,True,NTRSO,True
True,True,True,True,True,True,True,True,True,True,True,NTST,True
True,True,True,True,True,True,True,True,True,True,True,NTWK,True
True,True,True,True,True,True,True,True,True,True,True,NTZ,True
True,True,True,True,True,True,True,True,True,True,True,NU,True
True,True,True,True,True,True,True,True,True,True,True,NUE,True
True,True,True,True,True,True,True,True,True,True,True,NUKK,True
True,True,True,True,True,True,True,True,True,True,True,NUS,True
True,True,True,True,True,True,True,True,True,True,True,NUV,True
True,True,True,True,True,True,True,True,True,True,True,NUVB,True
True,True,True,True,True,True,True,True,True,True,True,NUVL,True
True,True,True,True,True,True,True,True,True,True,True,NUW,True
True,True,True,True,True,True,True,True,True,True,True,NUWE,True
True,True,True,True,True,True,True,True,True,True,True,NVAX,True
True,True,True,True,True,True,True,True,True,True,True,NVCR,True
True,True,True,True,True,True,True,True,True,True,True,NVCT,True
True,True,True,True,True,True,True,True,True,True,True,NVDA,True
True,True,True,True,True,True,True,True,True,True,True,NVEC,True
True,True,True,True,True,True,True,True,True,True,True,NVEE,True
True,True,True,True,True,True,True,True,True,True,True,NVFY,True
True,True,True,True,True,True,True,True,True,True,True,NVG,True
True,True,True,True,True,True,True,True,True,True,True,NVGS,True
True,True,True,True,True,True,True,True,True,True,True,NVMI,True
True,True,True,True,True,True,True,True,True,True,True,NVNI,True
True,True,True,True,True,True,True,True,True,True,True,NVNO,True
True,True,True,True,True,True,True,True,True,True,True,NVO,True
True,True,True,True,True,True,True,True,True,True,True,NVR,True
True,True,True,True,True,True,True,True,True,True,True,NVRI,True
True,True,True,True,True,True,True,True,True,True,True,NVS,True
True,True,True,True,True,True,True,True,True,True,True,NVST,True
True,True,True,True,True,True,True,True,True,True,True,NVT,True
True,True,True,True,True,True,True,True,True,True,True,NVTS,True
True,True,True,True,True,True,True,True,True,True,True,NVVE,True
True,True,True,True,True,True,True,True,True,True,True,NVX,True
True,True,True,True,True,True,True,True,True,True,True,NWBI,True
True,True,True,True,True,True,True,True,True,True,True,NWE,True
True,True,True,True,True,True,True,True,True,True,True,NWFL,True
True,True,True,True,True,True,True,True,True,True,True,NWG,True
True,True,True,True,True,True,True,True,True,True,True,NWL,True
True,True,True,True,True,True,True,True,True,True,True,NWN,True
True,True,True,True,True,True,True,True,True,True,True,NWPX,True
True,True,True,True,True,True,True,True,True,True,True,NWS,True
True,True,True,True,True,True,True,True,True,True,True,NWSA,True
True,True,True,True,True,True,True,True,True,True,True,NWTN,True
True,True,True,True,True,True,True,True,True,True,True,NX,True
True,True,True,True,True,True,True,True,True,True,True,NXC,True
True,True,True,True,True,True,True,True,True,True,True,NXDT,True
True,True,True,True,True,True,True,True,True,True,True,NXE,True
True,True,True,True,True,True,True,True,True,True,True,NXG,True
True,True,True,True,True,True,True,True,True,True,True,NXGL,True
True,True,True,True,True,True,True,True,True,True,True,NXJ,True
True,True,True,True,True,True,True,True,True,True,True,NXN,True
True,True,True,True,True,True,True,True,True,True,True,NXP,True
True,True,True,True,True,True,True,True,True,True,True,NXPI,True
True,True,True,True,True,True,True,True,True,True,True,NXPL,True
True,True,True,True,True,True,True,True,True,True,True,NXRT,True
True,True,True,True,True,True,True,True,True,True,True,NXST,True
True,True,True,True,True,True,True,True,True,True,True,NXTC,True
True,True,True,True,True,True,True,True,True,True,True,NXXT,True
True,True,True,True,True,True,True,True,True,True,True,NYC,True
True,True,True,True,True,True,True,True,True,True,True,NYMT,True
True,True,True,True,True,True,True,True,True,True,True,NYMTL,True
True,True,True,True,True,True,True,True,True,True,True,NYMTM,True
True,True,True,True,True,True,True,True,True,True,True,NYMTN,True
True,True,True,True,True,True,True,True,True,True,True,NYMTZ,True
True,True,True,True,True,True,True,True,True,True,True,NYT,True
True,True,True,True,True,True,True,True,True,True,True,NYXH,True
True,True,True,True,True,True,True,True,True,True,True,NZF,True
True,True,True,True,True,True,True,True,True,True,True,O,True
True,True,True,True,True,True,True,True,True,True,True,OABI,True
True,True,True,True,True,True,True,True,True,True,True,OBDC,True
True,True,True,True,True,True,True,True,True,True,True,OBE,True
True,True,True,True,True,True,True,True,True,True,True,OBIO,True
True,True,True,True,True,True,True,True,True,True,True,OBK,True
True,True,True,True,True,True,True,True,True,True,True,OBLG,True
True,True,True,True,True,True,True,True,True,True,True,OBT,True
True,True,True,True,True,True,True,True,True,True,True,OC,True
True,True,True,True,True,True,True,True,True,True,True,OCC,True
True,True,True,True,True,True,True,True,True,True,True,OCCI,True
True,True,True,True,True,True,True,True,True,True,True,OCCIN,True
True,True,True,True,True,True,True,True,True,True,True,OCCIO,True
True,True,True,True,True,True,True,True,True,True,True,OCFC,True
True,True,True,True,True,True,True,True,True,True,True,OCFT,True
True,True,True,True,True,True,True,True,True,True,True,OCG,True
True,True,True,True,True,True,True,True,True,True,True,OCGN,True
True,True,True,True,True,True,True,True,True,True,True,OCS,True
True,True,True,True,True,True,True,True,True,True,True,OCSL,True
True,True,True,True,True,True,True,True,True,True,True,OCUL,True
True,True,True,True,True,True,True,True,True,True,True,ODC,True
True,True,True,True,True,True,True,True,True,True,True,ODFL,True
True,True,True,True,True,True,True,True,True,True,True,ODP,True
True,True,True,True,True,True,True,True,True,True,True,ODV,True
True,True,True,True,True,True,True,True,True,True,True,ODYS,True
True,True,True,True,True,True,True,True,True,True,True,OEC,True
True,True,True,True,True,True,True,True,True,True,True,OESX,True
True,True,True,True,True,True,True,True,True,True,True,OFG,True
True,True,True,True,True,True,True,True,True,True,True,OFIX,True
True,True,True,True,True,True,True,True,True,True,True,OFLX,True
True,True,True,True,True,True,True,True,True,True,True,OFS,True
True,True,True,True,True,True,True,True,True,True,True,OFSSH,True
True,True,True,True,True,True,True,True,True,True,True,OGE,True
True,True,True,True,True,True,True,True,True,True,True,OGEN,True
True,True,True,True,True,True,True,True,True,True,True,OGI,True
True,True,True,True,True,True,True,True,True,True,True,OGN,True
True,True,True,True,True,True,True,True,True,True,True,OGS,True
True,True,True,True,True,True,True,True,True,True,True,OHI,True
True,True,True,True,True,True,True,True,True,True,True,OI,True
True,True,True,True,True,True,True,True,True,True,True,OIA,True
True,True,True,True,True,True,True,True,True,True,True,OII,True
True,True,True,True,True,True,True,True,True,True,True,OIS,True
True,True,True,True,True,True,True,True,True,True,True,OKE,True
True,True,True,True,True,True,True,True,True,True,True,OKLO,True
True,True,True,True,True,True,True,True,True,True,True,OKTA,True
True,True,True,True,True,True,True,True,True,True,True,OKUR,True
True,True,True,True,True,True,True,True,True,True,True,OLB,True
True,True,True,True,True,True,True,True,True,True,True,OLED,True
True,True,True,True,True,True,True,True,True,True,True,OLLI,True
True,True,True,True,True,True,True,True,True,True,True,OLMA,True
True,True,True,True,True,True,True,True,True,True,True,OLN,True
True,True,True,True,True,True,True,True,True,True,True,OLO,True
True,True,True,True,True,True,True,True,True,True,True,OLP,True
True,True,True,True,True,True,True,True,True,True,True,OLPX,True
True,True,True,True,True,True,True,True,True,True,True,OM,True
True,True,True,True,True,True,True,True,True,True,True,OMAB,True
True,True,True,True,True,True,True,True,True,True,True,OMC,True
True,True,True,True,True,True,True,True,True,True,True,OMCC,True
True,True,True,True,True,True,True,True,True,True,True,OMCL,True
True,True,True,True,True,True,True,True,True,True,True,OMER,True
True,True,True,True,True,True,True,True,True,True,True,OMEX,True
True,True,True,True,True,True,True,True,True,True,True,OMF,True
True,True,True,True,True,True,True,True,True,True,True,OMI,True
True,True,True,True,True,True,True,True,True,True,True,ON,True
True,True,True,True,True,True,True,True,True,True,True,ONB,True
True,True,True,True,True,True,True,True,True,True,True,ONBPO,True
True,True,True,True,True,True,True,True,True,True,True,ONBPP,True
True,True,True,True,True,True,True,True,True,True,True,ONC,True
True,True,True,True,True,True,True,True,True,True,True,ONCO,True
True,True,True,True,True,True,True,True,True,True,True,ONCY,True
True,True,True,True,True,True,True,True,True,True,True,ONDS,True
True,True,True,True,True,True,True,True,True,True,True,ONEW,True
True,True,True,True,True,True,True,True,True,True,True,ONIT,True
True,True,True,True,True,True,True,True,True,True,True,ONL,True
True,True,True,True,True,True,True,True,True,True,True,ONMD,True
True,True,True,True,True,True,True,True,True,True,True,ONON,True
True,True,True,True,True,True,True,True,True,True,True,ONTF,True
True,True,True,True,True,True,True,True,True,True,True,ONTO,True
True,True,True,True,True,True,True,True,True,True,True,OOMA,True
True,True,True,True,True,True,True,True,True,True,True,OP,True
True,True,True,True,True,True,True,True,True,True,True,OPAD,True
True,True,True,True,True,True,True,True,True,True,True,OPAL,True
True,True,True,True,True,True,True,True,True,True,True,OPBK,True
True,True,True,True,True,True,True,True,True,True,True,OPCH,True
True,True,True,True,True,True,True,True,True,True,True,OPEN,True
True,True,True,True,True,True,True,True,True,True,True,OPFI,True
True,True,True,True,True,True,True,True,True,True,True,OPHC,True
True,True,True,True,True,True,True,True,True,True,True,OPI,True
True,True,True,True,True,True,True,True,True,True,True,OPINL,True
True,True,True,True,True,True,True,True,True,True,True,OPK,True
True,True,True,True,True,True,True,True,True,True,True,OPOF,True
True,True,True,True,True,True,True,True,True,True,True,OPP,True
True,True,True,True,True,True,True,True,True,True,True,OPRA,True
True,True,True,True,True,True,True,True,True,True,True,OPRT,True
True,True,True,True,True,True,True,True,True,True,True,OPRX,True
True,True,True,True,True,True,True,True,True,True,True,OPTT,True
True,True,True,True,True,True,True,True,True,True,True,OPTX,True
True,True,True,True,True,True,True,True,True,True,True,OPXS,True
True,True,True,True,True,True,True,True,True,True,True,OPY,True
True,True,True,True,True,True,True,True,True,True,True,OR,True
True,True,True,True,True,True,True,True,True,True,True,ORA,True
True,True,True,True,True,True,True,True,True,True,True,ORC,True
True,True,True,True,True,True,True,True,True,True,True,ORCL,True
True,True,True,True,True,True,True,True,True,True,True,ORGN,True
True,True,True,True,True,True,True,True,True,True,True,ORGO,True
True,True,True,True,True,True,True,True,True,True,True,ORI,True
True,True,True,True,True,True,True,True,True,True,True,ORIC,True
True,True,True,True,True,True,True,True,True,True,True,ORKA,True
True,True,True,True,True,True,True,True,True,True,True,ORLA,True
True,True,True,True,True,True,True,True,True,True,True,ORLY,True
True,True,True,True,True,True,True,True,True,True,True,ORMP,True
True,True,True,True,True,True,True,True,True,True,True,ORN,True
True,True,True,True,True,True,True,True,True,True,True,ORRF,True
True,True,True,True,True,True,True,True,True,True,True,OSBC,True
True,True,True,True,True,True,True,True,True,True,True,OSCR,True
True,True,True,True,True,True,True,True,True,True,True,OSIS,True
True,True,True,True,True,True,True,True,True,True,True,OSK,True
True,True,True,True,True,True,True,True,True,True,True,OSPN,True
True,True,True,True,True,True,True,True,True,True,True,OSS,True
True,True,True,True,True,True,True,True,True,True,True,OSUR,True
True,True,True,True,True,True,True,True,True,True,True,OSW,True
True,True,True,True,True,True,True,True,True,True,True,OTEX,True
True,True,True,True,True,True,True,True,True,True,True,OTIS,True
True,True,True,True,True,True,True,True,True,True,True,OTLK,True
True,True,True,True,True,True,True,True,True,True,True,OTLY,True
True,True,True,True,True,True,True,True,True,True,True,OTRK,True
True,True,True,True,True,True,True,True,True,True,True,OTTR,True
True,True,True,True,True,True,True,True,True,True,True,OUST,True
True,True,True,True,True,True,True,True,True,True,True,OUT,True
True,True,True,True,True,True,True,True,True,True,True,OVBC,True
True,True,True,True,True,True,True,True,True,True,True,OVID,True
True,True,True,True,True,True,True,True,True,True,True,OVLY,True
True,True,True,True,True,True,True,True,True,True,True,OVV,True
True,True,True,True,True,True,True,True,True,True,True,OWL,True
True,True,True,True,True,True,True,True,True,True,True,OWLT,True
True,True,True,True,True,True,True,True,True,True,True,OXBR,True
True,True,True,True,True,True,True,True,True,True,True,OXLC,True
True,True,True,True,True,True,True,True,True,True,True,OXLCL,True
True,True,True,True,True,True,True,True,True,True,True,OXLCO,True
True,True,True,True,True,True,True,True,True,True,True,OXLCP,True
True,True,True,True,True,True,True,True,True,True,True,OXLCZ,True
True,True,True,True,True,True,True,True,True,True,True,OXM,True
True,True,True,True,True,True,True,True,True,True,True,OXSQ,True
True,True,True,True,True,True,True,True,True,True,True,OXSQG,True
True,True,True,True,True,True,True,True,True,True,True,OXSQZ,True
True,True,True,True,True,True,True,True,True,True,True,OXY,True
True,True,True,True,True,True,True,True,True,True,True,OZ,True
True,True,True,True,True,True,True,True,True,True,True,OZK,True
True,True,True,True,True,True,True,True,True,True,True,OZKAP,True
True,True,True,True,True,True,True,True,True,True,True,P,True
True,True,True,True,True,True,True,True,True,True,True,PAA,True
True,True,True,True,True,True,True,True,True,True,True,PAAS,True
True,True,True,True,True,True,True,True,True,True,True,PAC,True
True,True,True,True,True,True,True,True,True,True,True,PACB,True
True,True,True,True,True,True,True,True,True,True,True,PACK,True
True,True,True,True,True,True,True,True,True,True,True,PAG,True
True,True,True,True,True,True,True,True,True,True,True,PAGP,True
True,True,True,True,True,True,True,True,True,True,True,PAGS,True
True,True,True,True,True,True,True,True,True,True,True,PAHC,True
True,True,True,True,True,True,True,True,True,True,True,PAI,True
True,True,True,True,True,True,True,True,True,True,True,PALI,True
True,True,True,True,True,True,True,True,True,True,True,PAM,True
True,True,True,True,True,True,True,True,True,True,True,PAMT,True
True,True,True,True,True,True,True,True,True,True,True,PANL,True
True,True,True,True,True,True,True,True,True,True,True,PANW,True
True,True,True,True,True,True,True,True,True,True,True,PAR,True
True,True,True,True,True,True,True,True,True,True,True,PARA,True
True,True,True,True,True,True,True,True,True,True,True,PARAA,True
True,True,True,True,True,True,True,True,True,True,True,PARR,True
True,True,True,True,True,True,True,True,True,True,True,PASG,True
True,True,True,True,True,True,True,True,True,True,True,PATH,True
True,True,True,True,True,True,True,True,True,True,True,PATK,True
True,True,True,True,True,True,True,True,True,True,True,PAVM,True
True,True,True,True,True,True,True,True,True,True,True,PAVS,True
True,True,True,True,True,True,True,True,True,True,True,PAX,True
True,True,True,True,True,True,True,True,True,True,True,PAXS,True
True,True,True,True,True,True,True,True,True,True,True,PAY,True
True,True,True,True,True,True,True,True,True,True,True,PAYC,True
True,True,True,True,True,True,True,True,True,True,True,PAYO,True
True,True,True,True,True,True,True,True,True,True,True,PAYS,True
True,True,True,True,True,True,True,True,True,True,True,PAYX,True
True,True,True,True,True,True,True,True,True,True,True,PB,True
True,True,True,True,True,True,True,True,True,True,True,PBA,True
True,True,True,True,True,True,True,True,True,True,True,PBBK,True
True,True,True,True,True,True,True,True,True,True,True,PBF,True
True,True,True,True,True,True,True,True,True,True,True,PBFS,True
True,True,True,True,True,True,True,True,True,True,True,PBH,True
True,True,True,True,True,True,True,True,True,True,True,PBHC,True
True,True,True,True,True,True,True,True,True,True,True,PBI,True
True,True,True,True,True,True,True,True,True,True,True,PBM,True
True,True,True,True,True,True,True,True,True,True,True,PBPB,True
True,True,True,True,True,True,True,True,True,True,True,PBR,True
True,True,True,True,True,True,True,True,True,True,True,PBT,True
True,True,True,True,True,True,True,True,True,True,True,PBYI,True
True,True,True,True,True,True,True,True,True,True,True,PCAR,True
True,True,True,True,True,True,True,True,True,True,True,PCB,True
True,True,True,True,True,True,True,True,True,True,True,PCF,True
True,True,True,True,True,True,True,True,True,True,True,PCG,True
True,True,True,True,True,True,True,True,True,True,True,PCH,True
True,True,True,True,True,True,True,True,True,True,True,PCK,True
True,True,True,True,True,True,True,True,True,True,True,PCM,True
True,True,True,True,True,True,True,True,True,True,True,PCN,True
True,True,True,True,True,True,True,True,True,True,True,PCOR,True
True,True,True,True,True,True,True,True,True,True,True,PCQ,True
True,True,True,True,True,True,True,True,True,True,True,PCRX,True
True,True,True,True,True,True,True,True,True,True,True,PCSA,True
True,True,True,True,True,True,True,True,True,True,True,PCT,True
True,True,True,True,True,True,True,True,True,True,True,PCTTU,True
True,True,True,True,True,True,True,True,True,True,True,PCTY,True
True,True,True,True,True,True,True,True,True,True,True,PCVX,True
True,True,True,True,True,True,True,True,True,True,True,PCYO,True
True,True,True,True,True,True,True,True,True,True,True,PD,True
True,True,True,True,True,True,True,True,True,True,True,PDD,True
True,True,True,True,True,True,True,True,True,True,True,PDEX,True
True,True,True,True,True,True,True,True,True,True,True,PDFS,True
True,True,True,True,True,True,True,True,True,True,True,PDI,True
True,True,True,True,True,True,True,True,True,True,True,PDLB,True
True,True,True,True,True,True,True,True,True,True,True,PDM,True
True,True,True,True,True,True,True,True,True,True,True,PDO,True
True,True,True,True,True,True,True,True,True,True,True,PDS,True
True,True,True,True,True,True,True,True,True,True,True,PDSB,True
True,True,True,True,True,True,True,True,True,True,True,PDT,True
True,True,True,True,True,True,True,True,True,True,True,PDX,True
True,True,True,True,True,True,True,True,True,True,True,PDYN,True
True,True,True,True,True,True,True,True,True,True,True,PEB,True
True,True,True,True,True,True,True,True,True,True,True,PEBK,True
True,True,True,True,True,True,True,True,True,True,True,PEBO,True
True,True,True,True,True,True,True,True,True,True,True,PECO,True
True,True,True,True,True,True,True,True,True,True,True,PED,True
True,True,True,True,True,True,True,True,True,True,True,PEG,True
True,True,True,True,True,True,True,True,True,True,True,PEGA,True
True,True,True,True,True,True,True,True,True,True,True,PEN,True
True,True,True,True,True,True,True,True,True,True,True,PENG,True
True,True,True,True,True,True,True,True,True,True,True,PENN,True
True,True,True,True,True,True,True,True,True,True,True,PEO,True
True,True,True,True,True,True,True,True,True,True,True,PEP,True
True,True,True,True,True,True,True,True,True,True,True,PERI,True
True,True,True,True,True,True,True,True,True,True,True,PESI,True
True,True,True,True,True,True,True,True,True,True,True,PET,True
True,True,True,True,True,True,True,True,True,True,True,PETS,True
True,True,True,True,True,True,True,True,True,True,True,PETZ,True
True,True,True,True,True,True,True,True,True,True,True,PFBC,True
True,True,True,True,True,True,True,True,True,True,True,PFD,True
True,True,True,True,True,True,True,True,True,True,True,PFE,True
True,True,True,True,True,True,True,True,True,True,True,PFG,True
True,True,True,True,True,True,True,True,True,True,True,PFGC,True
True,True,True,True,True,True,True,True,True,True,True,PFH,True
True,True,True,True,True,True,True,True,True,True,True,PFIS,True
True,True,True,True,True,True,True,True,True,True,True,PFL,True
True,True,True,True,True,True,True,True,True,True,True,PFLT,True
True,True,True,True,True,True,True,True,True,True,True,PFN,True
True,True,True,True,True,True,True,True,True,True,True,PFO,True
True,True,True,True,True,True,True,True,True,True,True,PFS,True
True,True,True,True,True,True,True,True,True,True,True,PFSI,True
True,True,True,True,True,True,True,True,True,True,True,PFX,True
True,True,True,True,True,True,True,True,True,True,True,PFXNZ,True
True,True,True,True,True,True,True,True,True,True,True,PG,True
True,True,True,True,True,True,True,True,True,True,True,PGC,True
True,True,True,True,True,True,True,True,True,True,True,PGEN,True
True,True,True,True,True,True,True,True,True,True,True,PGNY,True
True,True,True,True,True,True,True,True,True,True,True,PGP,True
True,True,True,True,True,True,True,True,True,True,True,PGR,True
True,True,True,True,True,True,True,True,True,True,True,PGRE,True
True,True,True,True,True,True,True,True,True,True,True,PGY,True
True,True,True,True,True,True,True,True,True,True,True,PGZ,True
True,True,True,True,True,True,True,True,True,True,True,PH,True
True,True,True,True,True,True,True,True,True,True,True,PHAR,True
True,True,True,True,True,True,True,True,True,True,True,PHAT,True
True,True,True,True,True,True,True,True,True,True,True,PHD,True
True,True,True,True,True,True,True,True,True,True,True,PHG,True
True,True,True,True,True,True,True,True,True,True,True,PHGE,True
True,True,True,True,True,True,True,True,True,True,True,PHI,True
True,True,True,True,True,True,True,True,True,True,True,PHIO,True
True,True,True,True,True,True,True,True,True,True,True,PHK,True
True,True,True,True,True,True,True,True,True,True,True,PHLT,True
True,True,True,True,True,True,True,True,True,True,True,PHM,True
True,True,True,True,True,True,True,True,True,True,True,PHR,True
True,True,True,True,True,True,True,True,True,True,True,PHT,True
True,True,True,True,True,True,True,True,True,True,True,PHUN,True
True,True,True,True,True,True,True,True,True,True,True,PHVS,True
True,True,True,True,True,True,True,True,True,True,True,PI,True
True,True,True,True,True,True,True,True,True,True,True,PII,True
True,True,True,True,True,True,True,True,True,True,True,PIII,True
True,True,True,True,True,True,True,True,True,True,True,PIM,True
True,True,True,True,True,True,True,True,True,True,True,PINC,True
True,True,True,True,True,True,True,True,True,True,True,PINE,True
True,True,True,True,True,True,True,True,True,True,True,PINS,True
True,True,True,True,True,True,True,True,True,True,True,PIPR,True
True,True,True,True,True,True,True,True,True,True,True,PJT,True
True,True,True,True,True,True,True,True,True,True,True,PK,True
True,True,True,True,True,True,True,True,True,True,True,PKBK,True
True,True,True,True,True,True,True,True,True,True,True,PKE,True
True,True,True,True,True,True,True,True,True,True,True,PKG,True
True,True,True,True,True,True,True,True,True,True,True,PKOH,True
True,True,True,True,True,True,True,True,True,True,True,PKX,True
True,True,True,True,True,True,True,True,True,True,True,PL,True
True,True,True,True,True,True,True,True,True,True,True,PLAB,True
True,True,True,True,True,True,True,True,True,True,True,PLAG,True
True,True,True,True,True,True,True,True,True,True,True,PLAY,True
True,True,True,True,True,True,True,True,True,True,True,PLBC,True
True,True,True,True,True,True,True,True,True,True,True,PLBY,True
True,True,True,True,True,True,True,True,True,True,True,PLCE,True
True,True,True,True,True,True,True,True,True,True,True,PLD,True
True,True,True,True,True,True,True,True,True,True,True,PLG,True
True,True,True,True,True,True,True,True,True,True,True,PLL,True
True,True,True,True,True,True,True,True,True,True,True,PLMR,True
True,True,True,True,True,True,True,True,True,True,True,PLNT,True
True,True,True,True,True,True,True,True,True,True,True,PLOW,True
True,True,True,True,True,True,True,True,True,True,True,PLPC,True
True,True,True,True,True,True,True,True,True,True,True,PLRX,True
True,True,True,True,True,True,True,True,True,True,True,PLSE,True
True,True,True,True,True,True,True,True,True,True,True,PLTK,True
True,True,True,True,True,True,True,True,True,True,True,PLTR,True
True,True,True,True,True,True,True,True,True,True,True,PLUG,True
True,True,True,True,True,True,True,True,True,True,True,PLUR,True
True,True,True,True,True,True,True,True,True,True,True,PLUS,True
True,True,True,True,True,True,True,True,True,True,True,PLX,True
True,True,True,True,True,True,True,True,True,True,True,PLXS,True
True,True,True,True,True,True,True,True,True,True,True,PLYM,True
True,True,True,True,True,True,True,True,True,True,True,PM,True
True,True,True,True,True,True,True,True,True,True,True,PMCB,True
True,True,True,True,True,True,True,True,True,True,True,PMF,True
True,True,True,True,True,True,True,True,True,True,True,PML,True
True,True,True,True,True,True,True,True,True,True,True,PMM,True
True,True,True,True,True,True,True,True,True,True,True,PMN,True
True,True,True,True,True,True,True,True,True,True,True,PMO,True
True,True,True,True,True,True,True,True,True,True,True,PMT,True
True,True,True,True,True,True,True,True,True,True,True,PMTS,True
True,True,True,True,True,True,True,True,True,True,True,PMVP,True
True,True,True,True,True,True,True,True,True,True,True,PMX,True
True,True,True,True,True,True,True,True,True,True,True,PNBK,True
True,True,True,True,True,True,True,True,True,True,True,PNC,True
True,True,True,True,True,True,True,True,True,True,True,PNF,True
True,True,True,True,True,True,True,True,True,True,True,PNFP,True
True,True,True,True,True,True,True,True,True,True,True,PNFPP,True
True,True,True,True,True,True,True,True,True,True,True,PNI,True
True,True,True,True,True,True,True,True,True,True,True,PNNT,True
True,True,True,True,True,True,True,True,True,True,True,PNR,True
True,True,True,True,True,True,True,True,True,True,True,PNRG,True
True,True,True,True,True,True,True,True,True,True,True,PNTG,True
True,True,True,True,True,True,True,True,True,True,True,PNW,True
True,True,True,True,True,True,True,True,True,True,True,POAI,True
True,True,True,True,True,True,True,True,True,True,True,POCI,True
True,True,True,True,True,True,True,True,True,True,True,PODD,True
True,True,True,True,True,True,True,True,True,True,True,POET,True
True,True,True,True,True,True,True,True,True,True,True,POLA,True
True,True,True,True,True,True,True,True,True,True,True,POOL,True
True,True,True,True,True,True,True,True,True,True,True,POR,True
True,True,True,True,True,True,True,True,True,True,True,POST,True
True,True,True,True,True,True,True,True,True,True,True,POWI,True
True,True,True,True,True,True,True,True,True,True,True,POWL,True
True,True,True,True,True,True,True,True,True,True,True,POWW,True
True,True,True,True,True,True,True,True,True,True,True,POWWP,True
True,True,True,True,True,True,True,True,True,True,True,PPBI,True
True,True,True,True,True,True,True,True,True,True,True,PPBT,True
True,True,True,True,True,True,True,True,True,True,True,PPC,True
True,True,True,True,True,True,True,True,True,True,True,PPG,True
True,True,True,True,True,True,True,True,True,True,True,PPIH,True
True,True,True,True,True,True,True,True,True,True,True,PPL,True
True,True,True,True,True,True,True,True,True,True,True,PPSI,True
True,True,True,True,True,True,True,True,True,True,True,PPT,True
True,True,True,True,True,True,True,True,True,True,True,PPTA,True
True,True,True,True,True,True,True,True,True,True,True,PR,True
True,True,True,True,True,True,True,True,True,True,True,PRA,True
True,True,True,True,True,True,True,True,True,True,True,PRAA,True
True,True,True,True,True,True,True,True,True,True,True,PRAX,True
True,True,True,True,True,True,True,True,True,True,True,PRCH,True
True,True,True,True,True,True,True,True,True,True,True,PRCT,True
True,True,True,True,True,True,True,True,True,True,True,PRDO,True
True,True,True,True,True,True,True,True,True,True,True,PRE,True
True,True,True,True,True,True,True,True,True,True,True,PRFX,True
True,True,True,True,True,True,True,True,True,True,True,PRG,True
True,True,True,True,True,True,True,True,True,True,True,PRGO,True
True,True,True,True,True,True,True,True,True,True,True,PRGS,True
True,True,True,True,True,True,True,True,True,True,True,PRI,True
True,True,True,True,True,True,True,True,True,True,True,PRIM,True
True,True,True,True,True,True,True,True,True,True,True,PRK,True
True,True,True,True,True,True,True,True,True,True,True,PRKS,True
True,True,True,True,True,True,True,True,True,True,True,PRLB,True
True,True,True,True,True,True,True,True,True,True,True,PRLD,True
True,True,True,True,True,True,True,True,True,True,True,PRM,True
True,True,True,True,True,True,True,True,True,True,True,PRMB,True
True,True,True,True,True,True,True,True,True,True,True,PRO,True
True,True,True,True,True,True,True,True,True,True,True,PROF,True
True,True,True,True,True,True,True,True,True,True,True,PROK,True
True,True,True,True,True,True,True,True,True,True,True,PROP,True
True,True,True,True,True,True,True,True,True,True,True,PROV,True
True,True,True,True,True,True,True,True,True,True,True,PRPH,True
True,True,True,True,True,True,True,True,True,True,True,PRPL,True
True,True,True,True,True,True,True,True,True,True,True,PRPO,True
True,True,True,True,True,True,True,True,True,True,True,PRQR,True
True,True,True,True,True,True,True,True,True,True,True,PRS,True
True,True,True,True,True,True,True,True,True,True,True,PRSO,True
True,True,True,True,True,True,True,True,True,True,True,PRSU,True
True,True,True,True,True,True,True,True,True,True,True,PRT,True
True,True,True,True,True,True,True,True,True,True,True,PRTA,True
True,True,True,True,True,True,True,True,True,True,True,PRTC,True
True,True,True,True,True,True,True,True,True,True,True,PRTG,True
True,True,True,True,True,True,True,True,True,True,True,PRTH,True
True,True,True,True,True,True,True,True,True,True,True,PRTS,True
True,True,True,True,True,True,True,True,True,True,True,PRU,True
True,True,True,True,True,True,True,True,True,True,True,PRVA,True
True,True,True,True,True,True,True,True,True,True,True,PSA,True
True,True,True,True,True,True,True,True,True,True,True,PSEC,True
True,True,True,True,True,True,True,True,True,True,True,PSF,True
True,True,True,True,True,True,True,True,True,True,True,PSFE,True
True,True,True,True,True,True,True,True,True,True,True,PSHG,True
True,True,True,True,True,True,True,True,True,True,True,PSIX,True
True,True,True,True,True,True,True,True,True,True,True,PSMT,True
True,True,True,True,True,True,True,True,True,True,True,PSN,True
True,True,True,True,True,True,True,True,True,True,True,PSNL,True
True,True,True,True,True,True,True,True,True,True,True,PSNY,True
True,True,True,True,True,True,True,True,True,True,True,PSO,True
True,True,True,True,True,True,True,True,True,True,True,PSQH,True
True,True,True,True,True,True,True,True,True,True,True,PSTG,True
True,True,True,True,True,True,True,True,True,True,True,PSTL,True
True,True,True,True,True,True,True,True,True,True,True,PSTV,True
True,True,True,True,True,True,True,True,True,True,True,PSX,True
True,True,True,True,True,True,True,True,True,True,True,PT,True
True,True,True,True,True,True,True,True,True,True,True,PTA,True
True,True,True,True,True,True,True,True,True,True,True,PTC,True
True,True,True,True,True,True,True,True,True,True,True,PTCT,True
True,True,True,True,True,True,True,True,True,True,True,PTEN,True
True,True,True,True,True,True,True,True,True,True,True,PTGX,True
True,True,True,True,True,True,True,True,True,True,True,PTIX,True
True,True,True,True,True,True,True,True,True,True,True,PTLO,True
True,True,True,True,True,True,True,True,True,True,True,PTMN,True
True,True,True,True,True,True,True,True,True,True,True,PTON,True
True,True,True,True,True,True,True,True,True,True,True,PTY,True
True,True,True,True,True,True,True,True,True,True,True,PUBM,True
True,True,True,True,True,True,True,True,True,True,True,PUK,True
True,True,True,True,True,True,True,True,True,True,True,PULM,True
True,True,True,True,True,True,True,True,True,True,True,PUMP,True
True,True,True,True,True,True,True,True,True,True,True,PVBC,True
True,True,True,True,True,True,True,True,True,True,True,PVH,True
True,True,True,True,True,True,True,True,True,True,True,PVL,True
True,True,True,True,True,True,True,True,True,True,True,PVLA,True
True,True,True,True,True,True,True,True,True,True,True,PW,True
True,True,True,True,True,True,True,True,True,True,True,PWOD,True
True,True,True,True,True,True,True,True,True,True,True,PWP,True
True,True,True,True,True,True,True,True,True,True,True,PWR,True
True,True,True,True,True,True,True,True,True,True,True,PX,True
True,True,True,True,True,True,True,True,True,True,True,PXLW,True
True,True,True,True,True,True,True,True,True,True,True,PXS,True
True,True,True,True,True,True,True,True,True,True,True,PYN,True
True,True,True,True,True,True,True,True,True,True,True,PYPD,True
True,True,True,True,True,True,True,True,True,True,True,PYPL,True
True,True,True,True,True,True,True,True,True,True,True,PYXS,True
True,True,True,True,True,True,True,True,True,True,True,PZC,True
True,True,True,True,True,True,True,True,True,True,True,PZG,True
True,True,True,True,True,True,True,True,True,True,True,PZZA,True
True,True,True,True,True,True,True,True,True,True,True,QBTS,True
True,True,True,True,True,True,True,True,True,True,True,QCOM,True
True,True,True,True,True,True,True,True,True,True,True,QCRH,True
True,True,True,True,True,True,True,True,True,True,True,QD,True
True,True,True,True,True,True,True,True,True,True,True,QDEL,True
True,True,True,True,True,True,True,True,True,True,True,QFIN,True
True,True,True,True,True,True,True,True,True,True,True,QGEN,True
True,True,True,True,True,True,True,True,True,True,True,QH,True
True,True,True,True,True,True,True,True,True,True,True,QIPT,True
True,True,True,True,True,True,True,True,True,True,True,QLGN,True
True,True,True,True,True,True,True,True,True,True,True,QLYS,True
True,True,True,True,True,True,True,True,True,True,True,QMCO,True
True,True,True,True,True,True,True,True,True,True,True,QNCX,True
True,True,True,True,True,True,True,True,True,True,True,QNRX,True
True,True,True,True,True,True,True,True,True,True,True,QNST,True
True,True,True,True,True,True,True,True,True,True,True,QNTM,True
True,True,True,True,True,True,True,True,True,True,True,QQQX,True
True,True,True,True,True,True,True,True,True,True,True,QRHC,True
True,True,True,True,True,True,True,True,True,True,True,QRVO,True
True,True,True,True,True,True,True,True,True,True,True,QS,True
True,True,True,True,True,True,True,True,True,True,True,QSI,True
True,True,True,True,True,True,True,True,True,True,True,QSR,True
True,True,True,True,True,True,True,True,True,True,True,QTRX,True
True,True,True,True,True,True,True,True,True,True,True,QTTB,True
True,True,True,True,True,True,True,True,True,True,True,QTWO,True
True,True,True,True,True,True,True,True,True,True,True,QUAD,True
True,True,True,True,True,True,True,True,True,True,True,QUBT,True
True,True,True,True,True,True,True,True,True,True,True,QUIK,True
True,True,True,True,True,True,True,True,True,True,True,QURE,True
True,True,True,True,True,True,True,True,True,True,True,QVCC,True
True,True,True,True,True,True,True,True,True,True,True,QVCD,True
True,True,True,True,True,True,True,True,True,True,True,QVCGA,True
True,True,True,True,True,True,True,True,True,True,True,QVCGP,True
True,True,True,True,True,True,True,True,True,True,True,QXO,True
True,True,True,True,True,True,True,True,True,True,True,R,True
True,True,True,True,True,True,True,True,True,True,True,RA,True
True,True,True,True,True,True,True,True,True,True,True,RACE,True
True,True,True,True,True,True,True,True,True,True,True,RAIL,True
True,True,True,True,True,True,True,True,True,True,True,RAMP,True
True,True,True,True,True,True,True,True,True,True,True,RAND,True
True,True,True,True,True,True,True,True,True,True,True,RANI,True
True,True,True,True,True,True,True,True,True,True,True,RAPT,True
True,True,True,True,True,True,True,True,True,True,True,RARE,True
True,True,True,True,True,True,True,True,True,True,True,RAVE,True
True,True,True,True,True,True,True,True,True,True,True,RBA,True
True,True,True,True,True,True,True,True,True,True,True,RBB,True
True,True,True,True,True,True,True,True,True,True,True,RBBN,True
True,True,True,True,True,True,True,True,True,True,True,RBC,True
True,True,True,True,True,True,True,True,True,True,True,RBCAA,True
True,True,True,True,True,True,True,True,True,True,True,RBKB,True
True,True,True,True,True,True,True,True,True,True,True,RBLX,True
True,True,True,True,True,True,True,True,True,True,True,RBOT,True
True,True,True,True,True,True,True,True,True,True,True,RC,True
True,True,True,True,True,True,True,True,True,True,True,RCAT,True
True,True,True,True,True,True,True,True,True,True,True,RCB,True
True,True,True,True,True,True,True,True,True,True,True,RCC,True
True,True,True,True,True,True,True,True,True,True,True,RCEL,True
True,True,True,True,True,True,True,True,True,True,True,RCG,True
True,True,True,True,True,True,True,True,True,True,True,RCI,True
True,True,True,True,True,True,True,True,True,True,True,RCKT,True
True,True,True,True,True,True,True,True,True,True,True,RCKY,True
True,True,True,True,True,True,True,True,True,True,True,RCL,True
True,True,True,True,True,True,True,True,True,True,True,RCMT,True
True,True,True,True,True,True,True,True,True,True,True,RCON,True
True,True,True,True,True,True,True,True,True,True,True,RCS,True
True,True,True,True,True,True,True,True,True,True,True,RCUS,True
True,True,True,True,True,True,True,True,True,True,True,RDCM,True
True,True,True,True,True,True,True,True,True,True,True,RDFN,True
True,True,True,True,True,True,True,True,True,True,True,RDGT,True
True,True,True,True,True,True,True,True,True,True,True,RDHL,True
True,True,True,True,True,True,True,True,True,True,True,RDI,True
True,True,True,True,True,True,True,True,True,True,True,RDIB,True
True,True,True,True,True,True,True,True,True,True,True,RDN,True
True,True,True,True,True,True,True,True,True,True,True,RDNT,True
True,True,True,True,True,True,True,True,True,True,True,RDUS,True
True,True,True,True,True,True,True,True,True,True,True,RDVT,True
True,True,True,True,True,True,True,True,True,True,True,RDW,True
True,True,True,True,True,True,True,True,True,True,True,RDWR,True
True,True,True,True,True,True,True,True,True,True,True,RDY,True
True,True,True,True,True,True,True,True,True,True,True,RDZN,True
True,True,True,True,True,True,True,True,True,True,True,REAL,True
True,True,True,True,True,True,True,True,True,True,True,REAX,True
True,True,True,True,True,True,True,True,True,True,True,REE,True
True,True,True,True,True,True,True,True,True,True,True,REFI,True
True,True,True,True,True,True,True,True,True,True,True,REFR,True
True,True,True,True,True,True,True,True,True,True,True,REG,True
True,True,True,True,True,True,True,True,True,True,True,REGN,True
True,True,True,True,True,True,True,True,True,True,True,REI,True
True,True,True,True,True,True,True,True,True,True,True,REKR,True
True,True,True,True,True,True,True,True,True,True,True,RELI,True
True,True,True,True,True,True,True,True,True,True,True,RELL,True
True,True,True,True,True,True,True,True,True,True,True,RELX,True
True,True,True,True,True,True,True,True,True,True,True,RELY,True
True,True,True,True,True,True,True,True,True,True,True,RENB,True
True,True,True,True,True,True,True,True,True,True,True,RENT,True
True,True,True,True,True,True,True,True,True,True,True,REPL,True
True,True,True,True,True,True,True,True,True,True,True,REPX,True
True,True,True,True,True,True,True,True,True,True,True,RERE,True
True,True,True,True,True,True,True,True,True,True,True,RES,True
True,True,True,True,True,True,True,True,True,True,True,RETO,True
True,True,True,True,True,True,True,True,True,True,True,REVB,True
True,True,True,True,True,True,True,True,True,True,True,REVG,True
True,True,True,True,True,True,True,True,True,True,True,REX,True
True,True,True,True,True,True,True,True,True,True,True,REXR,True
True,True,True,True,True,True,True,True,True,True,True,REYN,True
True,True,True,True,True,True,True,True,True,True,True,REZI,True
True,True,True,True,True,True,True,True,True,True,True,RF,True
True,True,True,True,True,True,True,True,True,True,True,RFI,True
True,True,True,True,True,True,True,True,True,True,True,RFIL,True
True,True,True,True,True,True,True,True,True,True,True,RFL,True
True,True,True,True,True,True,True,True,True,True,True,RFM,True
True,True,True,True,True,True,True,True,True,True,True,RFMZ,True
True,True,True,True,True,True,True,True,True,True,True,RGA,True
True,True,True,True,True,True,True,True,True,True,True,RGC,True
True,True,True,True,True,True,True,True,True,True,True,RGCO,True
True,True,True,True,True,True,True,True,True,True,True,RGEN,True
True,True,True,True,True,True,True,True,True,True,True,RGLD,True
True,True,True,True,True,True,True,True,True,True,True,RGNX,True
True,True,True,True,True,True,True,True,True,True,True,RGP,True
True,True,True,True,True,True,True,True,True,True,True,RGR,True
True,True,True,True,True,True,True,True,True,True,True,RGS,True
True,True,True,True,True,True,True,True,True,True,True,RGT,True
True,True,True,True,True,True,True,True,True,True,True,RGTI,True
True,True,True,True,True,True,True,True,True,True,True,RH,True
True,True,True,True,True,True,True,True,True,True,True,RHI,True
True,True,True,True,True,True,True,True,True,True,True,RHP,True
True,True,True,True,True,True,True,True,True,True,True,RICK,True
True,True,True,True,True,True,True,True,True,True,True,RIG,True
True,True,True,True,True,True,True,True,True,True,True,RIGL,True
True,True,True,True,True,True,True,True,True,True,True,RILY,True
True,True,True,True,True,True,True,True,True,True,True,RILYG,True
True,True,True,True,True,True,True,True,True,True,True,RILYK,True
True,True,True,True,True,True,True,True,True,True,True,RILYL,True
True,True,True,True,True,True,True,True,True,True,True,RILYN,True
True,True,True,True,True,True,True,True,True,True,True,RILYP,True
True,True,True,True,True,True,True,True,True,True,True,RILYT,True
True,True,True,True,True,True,True,True,True,True,True,RILYZ,True
True,True,True,True,True,True,True,True,True,True,True,RIME,True
True,True,True,True,True,True,True,True,True,True,True,RIO,True
True,True,True,True,True,True,True,True,True,True,True,RIOT,True
True,True,True,True,True,True,True,True,True,True,True,RITM,True
True,True,True,True,True,True,True,True,True,True,True,RIV,True
True,True,True,True,True,True,True,True,True,True,True,RIVN,True
True,True,True,True,True,True,True,True,True,True,True,RJF,True
True,True,True,True,True,True,True,True,True,True,True,RKDA,True
True,True,True,True,True,True,True,True,True,True,True,RKLB,True
True,True,True,True,True,True,True,True,True,True,True,RKT,True
True,True,True,True,True,True,True,True,True,True,True,RL,True
True,True,True,True,True,True,True,True,True,True,True,RLAY,True
True,True,True,True,True,True,True,True,True,True,True,RLGT,True
True,True,True,True,True,True,True,True,True,True,True,RLI,True
True,True,True,True,True,True,True,True,True,True,True,RLJ,True
True,True,True,True,True,True,True,True,True,True,True,RLMD,True
True,True,True,True,True,True,True,True,True,True,True,RLTY,True
True,True,True,True,True,True,True,True,True,True,True,RLX,True
True,True,True,True,True,True,True,True,True,True,True,RLYB,True
True,True,True,True,True,True,True,True,True,True,True,RM,True
True,True,True,True,True,True,True,True,True,True,True,RMAX,True
True,True,True,True,True,True,True,True,True,True,True,RMBI,True
True,True,True,True,True,True,True,True,True,True,True,RMBL,True
True,True,True,True,True,True,True,True,True,True,True,RMBS,True
True,True,True,True,True,True,True,True,True,True,True,RMCF,True
True,True,True,True,True,True,True,True,True,True,True,RMCO,True
True,True,True,True,True,True,True,True,True,True,True,RMD,True
True,True,True,True,True,True,True,True,True,True,True,RMI,True
True,True,True,True,True,True,True,True,True,True,True,RMM,True
True,True,True,True,True,True,True,True,True,True,True,RMMZ,True
True,True,True,True,True,True,True,True,True,True,True,RMNI,True
True,True,True,True,True,True,True,True,True,True,True,RMR,True
True,True,True,True,True,True,True,True,True,True,True,RMSG,True
True,True,True,True,True,True,True,True,True,True,True,RMT,True
True,True,True,True,True,True,True,True,True,True,True,RMTI,True
True,True,True,True,True,True,True,True,True,True,True,RNA,True
True,True,True,True,True,True,True,True,True,True,True,RNAC,True
True,True,True,True,True,True,True,True,True,True,True,RNAZ,True
True,True,True,True,True,True,True,True,True,True,True,RNG,True
True,True,True,True,True,True,True,True,True,True,True,RNGR,True
True,True,True,True,True,True,True,True,True,True,True,RNP,True
True,True,True,True,True,True,True,True,True,True,True,RNR,True
True,True,True,True,True,True,True,True,True,True,True,RNST,True
True,True,True,True,True,True,True,True,True,True,True,RNTX,True
True,True,True,True,True,True,True,True,True,True,True,RNW,True
True,True,True,True,True,True,True,True,True,True,True,RNWWW,True
True,True,True,True,True,True,True,True,True,True,True,RNXT,True
True,True,True,True,True,True,True,True,True,True,True,ROAD,True
True,True,True,True,True,True,True,True,True,True,True,ROCK,True
True,True,True,True,True,True,True,True,True,True,True,ROG,True
True,True,True,True,True,True,True,True,True,True,True,ROIV,True
True,True,True,True,True,True,True,True,True,True,True,ROK,True
True,True,True,True,True,True,True,True,True,True,True,ROKU,True
True,True,True,True,True,True,True,True,True,True,True,ROL,True
True,True,True,True,True,True,True,True,True,True,True,ROOT,True
True,True,True,True,True,True,True,True,True,True,True,ROP,True
True,True,True,True,True,True,True,True,True,True,True,ROST,True
True,True,True,True,True,True,True,True,True,True,True,RPAY,True
True,True,True,True,True,True,True,True,True,True,True,RPD,True
True,True,True,True,True,True,True,True,True,True,True,RPID,True
True,True,True,True,True,True,True,True,True,True,True,RPM,True
True,True,True,True,True,True,True,True,True,True,True,RPRX,True
True,True,True,True,True,True,True,True,True,True,True,RPT,True
True,True,True,True,True,True,True,True,True,True,True,RPTX,True
True,True,True,True,True,True,True,True,True,True,True,RQI,True
True,True,True,True,True,True,True,True,True,True,True,RRBI,True
True,True,True,True,True,True,True,True,True,True,True,RRC,True
True,True,True,True,True,True,True,True,True,True,True,RRGB,True
True,True,True,True,True,True,True,True,True,True,True,RRR,True
True,True,True,True,True,True,True,True,True,True,True,RRX,True
True,True,True,True,True,True,True,True,True,True,True,RS,True
True,True,True,True,True,True,True,True,True,True,True,RSF,True
True,True,True,True,True,True,True,True,True,True,True,RSG,True
True,True,True,True,True,True,True,True,True,True,True,RSI,True
True,True,True,True,True,True,True,True,True,True,True,RSKD,True
True,True,True,True,True,True,True,True,True,True,True,RSLS,True
True,True,True,True,True,True,True,True,True,True,True,RSSS,True
True,True,True,True,True,True,True,True,True,True,True,RSVR,True
True,True,True,True,True,True,True,True,True,True,True,RSVRW,True
True,True,True,True,True,True,True,True,True,True,True,RTO,True
True,True,True,True,True,True,True,True,True,True,True,RTX,True
True,True,True,True,True,True,True,True,True,True,True,RUM,True
True,True,True,True,True,True,True,True,True,True,True,RUN,True
True,True,True,True,True,True,True,True,True,True,True,RUSHA,True
True,True,True,True,True,True,True,True,True,True,True,RUSHB,True
True,True,True,True,True,True,True,True,True,True,True,RVLV,True
True,True,True,True,True,True,True,True,True,True,True,RVMD,True
True,True,True,True,True,True,True,True,True,True,True,RVP,True
True,True,True,True,True,True,True,True,True,True,True,RVPH,True
True,True,True,True,True,True,True,True,True,True,True,RVSB,True
True,True,True,True,True,True,True,True,True,True,True,RVT,True
True,True,True,True,True,True,True,True,True,True,True,RVTY,True
True,True,True,True,True,True,True,True,True,True,True,RVYL,True
True,True,True,True,True,True,True,True,True,True,True,RWAY,True
True,True,True,True,True,True,True,True,True,True,True,RWT,True
True,True,True,True,True,True,True,True,True,True,True,RXRX,True
True,True,True,True,True,True,True,True,True,True,True,RXST,True
True,True,True,True,True,True,True,True,True,True,True,RXT,True
True,True,True,True,True,True,True,True,True,True,True,RY,True
True,True,True,True,True,True,True,True,True,True,True,RYAAY,True
True,True,True,True,True,True,True,True,True,True,True,RYAM,True
True,True,True,True,True,True,True,True,True,True,True,RYAN,True
True,True,True,True,True,True,True,True,True,True,True,RYI,True
True,True,True,True,True,True,True,True,True,True,True,RYN,True
True,True,True,True,True,True,True,True,True,True,True,RYTM,True
True,True,True,True,True,True,True,True,True,True,True,RZB,True
True,True,True,True,True,True,True,True,True,True,True,RZLT,True
True,True,True,True,True,True,True,True,True,True,True,RZLV,True
True,True,True,True,True,True,True,True,True,True,True,S,True
True,True,True,True,True,True,True,True,True,True,True,SA,True
True,True,True,True,True,True,True,True,True,True,True,SABA,True
True,True,True,True,True,True,True,True,True,True,True,SABR,True
True,True,True,True,True,True,True,True,True,True,True,SABS,True
True,True,True,True,True,True,True,True,True,True,True,SACH,True
True,True,True,True,True,True,True,True,True,True,True,SAFE,True
True,True,True,True,True,True,True,True,True,True,True,SAFT,True
True,True,True,True,True,True,True,True,True,True,True,SAGE,True
True,True,True,True,True,True,True,True,True,True,True,SAH,True
True,True,True,True,True,True,True,True,True,True,True,SAIA,True
True,True,True,True,True,True,True,True,True,True,True,SAIC,True
True,True,True,True,True,True,True,True,True,True,True,SAIH,True
True,True,True,True,True,True,True,True,True,True,True,SAM,True
True,True,True,True,True,True,True,True,True,True,True,SAMG,True
True,True,True,True,True,True,True,True,True,True,True,SAN,True
True,True,True,True,True,True,True,True,True,True,True,SANA,True
True,True,True,True,True,True,True,True,True,True,True,SAND,True
True,True,True,True,True,True,True,True,True,True,True,SANG,True
True,True,True,True,True,True,True,True,True,True,True,SANM,True
True,True,True,True,True,True,True,True,True,True,True,SANW,True
True,True,True,True,True,True,True,True,True,True,True,SAP,True
True,True,True,True,True,True,True,True,True,True,True,SAR,True
True,True,True,True,True,True,True,True,True,True,True,SATL,True
True,True,True,True,True,True,True,True,True,True,True,SATS,True
True,True,True,True,True,True,True,True,True,True,True,SAVA,True
True,True,True,True,True,True,True,True,True,True,True,SB,True
True,True,True,True,True,True,True,True,True,True,True,SBAC,True
True,True,True,True,True,True,True,True,True,True,True,SBCF,True
True,True,True,True,True,True,True,True,True,True,True,SBET,True
True,True,True,True,True,True,True,True,True,True,True,SBEV,True
True,True,True,True,True,True,True,True,True,True,True,SBFG,True
True,True,True,True,True,True,True,True,True,True,True,SBFM,True
True,True,True,True,True,True,True,True,True,True,True,SBGI,True
True,True,True,True,True,True,True,True,True,True,True,SBH,True
True,True,True,True,True,True,True,True,True,True,True,SBI,True
True,True,True,True,True,True,True,True,True,True,True,SBLK,True
True,True,True,True,True,True,True,True,True,True,True,SBR,True
True,True,True,True,True,True,True,True,True,True,True,SBRA,True
True,True,True,True,True,True,True,True,True,True,True,SBS,True
True,True,True,True,True,True,True,True,True,True,True,SBSI,True
True,True,True,True,True,True,True,True,True,True,True,SBSW,True
True,True,True,True,True,True,True,True,True,True,True,SBUX,True
True,True,True,True,True,True,True,True,True,True,True,SCCC,True
True,True,True,True,True,True,True,True,True,True,True,SCCD,True
True,True,True,True,True,True,True,True,True,True,True,SCCO,True
True,True,True,True,True,True,True,True,True,True,True,SCD,True
True,True,True,True,True,True,True,True,True,True,True,SCE,True
True,True,True,True,True,True,True,True,True,True,True,SCHL,True
True,True,True,True,True,True,True,True,True,True,True,SCHW,True
True,True,True,True,True,True,True,True,True,True,True,SCI,True
True,True,True,True,True,True,True,True,True,True,True,SCKT,True
True,True,True,True,True,True,True,True,True,True,True,SCL,True
True,True,True,True,True,True,True,True,True,True,True,SCLX,True
True,True,True,True,True,True,True,True,True,True,True,SCM,True
True,True,True,True,True,True,True,True,True,True,True,SCNI,True
True,True,True,True,True,True,True,True,True,True,True,SCNX,True
True,True,True,True,True,True,True,True,True,True,True,SCOR,True
True,True,True,True,True,True,True,True,True,True,True,SCPH,True
True,True,True,True,True,True,True,True,True,True,True,SCS,True
True,True,True,True,True,True,True,True,True,True,True,SCSC,True
True,True,True,True,True,True,True,True,True,True,True,SCVL,True
True,True,True,True,True,True,True,True,True,True,True,SCWO,True
True,True,True,True,True,True,True,True,True,True,True,SCYX,True
True,True,True,True,True,True,True,True,True,True,True,SD,True
True,True,True,True,True,True,True,True,True,True,True,SDA,True
True,True,True,True,True,True,True,True,True,True,True,SDGR,True
True,True,True,True,True,True,True,True,True,True,True,SDHY,True
True,True,True,True,True,True,True,True,True,True,True,SDOT,True
True,True,True,True,True,True,True,True,True,True,True,SDST,True
True,True,True,True,True,True,True,True,True,True,True,SE,True
True,True,True,True,True,True,True,True,True,True,True,SEAT,True
True,True,True,True,True,True,True,True,True,True,True,SEATW,True
True,True,True,True,True,True,True,True,True,True,True,SEB,True
True,True,True,True,True,True,True,True,True,True,True,SEDG,True
True,True,True,True,True,True,True,True,True,True,True,SEE,True
True,True,True,True,True,True,True,True,True,True,True,SEED,True
True,True,True,True,True,True,True,True,True,True,True,SEER,True
True,True,True,True,True,True,True,True,True,True,True,SEI,True
True,True,True,True,True,True,True,True,True,True,True,SEIC,True
True,True,True,True,True,True,True,True,True,True,True,SELF,True
True,True,True,True,True,True,True,True,True,True,True,SEM,True
True,True,True,True,True,True,True,True,True,True,True,SEMR,True
True,True,True,True,True,True,True,True,True,True,True,SENEA,True
True,True,True,True,True,True,True,True,True,True,True,SENEB,True
True,True,True,True,True,True,True,True,True,True,True,SENS,True
True,True,True,True,True,True,True,True,True,True,True,SER,True
True,True,True,True,True,True,True,True,True,True,True,SERA,True
True,True,True,True,True,True,True,True,True,True,True,SES,True
True,True,True,True,True,True,True,True,True,True,True,SEVN,True
True,True,True,True,True,True,True,True,True,True,True,SF,True
True,True,True,True,True,True,True,True,True,True,True,SFBC,True
True,True,True,True,True,True,True,True,True,True,True,SFBS,True
True,True,True,True,True,True,True,True,True,True,True,SFIX,True
True,True,True,True,True,True,True,True,True,True,True,SFL,True
True,True,True,True,True,True,True,True,True,True,True,SFM,True
True,True,True,True,True,True,True,True,True,True,True,SFNC,True
True,True,True,True,True,True,True,True,True,True,True,SFST,True
True,True,True,True,True,True,True,True,True,True,True,SG,True
True,True,True,True,True,True,True,True,True,True,True,SGA,True
True,True,True,True,True,True,True,True,True,True,True,SGBX,True
True,True,True,True,True,True,True,True,True,True,True,SGC,True
True,True,True,True,True,True,True,True,True,True,True,SGHC,True
True,True,True,True,True,True,True,True,True,True,True,SGHT,True
True,True,True,True,True,True,True,True,True,True,True,SGI,True
True,True,True,True,True,True,True,True,True,True,True,SGLY,True
True,True,True,True,True,True,True,True,True,True,True,SGMA,True
True,True,True,True,True,True,True,True,True,True,True,SGML,True
True,True,True,True,True,True,True,True,True,True,True,SGMO,True
True,True,True,True,True,True,True,True,True,True,True,SGRP,True
True,True,True,True,True,True,True,True,True,True,True,SGRY,True
True,True,True,True,True,True,True,True,True,True,True,SGU,True
True,True,True,True,True,True,True,True,True,True,True,SHAK,True
True,True,True,True,True,True,True,True,True,True,True,SHBI,True
True,True,True,True,True,True,True,True,True,True,True,SHC,True
True,True,True,True,True,True,True,True,True,True,True,SHCO,True
True,True,True,True,True,True,True,True,True,True,True,SHEL,True
True,True,True,True,True,True,True,True,True,True,True,SHEN,True
True,True,True,True,True,True,True,True,True,True,True,SHFS,True
True,True,True,True,True,True,True,True,True,True,True,SHG,True
True,True,True,True,True,True,True,True,True,True,True,SHIP,True
True,True,True,True,True,True,True,True,True,True,True,SHLS,True
True,True,True,True,True,True,True,True,True,True,True,SHO,True
True,True,True,True,True,True,True,True,True,True,True,SHOO,True
True,True,True,True,True,True,True,True,True,True,True,SHOP,True
True,True,True,True,True,True,True,True,True,True,True,SHOT,True
True,True,True,True,True,True,True,True,True,True,True,SHW,True
True,True,True,True,True,True,True,True,True,True,True,SHYF,True
True,True,True,True,True,True,True,True,True,True,True,SIBN,True
True,True,True,True,True,True,True,True,True,True,True,SID,True
True,True,True,True,True,True,True,True,True,True,True,SIDU,True
True,True,True,True,True,True,True,True,True,True,True,SIEB,True
True,True,True,True,True,True,True,True,True,True,True,SIF,True
True,True,True,True,True,True,True,True,True,True,True,SIFY,True
True,True,True,True,True,True,True,True,True,True,True,SIG,True
True,True,True,True,True,True,True,True,True,True,True,SIGA,True
True,True,True,True,True,True,True,True,True,True,True,SIGI,True
True,True,True,True,True,True,True,True,True,True,True,SIGIP,True
True,True,True,True,True,True,True,True,True,True,True,SII,True
True,True,True,True,True,True,True,True,True,True,True,SILC,True
True,True,True,True,True,True,True,True,True,True,True,SILO,True
True,True,True,True,True,True,True,True,True,True,True,SIM,True
True,True,True,True,True,True,True,True,True,True,True,SIMO,True
True,True,True,True,True,True,True,True,True,True,True,SINT,True
True,True,True,True,True,True,True,True,True,True,True,SIRI,True
True,True,True,True,True,True,True,True,True,True,True,SISI,True
True,True,True,True,True,True,True,True,True,True,True,SITC,True
True,True,True,True,True,True,True,True,True,True,True,SITE,True
True,True,True,True,True,True,True,True,True,True,True,SITM,True
True,True,True,True,True,True,True,True,True,True,True,SJ,True
True,True,True,True,True,True,True,True,True,True,True,SJM,True
True,True,True,True,True,True,True,True,True,True,True,SJT,True
True,True,True,True,True,True,True,True,True,True,True,SKE,True
True,True,True,True,True,True,True,True,True,True,True,SKIL,True
True,True,True,True,True,True,True,True,True,True,True,SKIN,True
True,True,True,True,True,True,True,True,True,True,True,SKLZ,True
True,True,True,True,True,True,True,True,True,True,True,SKM,True
True,True,True,True,True,True,True,True,True,True,True,SKT,True
True,True,True,True,True,True,True,True,True,True,True,SKX,True
True,True,True,True,True,True,True,True,True,True,True,SKY,True
True,True,True,True,True,True,True,True,True,True,True,SKYE,True
True,True,True,True,True,True,True,True,True,True,True,SKYH,True
True,True,True,True,True,True,True,True,True,True,True,SKYT,True
True,True,True,True,True,True,True,True,True,True,True,SKYW,True
True,True,True,True,True,True,True,True,True,True,True,SKYX,True
True,True,True,True,True,True,True,True,True,True,True,SLAB,True
True,True,True,True,True,True,True,True,True,True,True,SLB,True
True,True,True,True,True,True,True,True,True,True,True,SLDB,True
True,True,True,True,True,True,True,True,True,True,True,SLDP,True
True,True,True,True,True,True,True,True,True,True,True,SLE,True
True,True,True,True,True,True,True,True,True,True,True,SLF,True
True,True,True,True,True,True,True,True,True,True,True,SLG,True
True,True,True,True,True,True,True,True,True,True,True,SLGL,True
True,True,True,True,True,True,True,True,True,True,True,SLGN,True
True,True,True,True,True,True,True,True,True,True,True,SLI,True
True,True,True,True,True,True,True,True,True,True,True,SLM,True
True,True,True,True,True,True,True,True,True,True,True,SLMBP,True
True,True,True,True,True,True,True,True,True,True,True,SLN,True
True,True,True,True,True,True,True,True,True,True,True,SLND,True
True,True,True,True,True,True,True,True,True,True,True,SLNG,True
True,True,True,True,True,True,True,True,True,True,True,SLNH,True
True,True,True,True,True,True,True,True,True,True,True,SLNHP,True
True,True,True,True,True,True,True,True,True,True,True,SLNO,True
True,True,True,True,True,True,True,True,True,True,True,SLP,True
True,True,True,True,True,True,True,True,True,True,True,SLQT,True
True,True,True,True,True,True,True,True,True,True,True,SLRC,True
True,True,True,True,True,True,True,True,True,True,True,SLRX,True
True,True,True,True,True,True,True,True,True,True,True,SLS,True
True,True,True,True,True,True,True,True,True,True,True,SLSN,True
True,True,True,True,True,True,True,True,True,True,True,SLSR,True
True,True,True,True,True,True,True,True,True,True,True,SLVM,True
True,True,True,True,True,True,True,True,True,True,True,SLXN,True
True,True,True,True,True,True,True,True,True,True,True,SM,True
True,True,True,True,True,True,True,True,True,True,True,SMBC,True
True,True,True,True,True,True,True,True,True,True,True,SMBK,True
True,True,True,True,True,True,True,True,True,True,True,SMC,True
True,True,True,True,True,True,True,True,True,True,True,SMCI,True
True,True,True,True,True,True,True,True,True,True,True,SMFG,True
True,True,True,True,True,True,True,True,True,True,True,SMG,True
True,True,True,True,True,True,True,True,True,True,True,SMHI,True
True,True,True,True,True,True,True,True,True,True,True,SMID,True
True,True,True,True,True,True,True,True,True,True,True,SMLR,True
True,True,True,True,True,True,True,True,True,True,True,SMMT,True
True,True,True,True,True,True,True,True,True,True,True,SMRT,True
True,True,True,True,True,True,True,True,True,True,True,SMSI,True
True,True,True,True,True,True,True,True,True,True,True,SMTC,True
True,True,True,True,True,True,True,True,True,True,True,SMTI,True
True,True,True,True,True,True,True,True,True,True,True,SMWB,True
True,True,True,True,True,True,True,True,True,True,True,SMX,True
True,True,True,True,True,True,True,True,True,True,True,SNA,True
True,True,True,True,True,True,True,True,True,True,True,SNAP,True
True,True,True,True,True,True,True,True,True,True,True,SNBR,True
True,True,True,True,True,True,True,True,True,True,True,SNCR,True
True,True,True,True,True,True,True,True,True,True,True,SNCY,True
True,True,True,True,True,True,True,True,True,True,True,SND,True
True,True,True,True,True,True,True,True,True,True,True,SNDA,True
True,True,True,True,True,True,True,True,True,True,True,SNDL,True
True,True,True,True,True,True,True,True,True,True,True,SNDR,True
True,True,True,True,True,True,True,True,True,True,True,SNDX,True
True,True,True,True,True,True,True,True,True,True,True,SNES,True
True,True,True,True,True,True,True,True,True,True,True,SNEX,True
True,True,True,True,True,True,True,True,True,True,True,SNFCA,True
True,True,True,True,True,True,True,True,True,True,True,SNGX,True
True,True,True,True,True,True,True,True,True,True,True,SNN,True
True,True,True,True,True,True,True,True,True,True,True,SNOA,True
True,True,True,True,True,True,True,True,True,True,True,SNOW,True
True,True,True,True,True,True,True,True,True,True,True,SNPS,True
True,True,True,True,True,True,True,True,True,True,True,SNPX,True
True,True,True,True,True,True,True,True,True,True,True,SNSE,True
True,True,True,True,True,True,True,True,True,True,True,SNT,True
True,True,True,True,True,True,True,True,True,True,True,SNTG,True
True,True,True,True,True,True,True,True,True,True,True,SNTI,True
True,True,True,True,True,True,True,True,True,True,True,SNV,True
True,True,True,True,True,True,True,True,True,True,True,SNX,True
True,True,True,True,True,True,True,True,True,True,True,SNY,True
True,True,True,True,True,True,True,True,True,True,True,SO,True
True,True,True,True,True,True,True,True,True,True,True,SOAR,True
True,True,True,True,True,True,True,True,True,True,True,SOBR,True
True,True,True,True,True,True,True,True,True,True,True,SOC,True
True,True,True,True,True,True,True,True,True,True,True,SOFI,True
True,True,True,True,True,True,True,True,True,True,True,SOGP,True
True,True,True,True,True,True,True,True,True,True,True,SOHO,True
True,True,True,True,True,True,True,True,True,True,True,SOHOB,True
True,True,True,True,True,True,True,True,True,True,True,SOHON,True
True,True,True,True,True,True,True,True,True,True,True,SOHOO,True
True,True,True,True,True,True,True,True,True,True,True,SOHU,True
True,True,True,True,True,True,True,True,True,True,True,SOJC,True
True,True,True,True,True,True,True,True,True,True,True,SOJD,True
True,True,True,True,True,True,True,True,True,True,True,SOJE,True
True,True,True,True,True,True,True,True,True,True,True,SOL,True
True,True,True,True,True,True,True,True,True,True,True,SON,True
True,True,True,True,True,True,True,True,True,True,True,SOND,True
True,True,True,True,True,True,True,True,True,True,True,SONM,True
True,True,True,True,True,True,True,True,True,True,True,SONN,True
True,True,True,True,True,True,True,True,True,True,True,SONO,True
True,True,True,True,True,True,True,True,True,True,True,SONY,True
True,True,True,True,True,True,True,True,True,True,True,SOPA,True
True,True,True,True,True,True,True,True,True,True,True,SOPH,True
True,True,True,True,True,True,True,True,True,True,True,SOR,True
True,True,True,True,True,True,True,True,True,True,True,SOS,True
True,True,True,True,True,True,True,True,True,True,True,SOTK,True
True,True,True,True,True,True,True,True,True,True,True,SOWG,True
True,True,True,True,True,True,True,True,True,True,True,SPB,True
True,True,True,True,True,True,True,True,True,True,True,SPCB,True
True,True,True,True,True,True,True,True,True,True,True,SPCE,True
True,True,True,True,True,True,True,True,True,True,True,SPE,True
True,True,True,True,True,True,True,True,True,True,True,SPFI,True
True,True,True,True,True,True,True,True,True,True,True,SPG,True
True,True,True,True,True,True,True,True,True,True,True,SPGI,True
True,True,True,True,True,True,True,True,True,True,True,SPH,True
True,True,True,True,True,True,True,True,True,True,True,SPHR,True
True,True,True,True,True,True,True,True,True,True,True,SPIR,True
True,True,True,True,True,True,True,True,True,True,True,SPNS,True
True,True,True,True,True,True,True,True,True,True,True,SPNT,True
True,True,True,True,True,True,True,True,True,True,True,SPOK,True
True,True,True,True,True,True,True,True,True,True,True,SPOT,True
True,True,True,True,True,True,True,True,True,True,True,SPR,True
True,True,True,True,True,True,True,True,True,True,True,SPRC,True
True,True,True,True,True,True,True,True,True,True,True,SPRO,True
True,True,True,True,True,True,True,True,True,True,True,SPRU,True
True,True,True,True,True,True,True,True,True,True,True,SPRY,True
True,True,True,True,True,True,True,True,True,True,True,SPSC,True
True,True,True,True,True,True,True,True,True,True,True,SPT,True
True,True,True,True,True,True,True,True,True,True,True,SPTN,True
True,True,True,True,True,True,True,True,True,True,True,SPWH,True
True,True,True,True,True,True,True,True,True,True,True,SPXC,True
True,True,True,True,True,True,True,True,True,True,True,SPXX,True
True,True,True,True,True,True,True,True,True,True,True,SQFT,True
True,True,True,True,True,True,True,True,True,True,True,SQFTP,True
True,True,True,True,True,True,True,True,True,True,True,SQM,True
True,True,True,True,True,True,True,True,True,True,True,SQNS,True
True,True,True,True,True,True,True,True,True,True,True,SR,True
True,True,True,True,True,True,True,True,True,True,True,SRAD,True
True,True,True,True,True,True,True,True,True,True,True,SRCE,True
True,True,True,True,True,True,True,True,True,True,True,SRDX,True
True,True,True,True,True,True,True,True,True,True,True,SRE,True
True,True,True,True,True,True,True,True,True,True,True,SREA,True
True,True,True,True,True,True,True,True,True,True,True,SRG,True
True,True,True,True,True,True,True,True,True,True,True,SRI,True
True,True,True,True,True,True,True,True,True,True,True,SRL,True
True,True,True,True,True,True,True,True,True,True,True,SRPT,True
True,True,True,True,True,True,True,True,True,True,True,SRRK,True
True,True,True,True,True,True,True,True,True,True,True,SRTS,True
True,True,True,True,True,True,True,True,True,True,True,SRV,True
True,True,True,True,True,True,True,True,True,True,True,SRXH,True
True,True,True,True,True,True,True,True,True,True,True,SRZN,True
True,True,True,True,True,True,True,True,True,True,True,SSB,True
True,True,True,True,True,True,True,True,True,True,True,SSBI,True
True,True,True,True,True,True,True,True,True,True,True,SSBK,True
True,True,True,True,True,True,True,True,True,True,True,SSD,True
True,True,True,True,True,True,True,True,True,True,True,SSKN,True
True,True,True,True,True,True,True,True,True,True,True,SSL,True
True,True,True,True,True,True,True,True,True,True,True,SSNC,True
True,True,True,True,True,True,True,True,True,True,True,SSP,True
True,True,True,True,True,True,True,True,True,True,True,SSRM,True
True,True,True,True,True,True,True,True,True,True,True,SSSS,True
True,True,True,True,True,True,True,True,True,True,True,SSSSL,True
True,True,True,True,True,True,True,True,True,True,True,SST,True
True,True,True,True,True,True,True,True,True,True,True,SSTI,True
True,True,True,True,True,True,True,True,True,True,True,SSTK,True
True,True,True,True,True,True,True,True,True,True,True,SSY,True
True,True,True,True,True,True,True,True,True,True,True,SSYS,True
True,True,True,True,True,True,True,True,True,True,True,ST,True
True,True,True,True,True,True,True,True,True,True,True,STAA,True
True,True,True,True,True,True,True,True,True,True,True,STAG,True
True,True,True,True,True,True,True,True,True,True,True,STBA,True
True,True,True,True,True,True,True,True,True,True,True,STC,True
True,True,True,True,True,True,True,True,True,True,True,STE,True
True,True,True,True,True,True,True,True,True,True,True,STEC,True
True,True,True,True,True,True,True,True,True,True,True,STEL,True
True,True,True,True,True,True,True,True,True,True,True,STEM,True
True,True,True,True,True,True,True,True,True,True,True,STEP,True
True,True,True,True,True,True,True,True,True,True,True,STEW,True
True,True,True,True,True,True,True,True,True,True,True,STG,True
True,True,True,True,True,True,True,True,True,True,True,STGW,True
True,True,True,True,True,True,True,True,True,True,True,STIM,True
True,True,True,True,True,True,True,True,True,True,True,STK,True
True,True,True,True,True,True,True,True,True,True,True,STKH,True
True,True,True,True,True,True,True,True,True,True,True,STKL,True
True,True,True,True,True,True,True,True,True,True,True,STKS,True
True,True,True,True,True,True,True,True,True,True,True,STLA,True
True,True,True,True,True,True,True,True,True,True,True,STLD,True
True,True,True,True,True,True,True,True,True,True,True,STM,True
True,True,True,True,True,True,True,True,True,True,True,STN,True
True,True,True,True,True,True,True,True,True,True,True,STNE,True
True,True,True,True,True,True,True,True,True,True,True,STNG,True
True,True,True,True,True,True,True,True,True,True,True,STOK,True
True,True,True,True,True,True,True,True,True,True,True,STR,True
True,True,True,True,True,True,True,True,True,True,True,STRA,True
True,True,True,True,True,True,True,True,True,True,True,STRL,True
True,True,True,True,True,True,True,True,True,True,True,STRM,True
True,True,True,True,True,True,True,True,True,True,True,STRO,True
True,True,True,True,True,True,True,True,True,True,True,STRR,True
True,True,True,True,True,True,True,True,True,True,True,STRRP,True
True,True,True,True,True,True,True,True,True,True,True,STRS,True
True,True,True,True,True,True,True,True,True,True,True,STRT,True
True,True,True,True,True,True,True,True,True,True,True,STT,True
True,True,True,True,True,True,True,True,True,True,True,STTK,True
True,True,True,True,True,True,True,True,True,True,True,STVN,True
True,True,True,True,True,True,True,True,True,True,True,STWD,True
True,True,True,True,True,True,True,True,True,True,True,STX,True
True,True,True,True,True,True,True,True,True,True,True,STXS,True
True,True,True,True,True,True,True,True,True,True,True,STZ,True
True,True,True,True,True,True,True,True,True,True,True,SU,True
True,True,True,True,True,True,True,True,True,True,True,SUI,True
True,True,True,True,True,True,True,True,True,True,True,SUN,True
True,True,True,True,True,True,True,True,True,True,True,SUNE,True
True,True,True,True,True,True,True,True,True,True,True,SUPN,True
True,True,True,True,True,True,True,True,True,True,True,SUPV,True
True,True,True,True,True,True,True,True,True,True,True,SURG,True
True,True,True,True,True,True,True,True,True,True,True,SUZ,True
True,True,True,True,True,True,True,True,True,True,True,SVC,True
True,True,True,True,True,True,True,True,True,True,True,SVM,True
True,True,True,True,True,True,True,True,True,True,True,SVRA,True
True,True,True,True,True,True,True,True,True,True,True,SVT,True
True,True,True,True,True,True,True,True,True,True,True,SWAG,True
True,True,True,True,True,True,True,True,True,True,True,SWBI,True
True,True,True,True,True,True,True,True,True,True,True,SWIM,True
True,True,True,True,True,True,True,True,True,True,True,SWK,True
True,True,True,True,True,True,True,True,True,True,True,SWKH,True
True,True,True,True,True,True,True,True,True,True,True,SWKS,True
True,True,True,True,True,True,True,True,True,True,True,SWTX,True
True,True,True,True,True,True,True,True,True,True,True,SWVL,True
True,True,True,True,True,True,True,True,True,True,True,SWX,True
True,True,True,True,True,True,True,True,True,True,True,SWZ,True
True,True,True,True,True,True,True,True,True,True,True,SXC,True
True,True,True,True,True,True,True,True,True,True,True,SXI,True
True,True,True,True,True,True,True,True,True,True,True,SXT,True
True,True,True,True,True,True,True,True,True,True,True,SXTC,True
True,True,True,True,True,True,True,True,True,True,True,SY,True
True,True,True,True,True,True,True,True,True,True,True,SYBT,True
True,True,True,True,True,True,True,True,True,True,True,SYBX,True
True,True,True,True,True,True,True,True,True,True,True,SYF,True
True,True,True,True,True,True,True,True,True,True,True,SYK,True
True,True,True,True,True,True,True,True,True,True,True,SYM,True
True,True,True,True,True,True,True,True,True,True,True,SYNA,True
True,True,True,True,True,True,True,True,True,True,True,SYPR,True
True,True,True,True,True,True,True,True,True,True,True,SYRE,True
True,True,True,True,True,True,True,True,True,True,True,SYTA,True
True,True,True,True,True,True,True,True,True,True,True,SYY,True
True,True,True,True,True,True,True,True,True,True,True,T,True
True,True,True,True,True,True,True,True,True,True,True,TAC,True
True,True,True,True,True,True,True,True,True,True,True,TACT,True
True,True,True,True,True,True,True,True,True,True,True,TAIT,True
True,True,True,True,True,True,True,True,True,True,True,TAK,True
True,True,True,True,True,True,True,True,True,True,True,TAL,True
True,True,True,True,True,True,True,True,True,True,True,TALK,True
True,True,True,True,True,True,True,True,True,True,True,TALO,True
True,True,True,True,True,True,True,True,True,True,True,TANH,True
True,True,True,True,True,True,True,True,True,True,True,TAOP,True
True,True,True,True,True,True,True,True,True,True,True,TAP,True
True,True,True,True,True,True,True,True,True,True,True,TARA,True
True,True,True,True,True,True,True,True,True,True,True,TARS,True
True,True,True,True,True,True,True,True,True,True,True,TASK,True
True,True,True,True,True,True,True,True,True,True,True,TATT,True
True,True,True,True,True,True,True,True,True,True,True,TAYD,True
True,True,True,True,True,True,True,True,True,True,True,TBB,True
True,True,True,True,True,True,True,True,True,True,True,TBBK,True
True,True,True,True,True,True,True,True,True,True,True,TBCH,True
True,True,True,True,True,True,True,True,True,True,True,TBI,True
True,True,True,True,True,True,True,True,True,True,True,TBLA,True
True,True,True,True,True,True,True,True,True,True,True,TBLD,True
True,True,True,True,True,True,True,True,True,True,True,TBPH,True
True,True,True,True,True,True,True,True,True,True,True,TBRG,True
True,True,True,True,True,True,True,True,True,True,True,TC,True
True,True,True,True,True,True,True,True,True,True,True,TCBI,True
True,True,True,True,True,True,True,True,True,True,True,TCBIO,True
True,True,True,True,True,True,True,True,True,True,True,TCBK,True
True,True,True,True,True,True,True,True,True,True,True,TCBS,True
True,True,True,True,True,True,True,True,True,True,True,TCBX,True
True,True,True,True,True,True,True,True,True,True,True,TCI,True
True,True,True,True,True,True,True,True,True,True,True,TCMD,True
True,True,True,True,True,True,True,True,True,True,True,TCOM,True
True,True,True,True,True,True,True,True,True,True,True,TCPC,True
True,True,True,True,True,True,True,True,True,True,True,TCRT,True
True,True,True,True,True,True,True,True,True,True,True,TCRX,True
True,True,True,True,True,True,True,True,True,True,True,TCX,True
True,True,True,True,True,True,True,True,True,True,True,TD,True
True,True,True,True,True,True,True,True,True,True,True,TDC,True
True,True,True,True,True,True,True,True,True,True,True,TDF,True
True,True,True,True,True,True,True,True,True,True,True,TDG,True
True,True,True,True,True,True,True,True,True,True,True,TDOC,True
True,True,True,True,True,True,True,True,True,True,True,TDS,True
True,True,True,True,True,True,True,True,True,True,True,TDUP,True
True,True,True,True,True,True,True,True,True,True,True,TDW,True
True,True,True,True,True,True,True,True,True,True,True,TDY,True
True,True,True,True,True,True,True,True,True,True,True,TE,True
True,True,True,True,True,True,True,True,True,True,True,TEAD,True
True,True,True,True,True,True,True,True,True,True,True,TEAF,True
True,True,True,True,True,True,True,True,True,True,True,TEAM,True
True,True,True,True,True,True,True,True,True,True,True,TECH,True
True,True,True,True,True,True,True,True,True,True,True,TECK,True
True,True,True,True,True,True,True,True,True,True,True,TECTP,True
True,True,True,True,True,True,True,True,True,True,True,TECX,True
True,True,True,True,True,True,True,True,True,True,True,TEF,True
True,True,True,True,True,True,True,True,True,True,True,TEI,True
True,True,True,True,True,True,True,True,True,True,True,TEL,True
True,True,True,True,True,True,True,True,True,True,True,TELA,True
True,True,True,True,True,True,True,True,True,True,True,TEN,True
True,True,True,True,True,True,True,True,True,True,True,TENB,True
True,True,True,True,True,True,True,True,True,True,True,TENX,True
True,True,True,True,True,True,True,True,True,True,True,TEO,True
True,True,True,True,True,True,True,True,True,True,True,TER,True
True,True,True,True,True,True,True,True,True,True,True,TERN,True
True,True,True,True,True,True,True,True,True,True,True,TEVA,True
True,True,True,True,True,True,True,True,True,True,True,TEX,True
True,True,True,True,True,True,True,True,True,True,True,TFC,True
True,True,True,True,True,True,True,True,True,True,True,TFII,True
True,True,True,True,True,True,True,True,True,True,True,TFIN,True
True,True,True,True,True,True,True,True,True,True,True,TFINP,True
True,True,True,True,True,True,True,True,True,True,True,TFSA,True
True,True,True,True,True,True,True,True,True,True,True,TFSL,True
True,True,True,True,True,True,True,True,True,True,True,TFX,True
True,True,True,True,True,True,True,True,True,True,True,TG,True
True,True,True,True,True,True,True,True,True,True,True,TGB,True
True,True,True,True,True,True,True,True,True,True,True,TGEN,True
True,True,True,True,True,True,True,True,True,True,True,TGI,True
True,True,True,True,True,True,True,True,True,True,True,TGLS,True
True,True,True,True,True,True,True,True,True,True,True,TGNA,True
True,True,True,True,True,True,True,True,True,True,True,TGS,True
True,True,True,True,True,True,True,True,True,True,True,TGT,True
True,True,True,True,True,True,True,True,True,True,True,TGTX,True
True,True,True,True,True,True,True,True,True,True,True,TH,True
True,True,True,True,True,True,True,True,True,True,True,THAR,True
True,True,True,True,True,True,True,True,True,True,True,THC,True
True,True,True,True,True,True,True,True,True,True,True,THCH,True
True,True,True,True,True,True,True,True,True,True,True,THFF,True
True,True,True,True,True,True,True,True,True,True,True,THG,True
True,True,True,True,True,True,True,True,True,True,True,THM,True
True,True,True,True,True,True,True,True,True,True,True,THO,True
True,True,True,True,True,True,True,True,True,True,True,THQ,True
True,True,True,True,True,True,True,True,True,True,True,THR,True
True,True,True,True,True,True,True,True,True,True,True,THRM,True
True,True,True,True,True,True,True,True,True,True,True,THRY,True
True,True,True,True,True,True,True,True,True,True,True,THS,True
True,True,True,True,True,True,True,True,True,True,True,THTX,True
True,True,True,True,True,True,True,True,True,True,True,THW,True
True,True,True,True,True,True,True,True,True,True,True,TIGO,True
True,True,True,True,True,True,True,True,True,True,True,TIGR,True
True,True,True,True,True,True,True,True,True,True,True,TIL,True
True,True,True,True,True,True,True,True,True,True,True,TILE,True
True,True,True,True,True,True,True,True,True,True,True,TIMB,True
True,True,True,True,True,True,True,True,True,True,True,TIPT,True
True,True,True,True,True,True,True,True,True,True,True,TIRX,True
True,True,True,True,True,True,True,True,True,True,True,TISI,True
True,True,True,True,True,True,True,True,True,True,True,TITN,True
True,True,True,True,True,True,True,True,True,True,True,TIVC,True
True,True,True,True,True,True,True,True,True,True,True,TIXT,True
True,True,True,True,True,True,True,True,True,True,True,TJX,True
True,True,True,True,True,True,True,True,True,True,True,TK,True
True,True,True,True,True,True,True,True,True,True,True,TKC,True
True,True,True,True,True,True,True,True,True,True,True,TKLF,True
True,True,True,True,True,True,True,True,True,True,True,TKNO,True
True,True,True,True,True,True,True,True,True,True,True,TKO,True
True,True,True,True,True,True,True,True,True,True,True,TKR,True
True,True,True,True,True,True,True,True,True,True,True,TLF,True
True,True,True,True,True,True,True,True,True,True,True,TLK,True
True,True,True,True,True,True,True,True,True,True,True,TLPH,True
True,True,True,True,True,True,True,True,True,True,True,TLRY,True
True,True,True,True,True,True,True,True,True,True,True,TLS,True
True,True,True,True,True,True,True,True,True,True,True,TLSA,True
True,True,True,True,True,True,True,True,True,True,True,TLSI,True
True,True,True,True,True,True,True,True,True,True,True,TLYS,True
True,True,True,True,True,True,True,True,True,True,True,TM,True
True,True,True,True,True,True,True,True,True,True,True,TMC,True
True,True,True,True,True,True,True,True,True,True,True,TMCI,True
True,True,True,True,True,True,True,True,True,True,True,TMCWW,True
True,True,True,True,True,True,True,True,True,True,True,TMDX,True
True,True,True,True,True,True,True,True,True,True,True,TME,True
True,True,True,True,True,True,True,True,True,True,True,TMHC,True
True,True,True,True,True,True,True,True,True,True,True,TMO,True
True,True,True,True,True,True,True,True,True,True,True,TMP,True
True,True,True,True,True,True,True,True,True,True,True,TMQ,True
True,True,True,True,True,True,True,True,True,True,True,TMUS,True
True,True,True,True,True,True,True,True,True,True,True,TNC,True
True,True,True,True,True,True,True,True,True,True,True,TNDM,True
True,True,True,True,True,True,True,True,True,True,True,TNET,True
True,True,True,True,True,True,True,True,True,True,True,TNFA,True
True,True,True,True,True,True,True,True,True,True,True,TNGX,True
True,True,True,True,True,True,True,True,True,True,True,TNK,True
True,True,True,True,True,True,True,True,True,True,True,TNL,True
True,True,True,True,True,True,True,True,True,True,True,TNMG,True
True,True,True,True,True,True,True,True,True,True,True,TNXP,True
True,True,True,True,True,True,True,True,True,True,True,TNYA,True
True,True,True,True,True,True,True,True,True,True,True,TOI,True
True,True,True,True,True,True,True,True,True,True,True,TOL,True
True,True,True,True,True,True,True,True,True,True,True,TOMZ,True
True,True,True,True,True,True,True,True,True,True,True,TOON,True
True,True,True,True,True,True,True,True,True,True,True,TOPS,True
True,True,True,True,True,True,True,True,True,True,True,TOST,True
True,True,True,True,True,True,True,True,True,True,True,TOUR,True
True,True,True,True,True,True,True,True,True,True,True,TOVX,True
True,True,True,True,True,True,True,True,True,True,True,TOWN,True
True,True,True,True,True,True,True,True,True,True,True,TPB,True
True,True,True,True,True,True,True,True,True,True,True,TPC,True
True,True,True,True,True,True,True,True,True,True,True,TPCS,True
True,True,True,True,True,True,True,True,True,True,True,TPG,True
True,True,True,True,True,True,True,True,True,True,True,TPH,True
True,True,True,True,True,True,True,True,True,True,True,TPIC,True
True,True,True,True,True,True,True,True,True,True,True,TPL,True
True,True,True,True,True,True,True,True,True,True,True,TPR,True
True,True,True,True,True,True,True,True,True,True,True,TPST,True
True,True,True,True,True,True,True,True,True,True,True,TPTA,True
True,True,True,True,True,True,True,True,True,True,True,TPVG,True
True,True,True,True,True,True,True,True,True,True,True,TR,True
True,True,True,True,True,True,True,True,True,True,True,TRAK,True
True,True,True,True,True,True,True,True,True,True,True,TRAW,True
True,True,True,True,True,True,True,True,True,True,True,TRC,True
True,True,True,True,True,True,True,True,True,True,True,TRDA,True
True,True,True,True,True,True,True,True,True,True,True,TREE,True
True,True,True,True,True,True,True,True,True,True,True,TREX,True
True,True,True,True,True,True,True,True,True,True,True,TRGP,True
True,True,True,True,True,True,True,True,True,True,True,TRI,True
True,True,True,True,True,True,True,True,True,True,True,TRIB,True
True,True,True,True,True,True,True,True,True,True,True,TRIN,True
True,True,True,True,True,True,True,True,True,True,True,TRIP,True
True,True,True,True,True,True,True,True,True,True,True,TRMB,True
True,True,True,True,True,True,True,True,True,True,True,TRMD,True
True,True,True,True,True,True,True,True,True,True,True,TRMK,True
True,True,True,True,True,True,True,True,True,True,True,TRML,True
True,True,True,True,True,True,True,True,True,True,True,TRN,True
True,True,True,True,True,True,True,True,True,True,True,TRNO,True
True,True,True,True,True,True,True,True,True,True,True,TRNS,True
True,True,True,True,True,True,True,True,True,True,True,TROO,True
True,True,True,True,True,True,True,True,True,True,True,TROW,True
True,True,True,True,True,True,True,True,True,True,True,TROX,True
True,True,True,True,True,True,True,True,True,True,True,TRP,True
True,True,True,True,True,True,True,True,True,True,True,TRS,True
True,True,True,True,True,True,True,True,True,True,True,TRST,True
True,True,True,True,True,True,True,True,True,True,True,TRT,True
True,True,True,True,True,True,True,True,True,True,True,TRTX,True
True,True,True,True,True,True,True,True,True,True,True,TRU,True
True,True,True,True,True,True,True,True,True,True,True,TRUE,True
True,True,True,True,True,True,True,True,True,True,True,TRUG,True
True,True,True,True,True,True,True,True,True,True,True,TRUP,True
True,True,True,True,True,True,True,True,True,True,True,TRV,True
True,True,True,True,True,True,True,True,True,True,True,TRVG,True
True,True,True,True,True,True,True,True,True,True,True,TRVI,True
True,True,True,True,True,True,True,True,True,True,True,TRX,True
True,True,True,True,True,True,True,True,True,True,True,TS,True
True,True,True,True,True,True,True,True,True,True,True,TSAT,True
True,True,True,True,True,True,True,True,True,True,True,TSBK,True
True,True,True,True,True,True,True,True,True,True,True,TSCO,True
True,True,True,True,True,True,True,True,True,True,True,TSE,True
True,True,True,True,True,True,True,True,True,True,True,TSEM,True
True,True,True,True,True,True,True,True,True,True,True,TSHA,True
True,True,True,True,True,True,True,True,True,True,True,TSI,True
True,True,True,True,True,True,True,True,True,True,True,TSLA,True
True,True,True,True,True,True,True,True,True,True,True,TSLX,True
True,True,True,True,True,True,True,True,True,True,True,TSM,True
True,True,True,True,True,True,True,True,True,True,True,TSN,True
True,True,True,True,True,True,True,True,True,True,True,TSQ,True
True,True,True,True,True,True,True,True,True,True,True,TSSI,True
True,True,True,True,True,True,True,True,True,True,True,TT,True
True,True,True,True,True,True,True,True,True,True,True,TTC,True
True,True,True,True,True,True,True,True,True,True,True,TTD,True
True,True,True,True,True,True,True,True,True,True,True,TTE,True
True,True,True,True,True,True,True,True,True,True,True,TTEC,True
True,True,True,True,True,True,True,True,True,True,True,TTEK,True
True,True,True,True,True,True,True,True,True,True,True,TTGT,True
True,True,True,True,True,True,True,True,True,True,True,TTI,True
True,True,True,True,True,True,True,True,True,True,True,TTMI,True
True,True,True,True,True,True,True,True,True,True,True,TTNP,True
True,True,True,True,True,True,True,True,True,True,True,TTSH,True
True,True,True,True,True,True,True,True,True,True,True,TTWO,True
True,True,True,True,True,True,True,True,True,True,True,TU,True
True,True,True,True,True,True,True,True,True,True,True,TURN,True
True,True,True,True,True,True,True,True,True,True,True,TUSK,True
True,True,True,True,True,True,True,True,True,True,True,TUYA,True
True,True,True,True,True,True,True,True,True,True,True,TV,True
True,True,True,True,True,True,True,True,True,True,True,TVC,True
True,True,True,True,True,True,True,True,True,True,True,TVE,True
True,True,True,True,True,True,True,True,True,True,True,TVGN,True
True,True,True,True,True,True,True,True,True,True,True,TVRD,True
True,True,True,True,True,True,True,True,True,True,True,TVTX,True
True,True,True,True,True,True,True,True,True,True,True,TW,True
True,True,True,True,True,True,True,True,True,True,True,TWI,True
True,True,True,True,True,True,True,True,True,True,True,TWIN,True
True,True,True,True,True,True,True,True,True,True,True,TWLO,True
True,True,True,True,True,True,True,True,True,True,True,TWN,True
True,True,True,True,True,True,True,True,True,True,True,TWO,True
True,True,True,True,True,True,True,True,True,True,True,TWST,True
True,True,True,True,True,True,True,True,True,True,True,TX,True
True,True,True,True,True,True,True,True,True,True,True,TXG,True
True,True,True,True,True,True,True,True,True,True,True,TXMD,True
True,True,True,True,True,True,True,True,True,True,True,TXN,True
True,True,True,True,True,True,True,True,True,True,True,TXNM,True
True,True,True,True,True,True,True,True,True,True,True,TXRH,True
True,True,True,True,True,True,True,True,True,True,True,TXT,True
True,True,True,True,True,True,True,True,True,True,True,TY,True
True,True,True,True,True,True,True,True,True,True,True,TYG,True
True,True,True,True,True,True,True,True,True,True,True,TYGO,True
True,True,True,True,True,True,True,True,True,True,True,TYL,True
True,True,True,True,True,True,True,True,True,True,True,TYRA,True
True,True,True,True,True,True,True,True,True,True,True,TZOO,True
True,True,True,True,True,True,True,True,True,True,True,U,True
True,True,True,True,True,True,True,True,True,True,True,UA,True
True,True,True,True,True,True,True,True,True,True,True,UAA,True
True,True,True,True,True,True,True,True,True,True,True,UAL,True
True,True,True,True,True,True,True,True,True,True,True,UAMY,True
True,True,True,True,True,True,True,True,True,True,True,UAN,True
True,True,True,True,True,True,True,True,True,True,True,UAVS,True
True,True,True,True,True,True,True,True,True,True,True,UBCP,True
True,True,True,True,True,True,True,True,True,True,True,UBER,True
True,True,True,True,True,True,True,True,True,True,True,UBFO,True
True,True,True,True,True,True,True,True,True,True,True,UBS,True
True,True,True,True,True,True,True,True,True,True,True,UBSI,True
True,True,True,True,True,True,True,True,True,True,True,UBX,True
True,True,True,True,True,True,True,True,True,True,True,UCB,True
True,True,True,True,True,True,True,True,True,True,True,UCL,True
True,True,True,True,True,True,True,True,True,True,True,UCTT,True
True,True,True,True,True,True,True,True,True,True,True,UDMY,True
True,True,True,True,True,True,True,True,True,True,True,UDR,True
True,True,True,True,True,True,True,True,True,True,True,UE,True
True,True,True,True,True,True,True,True,True,True,True,UEC,True
True,True,True,True,True,True,True,True,True,True,True,UEIC,True
True,True,True,True,True,True,True,True,True,True,True,UFCS,True
True,True,True,True,True,True,True,True,True,True,True,UFI,True
True,True,True,True,True,True,True,True,True,True,True,UFPI,True
True,True,True,True,True,True,True,True,True,True,True,UFPT,True
True,True,True,True,True,True,True,True,True,True,True,UG,True
True,True,True,True,True,True,True,True,True,True,True,UGI,True
True,True,True,True,True,True,True,True,True,True,True,UGP,True
True,True,True,True,True,True,True,True,True,True,True,UGRO,True
True,True,True,True,True,True,True,True,True,True,True,UHAL,True
True,True,True,True,True,True,True,True,True,True,True,UHG,True
True,True,True,True,True,True,True,True,True,True,True,UHS,True
True,True,True,True,True,True,True,True,True,True,True,UHT,True
True,True,True,True,True,True,True,True,True,True,True,UI,True
True,True,True,True,True,True,True,True,True,True,True,UIS,True
True,True,True,True,True,True,True,True,True,True,True,UK,True
True,True,True,True,True,True,True,True,True,True,True,UL,True
True,True,True,True,True,True,True,True,True,True,True,ULBI,True
True,True,True,True,True,True,True,True,True,True,True,ULCC,True
True,True,True,True,True,True,True,True,True,True,True,ULH,True
True,True,True,True,True,True,True,True,True,True,True,ULTA,True
True,True,True,True,True,True,True,True,True,True,True,UMBF,True
True,True,True,True,True,True,True,True,True,True,True,UMC,True
True,True,True,True,True,True,True,True,True,True,True,UMH,True
True,True,True,True,True,True,True,True,True,True,True,UNB,True
True,True,True,True,True,True,True,True,True,True,True,UNCY,True
True,True,True,True,True,True,True,True,True,True,True,UNF,True
True,True,True,True,True,True,True,True,True,True,True,UNFI,True
True,True,True,True,True,True,True,True,True,True,True,UNH,True
True,True,True,True,True,True,True,True,True,True,True,UNIT,True
True,True,True,True,True,True,True,True,True,True,True,UNM,True
True,True,True,True,True,True,True,True,True,True,True,UNMA,True
True,True,True,True,True,True,True,True,True,True,True,UNP,True
True,True,True,True,True,True,True,True,True,True,True,UNTY,True
True,True,True,True,True,True,True,True,True,True,True,UOKA,True
True,True,True,True,True,True,True,True,True,True,True,UONE,True
True,True,True,True,True,True,True,True,True,True,True,UONEK,True
True,True,True,True,True,True,True,True,True,True,True,UP,True
True,True,True,True,True,True,True,True,True,True,True,UPBD,True
True,True,True,True,True,True,True,True,True,True,True,UPC,True
True,True,True,True,True,True,True,True,True,True,True,UPLD,True
True,True,True,True,True,True,True,True,True,True,True,UPS,True
True,True,True,True,True,True,True,True,True,True,True,UPST,True
True,True,True,True,True,True,True,True,True,True,True,UPWK,True
True,True,True,True,True,True,True,True,True,True,True,UPXI,True
True,True,True,True,True,True,True,True,True,True,True,URBN,True
True,True,True,True,True,True,True,True,True,True,True,URG,True
True,True,True,True,True,True,True,True,True,True,True,URGN,True
True,True,True,True,True,True,True,True,True,True,True,URI,True
True,True,True,True,True,True,True,True,True,True,True,UROY,True
True,True,True,True,True,True,True,True,True,True,True,USA,True
True,True,True,True,True,True,True,True,True,True,True,USAC,True
True,True,True,True,True,True,True,True,True,True,True,USAS,True
True,True,True,True,True,True,True,True,True,True,True,USAU,True
True,True,True,True,True,True,True,True,True,True,True,USB,True
True,True,True,True,True,True,True,True,True,True,True,USCB,True
True,True,True,True,True,True,True,True,True,True,True,USEG,True
True,True,True,True,True,True,True,True,True,True,True,USFD,True
True,True,True,True,True,True,True,True,True,True,True,USIO,True
True,True,True,True,True,True,True,True,True,True,True,USLM,True
True,True,True,True,True,True,True,True,True,True,True,USM,True
True,True,True,True,True,True,True,True,True,True,True,USNA,True
True,True,True,True,True,True,True,True,True,True,True,USPH,True
True,True,True,True,True,True,True,True,True,True,True,UTF,True
True,True,True,True,True,True,True,True,True,True,True,UTG,True
True,True,True,True,True,True,True,True,True,True,True,UTHR,True
True,True,True,True,True,True,True,True,True,True,True,UTI,True
True,True,True,True,True,True,True,True,True,True,True,UTL,True
True,True,True,True,True,True,True,True,True,True,True,UTMD,True
True,True,True,True,True,True,True,True,True,True,True,UTSI,True
True,True,True,True,True,True,True,True,True,True,True,UTZ,True
True,True,True,True,True,True,True,True,True,True,True,UUU,True
True,True,True,True,True,True,True,True,True,True,True,UUUU,True
True,True,True,True,True,True,True,True,True,True,True,UVE,True
True,True,True,True,True,True,True,True,True,True,True,UVSP,True
True,True,True,True,True,True,True,True,True,True,True,UVV,True
True,True,True,True,True,True,True,True,True,True,True,UWMC,True
True,True,True,True,True,True,True,True,True,True,True,UXIN,True
True,True,True,True,True,True,True,True,True,True,True,UZD,True
True,True,True,True,True,True,True,True,True,True,True,UZE,True
True,True,True,True,True,True,True,True,True,True,True,UZF,True
True,True,True,True,True,True,True,True,True,True,True,V,True
True,True,True,True,True,True,True,True,True,True,True,VABK,True
True,True,True,True,True,True,True,True,True,True,True,VAC,True
True,True,True,True,True,True,True,True,True,True,True,VAL,True
True,True,True,True,True,True,True,True,True,True,True,VALE,True
True,True,True,True,True,True,True,True,True,True,True,VALN,True
True,True,True,True,True,True,True,True,True,True,True,VALU,True
True,True,True,True,True,True,True,True,True,True,True,VANI,True
True,True,True,True,True,True,True,True,True,True,True,VAPE,True
True,True,True,True,True,True,True,True,True,True,True,VATE,True
True,True,True,True,True,True,True,True,True,True,True,VBF,True
True,True,True,True,True,True,True,True,True,True,True,VBIX,True
True,True,True,True,True,True,True,True,True,True,True,VBNK,True
True,True,True,True,True,True,True,True,True,True,True,VBTX,True
True,True,True,True,True,True,True,True,True,True,True,VC,True
True,True,True,True,True,True,True,True,True,True,True,VCEL,True
True,True,True,True,True,True,True,True,True,True,True,VCTR,True
True,True,True,True,True,True,True,True,True,True,True,VCV,True
True,True,True,True,True,True,True,True,True,True,True,VCYT,True
True,True,True,True,True,True,True,True,True,True,True,VECO,True
True,True,True,True,True,True,True,True,True,True,True,VEEA,True
True,True,True,True,True,True,True,True,True,True,True,VEEE,True
True,True,True,True,True,True,True,True,True,True,True,VEEV,True
True,True,True,True,True,True,True,True,True,True,True,VEL,True
True,True,True,True,True,True,True,True,True,True,True,VEON,True
True,True,True,True,True,True,True,True,True,True,True,VERA,True
True,True,True,True,True,True,True,True,True,True,True,VERB,True
True,True,True,True,True,True,True,True,True,True,True,VERI,True
True,True,True,True,True,True,True,True,True,True,True,VERO,True
True,True,True,True,True,True,True,True,True,True,True,VERU,True
True,True,True,True,True,True,True,True,True,True,True,VERV,True
True,True,True,True,True,True,True,True,True,True,True,VERX,True
True,True,True,True,True,True,True,True,True,True,True,VET,True
True,True,True,True,True,True,True,True,True,True,True,VFC,True
True,True,True,True,True,True,True,True,True,True,True,VFF,True
True,True,True,True,True,True,True,True,True,True,True,VFL,True
True,True,True,True,True,True,True,True,True,True,True,VGAS,True
True,True,True,True,True,True,True,True,True,True,True,VGI,True
True,True,True,True,True,True,True,True,True,True,True,VGM,True
True,True,True,True,True,True,True,True,True,True,True,VGZ,True
True,True,True,True,True,True,True,True,True,True,True,VHC,True
True,True,True,True,True,True,True,True,True,True,True,VHI,True
True,True,True,True,True,True,True,True,True,True,True,VIASP,True
True,True,True,True,True,True,True,True,True,True,True,VIAV,True
True,True,True,True,True,True,True,True,True,True,True,VICI,True
True,True,True,True,True,True,True,True,True,True,True,VICR,True
True,True,True,True,True,True,True,True,True,True,True,VIGL,True
True,True,True,True,True,True,True,True,True,True,True,VINP,True
True,True,True,True,True,True,True,True,True,True,True,VIOT,True
True,True,True,True,True,True,True,True,True,True,True,VIPS,True
True,True,True,True,True,True,True,True,True,True,True,VIR,True
True,True,True,True,True,True,True,True,True,True,True,VIRC,True
True,True,True,True,True,True,True,True,True,True,True,VIRT,True
True,True,True,True,True,True,True,True,True,True,True,VIST,True
True,True,True,True,True,True,True,True,True,True,True,VITL,True
True,True,True,True,True,True,True,True,True,True,True,VIV,True
True,True,True,True,True,True,True,True,True,True,True,VIVK,True
True,True,True,True,True,True,True,True,True,True,True,VIVS,True
True,True,True,True,True,True,True,True,True,True,True,VKI,True
True,True,True,True,True,True,True,True,True,True,True,VKQ,True
True,True,True,True,True,True,True,True,True,True,True,VKTX,True
True,True,True,True,True,True,True,True,True,True,True,VLCN,True
True,True,True,True,True,True,True,True,True,True,True,VLGEA,True
True,True,True,True,True,True,True,True,True,True,True,VLN,True
True,True,True,True,True,True,True,True,True,True,True,VLO,True
True,True,True,True,True,True,True,True,True,True,True,VLRS,True
True,True,True,True,True,True,True,True,True,True,True,VLT,True
True,True,True,True,True,True,True,True,True,True,True,VLY,True
True,True,True,True,True,True,True,True,True,True,True,VLYPO,True
True,True,True,True,True,True,True,True,True,True,True,VLYPP,True
True,True,True,True,True,True,True,True,True,True,True,VMAR,True
True,True,True,True,True,True,True,True,True,True,True,VMC,True
True,True,True,True,True,True,True,True,True,True,True,VMD,True
True,True,True,True,True,True,True,True,True,True,True,VMEO,True
True,True,True,True,True,True,True,True,True,True,True,VMI,True
True,True,True,True,True,True,True,True,True,True,True,VMO,True
True,True,True,True,True,True,True,True,True,True,True,VNCE,True
True,True,True,True,True,True,True,True,True,True,True,VNDA,True
True,True,True,True,True,True,True,True,True,True,True,VNET,True
True,True,True,True,True,True,True,True,True,True,True,VNO,True
True,True,True,True,True,True,True,True,True,True,True,VNOM,True
True,True,True,True,True,True,True,True,True,True,True,VNRX,True
True,True,True,True,True,True,True,True,True,True,True,VNT,True
True,True,True,True,True,True,True,True,True,True,True,VOC,True
True,True,True,True,True,True,True,True,True,True,True,VOD,True
True,True,True,True,True,True,True,True,True,True,True,VOR,True
True,True,True,True,True,True,True,True,True,True,True,VOXR,True
True,True,True,True,True,True,True,True,True,True,True,VOYA,True
True,True,True,True,True,True,True,True,True,True,True,VPG,True
True,True,True,True,True,True,True,True,True,True,True,VPV,True
True,True,True,True,True,True,True,True,True,True,True,VRA,True
True,True,True,True,True,True,True,True,True,True,True,VRAR,True
True,True,True,True,True,True,True,True,True,True,True,VRCA,True
True,True,True,True,True,True,True,True,True,True,True,VRDN,True
True,True,True,True,True,True,True,True,True,True,True,VRE,True
True,True,True,True,True,True,True,True,True,True,True,VREX,True
True,True,True,True,True,True,True,True,True,True,True,VRME,True
True,True,True,True,True,True,True,True,True,True,True,VRNA,True
True,True,True,True,True,True,True,True,True,True,True,VRNS,True
True,True,True,True,True,True,True,True,True,True,True,VRNT,True
True,True,True,True,True,True,True,True,True,True,True,VRRM,True
True,True,True,True,True,True,True,True,True,True,True,VRSK,True
True,True,True,True,True,True,True,True,True,True,True,VRSN,True
True,True,True,True,True,True,True,True,True,True,True,VRT,True
True,True,True,True,True,True,True,True,True,True,True,VRTS,True
True,True,True,True,True,True,True,True,True,True,True,VRTX,True
True,True,True,True,True,True,True,True,True,True,True,VS,True
True,True,True,True,True,True,True,True,True,True,True,VSA,True
True,True,True,True,True,True,True,True,True,True,True,VSAT,True
True,True,True,True,True,True,True,True,True,True,True,VSCO,True
True,True,True,True,True,True,True,True,True,True,True,VSEC,True
True,True,True,True,True,True,True,True,True,True,True,VSEE,True
True,True,True,True,True,True,True,True,True,True,True,VSH,True
True,True,True,True,True,True,True,True,True,True,True,VSSYW,True
True,True,True,True,True,True,True,True,True,True,True,VST,True
True,True,True,True,True,True,True,True,True,True,True,VSTA,True
True,True,True,True,True,True,True,True,True,True,True,VSTM,True
True,True,True,True,True,True,True,True,True,True,True,VTAK,True
True,True,True,True,True,True,True,True,True,True,True,VTEX,True
True,True,True,True,True,True,True,True,True,True,True,VTGN,True
True,True,True,True,True,True,True,True,True,True,True,VTLE,True
True,True,True,True,True,True,True,True,True,True,True,VTN,True
True,True,True,True,True,True,True,True,True,True,True,VTOL,True
True,True,True,True,True,True,True,True,True,True,True,VTR,True
True,True,True,True,True,True,True,True,True,True,True,VTRS,True
True,True,True,True,True,True,True,True,True,True,True,VTSI,True
True,True,True,True,True,True,True,True,True,True,True,VTVT,True
True,True,True,True,True,True,True,True,True,True,True,VTYX,True
True,True,True,True,True,True,True,True,True,True,True,VUZI,True
True,True,True,True,True,True,True,True,True,True,True,VVOS,True
True,True,True,True,True,True,True,True,True,True,True,VVPR,True
True,True,True,True,True,True,True,True,True,True,True,VVR,True
True,True,True,True,True,True,True,True,True,True,True,VVV,True
True,True,True,True,True,True,True,True,True,True,True,VVX,True
True,True,True,True,True,True,True,True,True,True,True,VXRT,True
True,True,True,True,True,True,True,True,True,True,True,VYGR,True
True,True,True,True,True,True,True,True,True,True,True,VYNE,True
True,True,True,True,True,True,True,True,True,True,True,VYX,True
True,True,True,True,True,True,True,True,True,True,True,VZLA,True
True,True,True,True,True,True,True,True,True,True,True,W,True
True,True,True,True,True,True,True,True,True,True,True,WAB,True
True,True,True,True,True,True,True,True,True,True,True,WABC,True
True,True,True,True,True,True,True,True,True,True,True,WAFD,True
True,True,True,True,True,True,True,True,True,True,True,WAFDP,True
True,True,True,True,True,True,True,True,True,True,True,WAFU,True
True,True,True,True,True,True,True,True,True,True,True,WAL,True
True,True,True,True,True,True,True,True,True,True,True,WALD,True
True,True,True,True,True,True,True,True,True,True,True,WALDW,True
True,True,True,True,True,True,True,True,True,True,True,WASH,True
True,True,True,True,True,True,True,True,True,True,True,WAT,True
True,True,True,True,True,True,True,True,True,True,True,WATT,True
True,True,True,True,True,True,True,True,True,True,True,WAVE,True
True,True,True,True,True,True,True,True,True,True,True,WB,True
True,True,True,True,True,True,True,True,True,True,True,WBA,True
True,True,True,True,True,True,True,True,True,True,True,WBD,True
True,True,True,True,True,True,True,True,True,True,True,WBS,True
True,True,True,True,True,True,True,True,True,True,True,WBX,True
True,True,True,True,True,True,True,True,True,True,True,WCC,True
True,True,True,True,True,True,True,True,True,True,True,WCN,True
True,True,True,True,True,True,True,True,True,True,True,WD,True
True,True,True,True,True,True,True,True,True,True,True,WDAY,True
True,True,True,True,True,True,True,True,True,True,True,WDC,True
True,True,True,True,True,True,True,True,True,True,True,WDFC,True
True,True,True,True,True,True,True,True,True,True,True,WDH,True
True,True,True,True,True,True,True,True,True,True,True,WDI,True
True,True,True,True,True,True,True,True,True,True,True,WDS,True
True,True,True,True,True,True,True,True,True,True,True,WEA,True
True,True,True,True,True,True,True,True,True,True,True,WEAV,True
True,True,True,True,True,True,True,True,True,True,True,WEC,True
True,True,True,True,True,True,True,True,True,True,True,WELL,True
True,True,True,True,True,True,True,True,True,True,True,WEN,True
True,True,True,True,True,True,True,True,True,True,True,WERN,True
True,True,True,True,True,True,True,True,True,True,True,WES,True
True,True,True,True,True,True,True,True,True,True,True,WEST,True
True,True,True,True,True,True,True,True,True,True,True,WEX,True
True,True,True,True,True,True,True,True,True,True,True,WEYS,True
True,True,True,True,True,True,True,True,True,True,True,WF,True
True,True,True,True,True,True,True,True,True,True,True,WFC,True
True,True,True,True,True,True,True,True,True,True,True,WFCF,True
True,True,True,True,True,True,True,True,True,True,True,WFG,True
True,True,True,True,True,True,True,True,True,True,True,WFRD,True
True,True,True,True,True,True,True,True,True,True,True,WGO,True
True,True,True,True,True,True,True,True,True,True,True,WGS,True
True,True,True,True,True,True,True,True,True,True,True,WH,True
True,True,True,True,True,True,True,True,True,True,True,WHD,True
True,True,True,True,True,True,True,True,True,True,True,WHF,True
True,True,True,True,True,True,True,True,True,True,True,WHG,True
True,True,True,True,True,True,True,True,True,True,True,WHLR,True
True,True,True,True,True,True,True,True,True,True,True,WHLRD,True
True,True,True,True,True,True,True,True,True,True,True,WHLRP,True
True,True,True,True,True,True,True,True,True,True,True,WHR,True
True,True,True,True,True,True,True,True,True,True,True,WHWK,True
True,True,True,True,True,True,True,True,True,True,True,WIA,True
True,True,True,True,True,True,True,True,True,True,True,WILC,True
True,True,True,True,True,True,True,True,True,True,True,WIMI,True
True,True,True,True,True,True,True,True,True,True,True,WINA,True
True,True,True,True,True,True,True,True,True,True,True,WING,True
True,True,True,True,True,True,True,True,True,True,True,WINT,True
True,True,True,True,True,True,True,True,True,True,True,WIT,True
True,True,True,True,True,True,True,True,True,True,True,WIW,True
True,True,True,True,True,True,True,True,True,True,True,WIX,True
True,True,True,True,True,True,True,True,True,True,True,WK,True
True,True,True,True,True,True,True,True,True,True,True,WKC,True
True,True,True,True,True,True,True,True,True,True,True,WKEY,True
True,True,True,True,True,True,True,True,True,True,True,WKHS,True
True,True,True,True,True,True,True,True,True,True,True,WKSP,True
True,True,True,True,True,True,True,True,True,True,True,WLDN,True
True,True,True,True,True,True,True,True,True,True,True,WLFC,True
True,True,True,True,True,True,True,True,True,True,True,WLK,True
True,True,True,True,True,True,True,True,True,True,True,WLKP,True
True,True,True,True,True,True,True,True,True,True,True,WLY,True
True,True,True,True,True,True,True,True,True,True,True,WLYB,True
True,True,True,True,True,True,True,True,True,True,True,WM,True
True,True,True,True,True,True,True,True,True,True,True,WMB,True
True,True,True,True,True,True,True,True,True,True,True,WMG,True
True,True,True,True,True,True,True,True,True,True,True,WMK,True
True,True,True,True,True,True,True,True,True,True,True,WMS,True
True,True,True,True,True,True,True,True,True,True,True,WMT,True
True,True,True,True,True,True,True,True,True,True,True,WNC,True
True,True,True,True,True,True,True,True,True,True,True,WNEB,True
True,True,True,True,True,True,True,True,True,True,True,WNS,True
True,True,True,True,True,True,True,True,True,True,True,WNW,True
True,True,True,True,True,True,True,True,True,True,True,WOLF,True
True,True,True,True,True,True,True,True,True,True,True,WOOF,True
True,True,True,True,True,True,True,True,True,True,True,WOR,True
True,True,True,True,True,True,True,True,True,True,True,WORX,True
True,True,True,True,True,True,True,True,True,True,True,WOW,True
True,True,True,True,True,True,True,True,True,True,True,WPC,True
True,True,True,True,True,True,True,True,True,True,True,WPM,True
True,True,True,True,True,True,True,True,True,True,True,WPP,True
True,True,True,True,True,True,True,True,True,True,True,WPRT,True
True,True,True,True,True,True,True,True,True,True,True,WRAP,True
True,True,True,True,True,True,True,True,True,True,True,WRB,True
True,True,True,True,True,True,True,True,True,True,True,WRBY,True
True,True,True,True,True,True,True,True,True,True,True,WRLD,True
True,True,True,True,True,True,True,True,True,True,True,WRN,True
True,True,True,True,True,True,True,True,True,True,True,WSBC,True
True,True,True,True,True,True,True,True,True,True,True,WSBCP,True
True,True,True,True,True,True,True,True,True,True,True,WSBF,True
True,True,True,True,True,True,True,True,True,True,True,WSC,True
True,True,True,True,True,True,True,True,True,True,True,WSFS,True
True,True,True,True,True,True,True,True,True,True,True,WSM,True
True,True,True,True,True,True,True,True,True,True,True,WSO,True
True,True,True,True,True,True,True,True,True,True,True,WSR,True
True,True,True,True,True,True,True,True,True,True,True,WST,True
True,True,True,True,True,True,True,True,True,True,True,WT,True
True,True,True,True,True,True,True,True,True,True,True,WTBA,True
True,True,True,True,True,True,True,True,True,True,True,WTFC,True
True,True,True,True,True,True,True,True,True,True,True,WTFCM,True
True,True,True,True,True,True,True,True,True,True,True,WTFCP,True
True,True,True,True,True,True,True,True,True,True,True,WTI,True
True,True,True,True,True,True,True,True,True,True,True,WTM,True
True,True,True,True,True,True,True,True,True,True,True,WTO,True
True,True,True,True,True,True,True,True,True,True,True,WTRG,True
True,True,True,True,True,True,True,True,True,True,True,WTS,True
True,True,True,True,True,True,True,True,True,True,True,WTTR,True
True,True,True,True,True,True,True,True,True,True,True,WTW,True
True,True,True,True,True,True,True,True,True,True,True,WU,True
True,True,True,True,True,True,True,True,True,True,True,WULF,True
True,True,True,True,True,True,True,True,True,True,True,WVE,True
True,True,True,True,True,True,True,True,True,True,True,WVVI,True
True,True,True,True,True,True,True,True,True,True,True,WVVIP,True
True,True,True,True,True,True,True,True,True,True,True,WWD,True
True,True,True,True,True,True,True,True,True,True,True,WWR,True
True,True,True,True,True,True,True,True,True,True,True,WWW,True
True,True,True,True,True,True,True,True,True,True,True,WY,True
True,True,True,True,True,True,True,True,True,True,True,WYNN,True
True,True,True,True,True,True,True,True,True,True,True,WYY,True
True,True,True,True,True,True,True,True,True,True,True,X,True
True,True,True,True,True,True,True,True,True,True,True,XAGE,True
True,True,True,True,True,True,True,True,True,True,True,XAIR,True
True,True,True,True,True,True,True,True,True,True,True,XBIO,True
True,True,True,True,True,True,True,True,True,True,True,XBIT,True
True,True,True,True,True,True,True,True,True,True,True,XBP,True
True,True,True,True,True,True,True,True,True,True,True,XCUR,True
True,True,True,True,True,True,True,True,True,True,True,XEL,True
True,True,True,True,True,True,True,True,True,True,True,XELB,True
True,True,True,True,True,True,True,True,True,True,True,XENE,True
True,True,True,True,True,True,True,True,True,True,True,XERS,True
True,True,True,True,True,True,True,True,True,True,True,XFLT,True
True,True,True,True,True,True,True,True,True,True,True,XFOR,True
True,True,True,True,True,True,True,True,True,True,True,XGN,True
True,True,True,True,True,True,True,True,True,True,True,XHG,True
True,True,True,True,True,True,True,True,True,True,True,XHR,True
True,True,True,True,True,True,True,True,True,True,True,XIFR,True
True,True,True,True,True,True,True,True,True,True,True,XIN,True
True,True,True,True,True,True,True,True,True,True,True,XLO,True
True,True,True,True,True,True,True,True,True,True,True,XMTR,True
True,True,True,True,True,True,True,True,True,True,True,XNCR,True
True,True,True,True,True,True,True,True,True,True,True,XNET,True
True,True,True,True,True,True,True,True,True,True,True,XOM,True
True,True,True,True,True,True,True,True,True,True,True,XOMA,True
True,True,True,True,True,True,True,True,True,True,True,XOMAO,True
True,True,True,True,True,True,True,True,True,True,True,XOMAP,True
True,True,True,True,True,True,True,True,True,True,True,XOS,True
True,True,True,True,True,True,True,True,True,True,True,XP,True
True,True,True,True,True,True,True,True,True,True,True,XPEL,True
True,True,True,True,True,True,True,True,True,True,True,XPEV,True
True,True,True,True,True,True,True,True,True,True,True,XPL,True
True,True,True,True,True,True,True,True,True,True,True,XPO,True
True,True,True,True,True,True,True,True,True,True,True,XPOF,True
True,True,True,True,True,True,True,True,True,True,True,XPRO,True
True,True,True,True,True,True,True,True,True,True,True,XRAY,True
True,True,True,True,True,True,True,True,True,True,True,XRTX,True
True,True,True,True,True,True,True,True,True,True,True,XRX,True
True,True,True,True,True,True,True,True,True,True,True,XTIA,True
True,True,True,True,True,True,True,True,True,True,True,XTKG,True
True,True,True,True,True,True,True,True,True,True,True,XTLB,True
True,True,True,True,True,True,True,True,True,True,True,XTNT,True
True,True,True,True,True,True,True,True,True,True,True,XWEL,True
True,True,True,True,True,True,True,True,True,True,True,XXII,True
True,True,True,True,True,True,True,True,True,True,True,XYF,True
True,True,True,True,True,True,True,True,True,True,True,XYL,True
True,True,True,True,True,True,True,True,True,True,True,XYLO,True
True,True,True,True,True,True,True,True,True,True,True,XYZ,True
True,True,True,True,True,True,True,True,True,True,True,YALA,True
True,True,True,True,True,True,True,True,True,True,True,YCBD,True
True,True,True,True,True,True,True,True,True,True,True,YELP,True
True,True,True,True,True,True,True,True,True,True,True,YETI,True
True,True,True,True,True,True,True,True,True,True,True,YEXT,True
True,True,True,True,True,True,True,True,True,True,True,YGMZ,True
True,True,True,True,True,True,True,True,True,True,True,YHGJ,True
True,True,True,True,True,True,True,True,True,True,True,YI,True
True,True,True,True,True,True,True,True,True,True,True,YJ,True
True,True,True,True,True,True,True,True,True,True,True,YMAB,True
True,True,True,True,True,True,True,True,True,True,True,YMM,True
True,True,True,True,True,True,True,True,True,True,True,YORW,True
True,True,True,True,True,True,True,True,True,True,True,YOU,True
True,True,True,True,True,True,True,True,True,True,True,YPF,True
True,True,True,True,True,True,True,True,True,True,True,YQ,True
True,True,True,True,True,True,True,True,True,True,True,YRD,True
True,True,True,True,True,True,True,True,True,True,True,YSG,True
True,True,True,True,True,True,True,True,True,True,True,YTRA,True
True,True,True,True,True,True,True,True,True,True,True,YUM,True
True,True,True,True,True,True,True,True,True,True,True,YUMC,True
True,True,True,True,True,True,True,True,True,True,True,YYAI,True
True,True,True,True,True,True,True,True,True,True,True,Z,True
True,True,True,True,True,True,True,True,True,True,True,ZBAI,True
True,True,True,True,True,True,True,True,True,True,True,ZBH,True
True,True,True,True,True,True,True,True,True,True,True,ZBRA,True
True,True,True,True,True,True,True,True,True,True,True,ZCMD,True
True,True,True,True,True,True,True,True,True,True,True,ZD,True
True,True,True,True,True,True,True,True,True,True,True,ZDGE,True
True,True,True,True,True,True,True,True,True,True,True,ZENV,True
True,True,True,True,True,True,True,True,True,True,True,ZEO,True
True,True,True,True,True,True,True,True,True,True,True,ZEPP,True
True,True,True,True,True,True,True,True,True,True,True,ZETA,True
True,True,True,True,True,True,True,True,True,True,True,ZEUS,True
True,True,True,True,True,True,True,True,True,True,True,ZG,True
True,True,True,True,True,True,True,True,True,True,True,ZGN,True
True,True,True,True,True,True,True,True,True,True,True,ZH,True
True,True,True,True,True,True,True,True,True,True,True,ZIM,True
True,True,True,True,True,True,True,True,True,True,True,ZIMV,True
True,True,True,True,True,True,True,True,True,True,True,ZION,True
True,True,True,True,True,True,True,True,True,True,True,ZIONP,True
True,True,True,True,True,True,True,True,True,True,True,ZIP,True
True,True,True,True,True,True,True,True,True,True,True,ZKIN,True
True,True,True,True,True,True,True,True,True,True,True,ZLAB,True
True,True,True,True,True,True,True,True,True,True,True,ZM,True
True,True,True,True,True,True,True,True,True,True,True,ZNTL,True
True,True,True,True,True,True,True,True,True,True,True,ZS,True
True,True,True,True,True,True,True,True,True,True,True,ZTEK,True
True,True,True,True,True,True,True,True,True,True,True,ZTO,True
True,True,True,True,True,True,True,True,True,True,True,ZTR,True
True,True,True,True,True,True,True,True,True,True,True,ZTS,True
True,True,True,True,True,True,True,True,True,True,True,ZUMZ,True
True,True,True,True,True,True,True,True,True,True,True,ZVIA,True
True,True,True,True,True,True,True,True,True,True,True,ZVRA,True
True,True,True,True,True,True,True,True,True,True,True,ZVSA,True
True,True,True,True,True,True,True,True,True,True,True,ZWS,True
True,True,True,True,True,True,True,True,True,True,True,ZYME,True
True,True,True,True,True,True,True,True,True,True,True,ZYXI,True
